BEGIN TRANSACTION;

CREATE TABLE estado (
    id integer PRIMARY KEY NOT NULL,
    nome TEXT,
    uf varchar(2)
);
INSERT INTO estado VALUES(11,'Rondônia','RO');
INSERT INTO estado VALUES(12,'Acre','AC');
INSERT INTO estado VALUES(13,'Amazonas','AM');
INSERT INTO estado VALUES(14,'Roraima','RR');
INSERT INTO estado VALUES(15,'Pará','PA');
INSERT INTO estado VALUES(16,'Amapá','AP');
INSERT INTO estado VALUES(17,'Tocantins','TO');
INSERT INTO estado VALUES(21,'Maranhão','MA');
INSERT INTO estado VALUES(22,'Piauí','PI');
INSERT INTO estado VALUES(23,'Ceará','CE');
INSERT INTO estado VALUES(24,'Rio Grande do Norte','RN');
INSERT INTO estado VALUES(25,'Paraíba','PB');
INSERT INTO estado VALUES(26,'Pernambuco','PE');
INSERT INTO estado VALUES(27,'Alagoas','AL');
INSERT INTO estado VALUES(28,'Sergipe','SE');
INSERT INTO estado VALUES(29,'Bahia','BA');
INSERT INTO estado VALUES(31,'Minas Gerais','MG');
INSERT INTO estado VALUES(32,'Espírito Santo','ES');
INSERT INTO estado VALUES(33,'Rio de Janeiro','RJ');
INSERT INTO estado VALUES(35,'São Paulo','SP');
INSERT INTO estado VALUES(41,'Paraná','PR');
INSERT INTO estado VALUES(42,'Santa Catarina','SC');
INSERT INTO estado VALUES(43,'Rio Grande do Sul','RS');
INSERT INTO estado VALUES(50,'Mato Grosso do Sul','MS');
INSERT INTO estado VALUES(51,'Mato Grosso','MT');
INSERT INTO estado VALUES(52,'Goiás','GO');
INSERT INTO estado VALUES(53,'Distrito Federal','DF');


CREATE TABLE cidade (
    id integer PRIMARY KEY NOT NULL,
    nome TEXT,
    codigo_ibge TEXT,
    estado_id integer references estado (id)
);
INSERT INTO cidade VALUES(1100015,'ALTA FLORESTA D''OESTE','1100015',11);
INSERT INTO cidade VALUES(1100023,'ARIQUEMES','1100023',11);
INSERT INTO cidade VALUES(1100031,'CABIXI','1100031',11);
INSERT INTO cidade VALUES(1100049,'CACOAL','1100049',11);
INSERT INTO cidade VALUES(1100056,'CEREJEIRAS','1100056',11);
INSERT INTO cidade VALUES(1100064,'COLORADO DO OESTE','1100064',11);
INSERT INTO cidade VALUES(1100072,'CORUMBIARA','1100072',11);
INSERT INTO cidade VALUES(1100080,'COSTA MARQUES','1100080',11);
INSERT INTO cidade VALUES(1100098,'ESPIGAO D''OESTE','1100098',11);
INSERT INTO cidade VALUES(1100106,'GUAJARA-MIRIM','1100106',11);
INSERT INTO cidade VALUES(1100114,'JARU','1100114',11);
INSERT INTO cidade VALUES(1100122,'JI-PARANA','1100122',11);
INSERT INTO cidade VALUES(1100130,'MACHADINHO D''OESTE','1100130',11);
INSERT INTO cidade VALUES(1100148,'NOVA BRASILANDIA D''OESTE','1100148',11);
INSERT INTO cidade VALUES(1100155,'OURO PRETO DO OESTE','1100155',11);
INSERT INTO cidade VALUES(1100189,'PIMENTA BUENO','1100189',11);
INSERT INTO cidade VALUES(1100205,'PORTO VELHO','1100205',11);
INSERT INTO cidade VALUES(1100254,'PRESIDENTE MEDICI','1100254',11);
INSERT INTO cidade VALUES(1100262,'RIO CRESPO','1100262',11);
INSERT INTO cidade VALUES(1100288,'ROLIM DE MOURA','1100288',11);
INSERT INTO cidade VALUES(1100296,'SANTA LUZIA D''OESTE','1100296',11);
INSERT INTO cidade VALUES(1100304,'VILHENA','1100304',11);
INSERT INTO cidade VALUES(1100320,'SAO MIGUEL DO GUAPORE','1100320',11);
INSERT INTO cidade VALUES(1100338,'NOVA MAMORE','1100338',11);
INSERT INTO cidade VALUES(1100346,'ALVORADA D''OESTE','1100346',11);
INSERT INTO cidade VALUES(1100379,'ALTO ALEGRE DOS PARECIS','1100379',11);
INSERT INTO cidade VALUES(1100403,'ALTO PARAISO','1100403',11);
INSERT INTO cidade VALUES(1100452,'BURITIS','1100452',11);
INSERT INTO cidade VALUES(1100502,'NOVO HORIZONTE DO OESTE','1100502',11);
INSERT INTO cidade VALUES(1100601,'CACAULANDIA','1100601',11);
INSERT INTO cidade VALUES(1100700,'CAMPO NOVO DE RONDONIA','1100700',11);
INSERT INTO cidade VALUES(1100809,'CANDEIAS DO JAMARI','1100809',11);
INSERT INTO cidade VALUES(1100908,'CASTANHEIRAS','1100908',11);
INSERT INTO cidade VALUES(1100924,'CHUPINGUAIA','1100924',11);
INSERT INTO cidade VALUES(1100940,'CUJUBIM','1100940',11);
INSERT INTO cidade VALUES(1101005,'GOVERNADOR JORGE TEIXEIRA','1101005',11);
INSERT INTO cidade VALUES(1101104,'ITAPUA DO OESTE','1101104',11);
INSERT INTO cidade VALUES(1101203,'MINISTRO ANDREAZZA','1101203',11);
INSERT INTO cidade VALUES(1101302,'MIRANTE DA SERRA','1101302',11);
INSERT INTO cidade VALUES(1101401,'MONTE NEGRO','1101401',11);
INSERT INTO cidade VALUES(1101435,'NOVA UNIAO','1101435',11);
INSERT INTO cidade VALUES(1101450,'PARECIS','1101450',11);
INSERT INTO cidade VALUES(1101468,'PIMENTEIRAS DO OESTE','1101468',11);
INSERT INTO cidade VALUES(1101476,'PRIMAVERA DE RONDONIA','1101476',11);
INSERT INTO cidade VALUES(1101484,'SAO FELIPE D''OESTE','1101484',11);
INSERT INTO cidade VALUES(1101492,'SAO FRANCISCO DO GUAPORE','1101492',11);
INSERT INTO cidade VALUES(1101500,'SERINGUEIRAS','1101500',11);
INSERT INTO cidade VALUES(1101559,'TEIXEIROPOLIS','1101559',11);
INSERT INTO cidade VALUES(1101609,'THEOBROMA','1101609',11);
INSERT INTO cidade VALUES(1101708,'URUPA','1101708',11);
INSERT INTO cidade VALUES(1101757,'VALE DO ANARI','1101757',11);
INSERT INTO cidade VALUES(1101807,'VALE DO PARAISO','1101807',11);
INSERT INTO cidade VALUES(1200013,'ACRELANDIA','1200013',12);
INSERT INTO cidade VALUES(1200054,'ASSIS BRASIL','1200054',12);
INSERT INTO cidade VALUES(1200104,'BRASILEIA','1200104',12);
INSERT INTO cidade VALUES(1200138,'BUJARI','1200138',12);
INSERT INTO cidade VALUES(1200179,'CAPIXABA','1200179',12);
INSERT INTO cidade VALUES(1200203,'CRUZEIRO DO SUL','1200203',12);
INSERT INTO cidade VALUES(1200252,'EPITACIOLANDIA','1200252',12);
INSERT INTO cidade VALUES(1200302,'FEIJO','1200302',12);
INSERT INTO cidade VALUES(1200328,'JORDAO','1200328',12);
INSERT INTO cidade VALUES(1200336,'MANCIO LIMA','1200336',12);
INSERT INTO cidade VALUES(1200344,'MANOEL URBANO','1200344',12);
INSERT INTO cidade VALUES(1200351,'MARECHAL THAUMATURGO','1200351',12);
INSERT INTO cidade VALUES(1200385,'PLACIDO DE CASTRO','1200385',12);
INSERT INTO cidade VALUES(1200393,'PORTO WALTER','1200393',12);
INSERT INTO cidade VALUES(1200401,'RIO BRANCO','1200401',12);
INSERT INTO cidade VALUES(1200427,'RODRIGUES ALVES','1200427',12);
INSERT INTO cidade VALUES(1200435,'SANTA ROSA DO PURUS','1200435',12);
INSERT INTO cidade VALUES(1200450,'SENADOR GUIOMARD','1200450',12);
INSERT INTO cidade VALUES(1200500,'SENA MADUREIRA','1200500',12);
INSERT INTO cidade VALUES(1200609,'TARAUACA','1200609',12);
INSERT INTO cidade VALUES(1200708,'XAPURI','1200708',12);
INSERT INTO cidade VALUES(1200807,'PORTO ACRE','1200807',12);
INSERT INTO cidade VALUES(1300029,'ALVARAES','1300029',13);
INSERT INTO cidade VALUES(1300060,'AMATURA','1300060',13);
INSERT INTO cidade VALUES(1300086,'ANAMA','1300086',13);
INSERT INTO cidade VALUES(1300102,'ANORI','1300102',13);
INSERT INTO cidade VALUES(1300144,'APUI','1300144',13);
INSERT INTO cidade VALUES(1300201,'ATALAIA DO NORTE','1300201',13);
INSERT INTO cidade VALUES(1300300,'AUTAZES','1300300',13);
INSERT INTO cidade VALUES(1300409,'BARCELOS','1300409',13);
INSERT INTO cidade VALUES(1300508,'BARREIRINHA','1300508',13);
INSERT INTO cidade VALUES(1300607,'BENJAMIN CONSTANT','1300607',13);
INSERT INTO cidade VALUES(1300631,'BERURI','1300631',13);
INSERT INTO cidade VALUES(1300680,'BOA VISTA DO RAMOS','1300680',13);
INSERT INTO cidade VALUES(1300706,'BOCA DO ACRE','1300706',13);
INSERT INTO cidade VALUES(1300805,'BORBA','1300805',13);
INSERT INTO cidade VALUES(1300839,'CAAPIRANGA','1300839',13);
INSERT INTO cidade VALUES(1300904,'CANUTAMA','1300904',13);
INSERT INTO cidade VALUES(1301001,'CARAUARI','1301001',13);
INSERT INTO cidade VALUES(1301100,'CAREIRO','1301100',13);
INSERT INTO cidade VALUES(1301159,'CAREIRO DA VARZEA','1301159',13);
INSERT INTO cidade VALUES(1301209,'COARI','1301209',13);
INSERT INTO cidade VALUES(1301308,'CODAJAS','1301308',13);
INSERT INTO cidade VALUES(1301407,'EIRUNEPE','1301407',13);
INSERT INTO cidade VALUES(1301506,'ENVIRA','1301506',13);
INSERT INTO cidade VALUES(1301605,'FONTE BOA','1301605',13);
INSERT INTO cidade VALUES(1301654,'GUAJARA','1301654',13);
INSERT INTO cidade VALUES(1301704,'HUMAITA','1301704',13);
INSERT INTO cidade VALUES(1301803,'IPIXUNA','1301803',13);
INSERT INTO cidade VALUES(1301852,'IRANDUBA','1301852',13);
INSERT INTO cidade VALUES(1301902,'ITACOATIARA','1301902',13);
INSERT INTO cidade VALUES(1301951,'ITAMARATI','1301951',13);
INSERT INTO cidade VALUES(1302009,'ITAPIRANGA','1302009',13);
INSERT INTO cidade VALUES(1302108,'JAPURA','1302108',13);
INSERT INTO cidade VALUES(1302207,'JURUA','1302207',13);
INSERT INTO cidade VALUES(1302306,'JUTAI','1302306',13);
INSERT INTO cidade VALUES(1302405,'LABREA','1302405',13);
INSERT INTO cidade VALUES(1302504,'MANACAPURU','1302504',13);
INSERT INTO cidade VALUES(1302553,'MANAQUIRI','1302553',13);
INSERT INTO cidade VALUES(1302603,'MANAUS','1302603',13);
INSERT INTO cidade VALUES(1302702,'MANICORE','1302702',13);
INSERT INTO cidade VALUES(1302801,'MARAA','1302801',13);
INSERT INTO cidade VALUES(1302900,'MAUES','1302900',13);
INSERT INTO cidade VALUES(1303007,'NHAMUNDA','1303007',13);
INSERT INTO cidade VALUES(1303106,'NOVA OLINDA DO NORTE','1303106',13);
INSERT INTO cidade VALUES(1303205,'NOVO AIRAO','1303205',13);
INSERT INTO cidade VALUES(1303304,'NOVO ARIPUANA','1303304',13);
INSERT INTO cidade VALUES(1303403,'PARINTINS','1303403',13);
INSERT INTO cidade VALUES(1303502,'PAUINI','1303502',13);
INSERT INTO cidade VALUES(1303536,'PRESIDENTE FIGUEIREDO','1303536',13);
INSERT INTO cidade VALUES(1303569,'RIO PRETO DA EVA','1303569',13);
INSERT INTO cidade VALUES(1303601,'SANTA ISABEL DO RIO NEGRO','1303601',13);
INSERT INTO cidade VALUES(1303700,'SANTO ANTONIO DO ICA','1303700',13);
INSERT INTO cidade VALUES(1303809,'SAO GABRIEL DA CACHOEIRA','1303809',13);
INSERT INTO cidade VALUES(1303908,'SAO PAULO DE OLIVENCA','1303908',13);
INSERT INTO cidade VALUES(1303957,'SAO SEBASTIAO DO UATUMA','1303957',13);
INSERT INTO cidade VALUES(1304005,'SILVES','1304005',13);
INSERT INTO cidade VALUES(1304062,'TABATINGA','1304062',13);
INSERT INTO cidade VALUES(1304104,'TAPAUA','1304104',13);
INSERT INTO cidade VALUES(1304203,'TEFE','1304203',13);
INSERT INTO cidade VALUES(1304237,'TONANTINS','1304237',13);
INSERT INTO cidade VALUES(1304260,'UARINI','1304260',13);
INSERT INTO cidade VALUES(1304302,'URUCARA','1304302',13);
INSERT INTO cidade VALUES(1304401,'URUCURITUBA','1304401',13);
INSERT INTO cidade VALUES(1400027,'AMAJARI','1400027',14);
INSERT INTO cidade VALUES(1400050,'ALTO ALEGRE','1400050',14);
INSERT INTO cidade VALUES(1400100,'BOA VISTA','1400100',14);
INSERT INTO cidade VALUES(1400159,'BONFIM','1400159',14);
INSERT INTO cidade VALUES(1400175,'CANTA','1400175',14);
INSERT INTO cidade VALUES(1400209,'CARACARAI','1400209',14);
INSERT INTO cidade VALUES(1400233,'CAROEBE','1400233',14);
INSERT INTO cidade VALUES(1400282,'IRACEMA','1400282',14);
INSERT INTO cidade VALUES(1400308,'MUCAJAI','1400308',14);
INSERT INTO cidade VALUES(1400407,'NORMANDIA','1400407',14);
INSERT INTO cidade VALUES(1400456,'PACARAIMA','1400456',14);
INSERT INTO cidade VALUES(1400472,'RORAINOPOLIS','1400472',14);
INSERT INTO cidade VALUES(1400506,'SAO JOAO DA BALIZA','1400506',14);
INSERT INTO cidade VALUES(1400605,'SAO LUIZ','1400605',14);
INSERT INTO cidade VALUES(1400704,'UIRAMUTA','1400704',14);
INSERT INTO cidade VALUES(1500107,'ABAETETUBA','1500107',15);
INSERT INTO cidade VALUES(1500131,'ABEL FIGUEIREDO','1500131',15);
INSERT INTO cidade VALUES(1500206,'ACARA','1500206',15);
INSERT INTO cidade VALUES(1500305,'AFUA','1500305',15);
INSERT INTO cidade VALUES(1500347,'AGUA AZUL DO NORTE','1500347',15);
INSERT INTO cidade VALUES(1500404,'ALENQUER','1500404',15);
INSERT INTO cidade VALUES(1500503,'ALMEIRIM','1500503',15);
INSERT INTO cidade VALUES(1500602,'ALTAMIRA','1500602',15);
INSERT INTO cidade VALUES(1500701,'ANAJAS','1500701',15);
INSERT INTO cidade VALUES(1500800,'ANANINDEUA','1500800',15);
INSERT INTO cidade VALUES(1500859,'ANAPU','1500859',15);
INSERT INTO cidade VALUES(1500909,'AUGUSTO CORREA','1500909',15);
INSERT INTO cidade VALUES(1500958,'AURORA DO PARA','1500958',15);
INSERT INTO cidade VALUES(1501006,'AVEIRO','1501006',15);
INSERT INTO cidade VALUES(1501105,'BAGRE','1501105',15);
INSERT INTO cidade VALUES(1501204,'BAIAO','1501204',15);
INSERT INTO cidade VALUES(1501253,'BANNACH','1501253',15);
INSERT INTO cidade VALUES(1501303,'BARCARENA','1501303',15);
INSERT INTO cidade VALUES(1501402,'BELEM','1501402',15);
INSERT INTO cidade VALUES(1501451,'BELTERRA','1501451',15);
INSERT INTO cidade VALUES(1501501,'BENEVIDES','1501501',15);
INSERT INTO cidade VALUES(1501576,'BOM JESUS DO TOCANTINS','1501576',15);
INSERT INTO cidade VALUES(1501600,'BONITO','1501600',15);
INSERT INTO cidade VALUES(1501709,'BRAGANCA','1501709',15);
INSERT INTO cidade VALUES(1501725,'BRASIL NOVO','1501725',15);
INSERT INTO cidade VALUES(1501758,'BREJO GRANDE DO ARAGUAIA','1501758',15);
INSERT INTO cidade VALUES(1501782,'BREU BRANCO','1501782',15);
INSERT INTO cidade VALUES(1501808,'BREVES','1501808',15);
INSERT INTO cidade VALUES(1501907,'BUJARU','1501907',15);
INSERT INTO cidade VALUES(1501956,'CACHOEIRA DO PIRIA','1501956',15);
INSERT INTO cidade VALUES(1502004,'CACHOEIRA DO ARARI','1502004',15);
INSERT INTO cidade VALUES(1502103,'CAMETA','1502103',15);
INSERT INTO cidade VALUES(1502152,'CANAA DOS CARAJAS','1502152',15);
INSERT INTO cidade VALUES(1502202,'CAPANEMA','1502202',15);
INSERT INTO cidade VALUES(1502301,'CAPITAO POCO','1502301',15);
INSERT INTO cidade VALUES(1502400,'CASTANHAL','1502400',15);
INSERT INTO cidade VALUES(1502509,'CHAVES','1502509',15);
INSERT INTO cidade VALUES(1502608,'COLARES','1502608',15);
INSERT INTO cidade VALUES(1502707,'CONCEICAO DO ARAGUAIA','1502707',15);
INSERT INTO cidade VALUES(1502756,'CONCORDIA DO PARA','1502756',15);
INSERT INTO cidade VALUES(1502764,'CUMARU DO NORTE','1502764',15);
INSERT INTO cidade VALUES(1502772,'CURIONOPOLIS','1502772',15);
INSERT INTO cidade VALUES(1502806,'CURRALINHO','1502806',15);
INSERT INTO cidade VALUES(1502855,'CURUA','1502855',15);
INSERT INTO cidade VALUES(1502905,'CURUCA','1502905',15);
INSERT INTO cidade VALUES(1502939,'DOM ELISEU','1502939',15);
INSERT INTO cidade VALUES(1502954,'ELDORADO DOS CARAJAS','1502954',15);
INSERT INTO cidade VALUES(1503002,'FARO','1503002',15);
INSERT INTO cidade VALUES(1503044,'FLORESTA DO ARAGUAIA','1503044',15);
INSERT INTO cidade VALUES(1503077,'GARRAFAO DO NORTE','1503077',15);
INSERT INTO cidade VALUES(1503093,'GOIANESIA DO PARA','1503093',15);
INSERT INTO cidade VALUES(1503101,'GURUPA','1503101',15);
INSERT INTO cidade VALUES(1503200,'IGARAPE-ACU','1503200',15);
INSERT INTO cidade VALUES(1503309,'IGARAPE-MIRI','1503309',15);
INSERT INTO cidade VALUES(1503408,'INHANGAPI','1503408',15);
INSERT INTO cidade VALUES(1503457,'IPIXUNA DO PARA','1503457',15);
INSERT INTO cidade VALUES(1503507,'IRITUIA','1503507',15);
INSERT INTO cidade VALUES(1503606,'ITAITUBA','1503606',15);
INSERT INTO cidade VALUES(1503705,'ITUPIRANGA','1503705',15);
INSERT INTO cidade VALUES(1503754,'JACAREACANGA','1503754',15);
INSERT INTO cidade VALUES(1503804,'JACUNDA','1503804',15);
INSERT INTO cidade VALUES(1503903,'JURUTI','1503903',15);
INSERT INTO cidade VALUES(1504000,'LIMOEIRO DO AJURU','1504000',15);
INSERT INTO cidade VALUES(1504059,'MAE DO RIO','1504059',15);
INSERT INTO cidade VALUES(1504109,'MAGALHAES BARATA','1504109',15);
INSERT INTO cidade VALUES(1504208,'MARABA','1504208',15);
INSERT INTO cidade VALUES(1504307,'MARACANA','1504307',15);
INSERT INTO cidade VALUES(1504406,'MARAPANIM','1504406',15);
INSERT INTO cidade VALUES(1504422,'MARITUBA','1504422',15);
INSERT INTO cidade VALUES(1504455,'MEDICILANDIA','1504455',15);
INSERT INTO cidade VALUES(1504505,'MELGACO','1504505',15);
INSERT INTO cidade VALUES(1504604,'MOCAJUBA','1504604',15);
INSERT INTO cidade VALUES(1504703,'MOJU','1504703',15);
INSERT INTO cidade VALUES(1504802,'MONTE ALEGRE','1504802',15);
INSERT INTO cidade VALUES(1504901,'MUANA','1504901',15);
INSERT INTO cidade VALUES(1504950,'NOVA ESPERANCA DO PIRIA','1504950',15);
INSERT INTO cidade VALUES(1504976,'NOVA IPIXUNA','1504976',15);
INSERT INTO cidade VALUES(1505007,'NOVA TIMBOTEUA','1505007',15);
INSERT INTO cidade VALUES(1505031,'NOVO PROGRESSO','1505031',15);
INSERT INTO cidade VALUES(1505064,'NOVO REPARTIMENTO','1505064',15);
INSERT INTO cidade VALUES(1505106,'OBIDOS','1505106',15);
INSERT INTO cidade VALUES(1505205,'OEIRAS DO PARA','1505205',15);
INSERT INTO cidade VALUES(1505304,'ORIXIMINA','1505304',15);
INSERT INTO cidade VALUES(1505403,'OUREM','1505403',15);
INSERT INTO cidade VALUES(1505437,'OURILANDIA DO NORTE','1505437',15);
INSERT INTO cidade VALUES(1505486,'PACAJA','1505486',15);
INSERT INTO cidade VALUES(1505494,'PALESTINA DO PARA','1505494',15);
INSERT INTO cidade VALUES(1505502,'PARAGOMINAS','1505502',15);
INSERT INTO cidade VALUES(1505536,'PARAUAPEBAS','1505536',15);
INSERT INTO cidade VALUES(1505551,'PAU D''ARCO','1505551',15);
INSERT INTO cidade VALUES(1505601,'PEIXE-BOI','1505601',15);
INSERT INTO cidade VALUES(1505635,'PICARRA','1505635',15);
INSERT INTO cidade VALUES(1505650,'PLACAS','1505650',15);
INSERT INTO cidade VALUES(1505700,'PONTA DE PEDRAS','1505700',15);
INSERT INTO cidade VALUES(1505809,'PORTEL','1505809',15);
INSERT INTO cidade VALUES(1505908,'PORTO DE MOZ','1505908',15);
INSERT INTO cidade VALUES(1506005,'PRAINHA','1506005',15);
INSERT INTO cidade VALUES(1506104,'PRIMAVERA','1506104',15);
INSERT INTO cidade VALUES(1506112,'QUATIPURU','1506112',15);
INSERT INTO cidade VALUES(1506138,'REDENCAO','1506138',15);
INSERT INTO cidade VALUES(1506161,'RIO MARIA','1506161',15);
INSERT INTO cidade VALUES(1506187,'RONDON DO PARA','1506187',15);
INSERT INTO cidade VALUES(1506195,'RUROPOLIS','1506195',15);
INSERT INTO cidade VALUES(1506203,'SALINOPOLIS','1506203',15);
INSERT INTO cidade VALUES(1506302,'SALVATERRA','1506302',15);
INSERT INTO cidade VALUES(1506351,'SANTA BARBARA DO PARA','1506351',15);
INSERT INTO cidade VALUES(1506401,'SANTA CRUZ DO ARARI','1506401',15);
INSERT INTO cidade VALUES(1506500,'SANTA ISABEL DO PARA','1506500',15);
INSERT INTO cidade VALUES(1506559,'SANTA LUZIA DO PARA','1506559',15);
INSERT INTO cidade VALUES(1506583,'SANTA MARIA DAS BARREIRAS','1506583',15);
INSERT INTO cidade VALUES(1506609,'SANTA MARIA DO PARA','1506609',15);
INSERT INTO cidade VALUES(1506708,'SANTANA DO ARAGUAIA','1506708',15);
INSERT INTO cidade VALUES(1506807,'SANTAREM','1506807',15);
INSERT INTO cidade VALUES(1506906,'SANTAREM NOVO','1506906',15);
INSERT INTO cidade VALUES(1507003,'SANTO ANTONIO DO TAUA','1507003',15);
INSERT INTO cidade VALUES(1507102,'SAO CAETANO DE ODIVELAS','1507102',15);
INSERT INTO cidade VALUES(1507151,'SAO DOMINGOS DO ARAGUAIA','1507151',15);
INSERT INTO cidade VALUES(1507201,'SAO DOMINGOS DO CAPIM','1507201',15);
INSERT INTO cidade VALUES(1507300,'SAO FELIX DO XINGU','1507300',15);
INSERT INTO cidade VALUES(1507409,'SAO FRANCISCO DO PARA','1507409',15);
INSERT INTO cidade VALUES(1507458,'SAO GERALDO DO ARAGUAIA','1507458',15);
INSERT INTO cidade VALUES(1507466,'SAO JOAO DA PONTA','1507466',15);
INSERT INTO cidade VALUES(1507474,'SAO JOAO DE PIRABAS','1507474',15);
INSERT INTO cidade VALUES(1507508,'SAO JOAO DO ARAGUAIA','1507508',15);
INSERT INTO cidade VALUES(1507607,'SAO MIGUEL DO GUAMA','1507607',15);
INSERT INTO cidade VALUES(1507706,'SAO SEBASTIAO DA BOA VISTA','1507706',15);
INSERT INTO cidade VALUES(1507755,'SAPUCAIA','1507755',15);
INSERT INTO cidade VALUES(1507805,'SENADOR JOSE PORFIRIO','1507805',15);
INSERT INTO cidade VALUES(1507904,'SOURE','1507904',15);
INSERT INTO cidade VALUES(1507953,'TAILANDIA','1507953',15);
INSERT INTO cidade VALUES(1507961,'TERRA ALTA','1507961',15);
INSERT INTO cidade VALUES(1507979,'TERRA SANTA','1507979',15);
INSERT INTO cidade VALUES(1508001,'TOME-ACU','1508001',15);
INSERT INTO cidade VALUES(1508035,'TRACUATEUA','1508035',15);
INSERT INTO cidade VALUES(1508050,'TRAIRAO','1508050',15);
INSERT INTO cidade VALUES(1508084,'TUCUMA','1508084',15);
INSERT INTO cidade VALUES(1508100,'TUCURUI','1508100',15);
INSERT INTO cidade VALUES(1508126,'ULIANOPOLIS','1508126',15);
INSERT INTO cidade VALUES(1508159,'URUARA','1508159',15);
INSERT INTO cidade VALUES(1508209,'VIGIA','1508209',15);
INSERT INTO cidade VALUES(1508308,'VISEU','1508308',15);
INSERT INTO cidade VALUES(1508357,'VITORIA DO XINGU','1508357',15);
INSERT INTO cidade VALUES(1508407,'XINGUARA','1508407',15);
INSERT INTO cidade VALUES(1600055,'SERRA DO NAVIO','1600055',16);
INSERT INTO cidade VALUES(1600105,'AMAPA','1600105',16);
INSERT INTO cidade VALUES(1600154,'PEDRA BRANCA DO AMAPARI','1600154',16);
INSERT INTO cidade VALUES(1600204,'CALCOENE','1600204',16);
INSERT INTO cidade VALUES(1600212,'CUTIAS','1600212',16);
INSERT INTO cidade VALUES(1600238,'FERREIRA GOMES','1600238',16);
INSERT INTO cidade VALUES(1600253,'ITAUBAL','1600253',16);
INSERT INTO cidade VALUES(1600279,'LARANJAL DO JARI','1600279',16);
INSERT INTO cidade VALUES(1600303,'MACAPA','1600303',16);
INSERT INTO cidade VALUES(1600402,'MAZAGAO','1600402',16);
INSERT INTO cidade VALUES(1600501,'OIAPOQUE','1600501',16);
INSERT INTO cidade VALUES(1600535,'PORTO GRANDE','1600535',16);
INSERT INTO cidade VALUES(1600550,'PRACUUBA','1600550',16);
INSERT INTO cidade VALUES(1600600,'SANTANA','1600600',16);
INSERT INTO cidade VALUES(1600709,'TARTARUGALZINHO','1600709',16);
INSERT INTO cidade VALUES(1600808,'VITORIA DO JARI','1600808',16);
INSERT INTO cidade VALUES(1700251,'ABREULANDIA','1700251',17);
INSERT INTO cidade VALUES(1700301,'AGUIARNOPOLIS','1700301',17);
INSERT INTO cidade VALUES(1700350,'ALIANCA DO TOCANTINS','1700350',17);
INSERT INTO cidade VALUES(1700400,'ALMAS','1700400',17);
INSERT INTO cidade VALUES(1700707,'ALVORADA','1700707',17);
INSERT INTO cidade VALUES(1701002,'ANANAS','1701002',17);
INSERT INTO cidade VALUES(1701051,'ANGICO','1701051',17);
INSERT INTO cidade VALUES(1701101,'APARECIDA DO RIO NEGRO','1701101',17);
INSERT INTO cidade VALUES(1701309,'ARAGOMINAS','1701309',17);
INSERT INTO cidade VALUES(1701903,'ARAGUACEMA','1701903',17);
INSERT INTO cidade VALUES(1702000,'ARAGUACU','1702000',17);
INSERT INTO cidade VALUES(1702109,'ARAGUAINA','1702109',17);
INSERT INTO cidade VALUES(1702158,'ARAGUANA','1702158',17);
INSERT INTO cidade VALUES(1702208,'ARAGUATINS','1702208',17);
INSERT INTO cidade VALUES(1702307,'ARAPOEMA','1702307',17);
INSERT INTO cidade VALUES(1702406,'ARRAIAS','1702406',17);
INSERT INTO cidade VALUES(1702554,'AUGUSTINOPOLIS','1702554',17);
INSERT INTO cidade VALUES(1702703,'AURORA DO TOCANTINS','1702703',17);
INSERT INTO cidade VALUES(1702901,'AXIXA DO TOCANTINS','1702901',17);
INSERT INTO cidade VALUES(1703008,'BABACULANDIA','1703008',17);
INSERT INTO cidade VALUES(1703057,'BANDEIRANTES DO TOCANTINS','1703057',17);
INSERT INTO cidade VALUES(1703073,'BARRA DO OURO','1703073',17);
INSERT INTO cidade VALUES(1703107,'BARROLANDIA','1703107',17);
INSERT INTO cidade VALUES(1703206,'BERNARDO SAYAO','1703206',17);
INSERT INTO cidade VALUES(1703305,'BOM JESUS DO TOCANTINS','1703305',17);
INSERT INTO cidade VALUES(1703602,'BRASILANDIA DO TOCANTINS','1703602',17);
INSERT INTO cidade VALUES(1703701,'BREJINHO DE NAZARE','1703701',17);
INSERT INTO cidade VALUES(1703800,'BURITI DO TOCANTINS','1703800',17);
INSERT INTO cidade VALUES(1703826,'CACHOEIRINHA','1703826',17);
INSERT INTO cidade VALUES(1703842,'CAMPOS LINDOS','1703842',17);
INSERT INTO cidade VALUES(1703867,'CARIRI DO TOCANTINS','1703867',17);
INSERT INTO cidade VALUES(1703883,'CARMOLANDIA','1703883',17);
INSERT INTO cidade VALUES(1703891,'CARRASCO BONITO','1703891',17);
INSERT INTO cidade VALUES(1703909,'CASEARA','1703909',17);
INSERT INTO cidade VALUES(1704105,'CENTENARIO','1704105',17);
INSERT INTO cidade VALUES(1704600,'CHAPADA DE AREIA','1704600',17);
INSERT INTO cidade VALUES(1705102,'CHAPADA DA NATIVIDADE','1705102',17);
INSERT INTO cidade VALUES(1705508,'COLINAS DO TOCANTINS','1705508',17);
INSERT INTO cidade VALUES(1705557,'COMBINADO','1705557',17);
INSERT INTO cidade VALUES(1705607,'CONCEICAO DO TOCANTINS','1705607',17);
INSERT INTO cidade VALUES(1706001,'COUTO DE MAGALHAES','1706001',17);
INSERT INTO cidade VALUES(1706100,'CRISTALANDIA','1706100',17);
INSERT INTO cidade VALUES(1706258,'CRIXAS DO TOCANTINS','1706258',17);
INSERT INTO cidade VALUES(1706506,'DARCINOPOLIS','1706506',17);
INSERT INTO cidade VALUES(1707009,'DIANOPOLIS','1707009',17);
INSERT INTO cidade VALUES(1707108,'DIVINOPOLIS DO TOCANTINS','1707108',17);
INSERT INTO cidade VALUES(1707207,'DOIS IRMAOS DO TOCANTINS','1707207',17);
INSERT INTO cidade VALUES(1707306,'DUERE','1707306',17);
INSERT INTO cidade VALUES(1707405,'ESPERANTINA','1707405',17);
INSERT INTO cidade VALUES(1707553,'FATIMA','1707553',17);
INSERT INTO cidade VALUES(1707652,'FIGUEIROPOLIS','1707652',17);
INSERT INTO cidade VALUES(1707702,'FILADELFIA','1707702',17);
INSERT INTO cidade VALUES(1708205,'FORMOSO DO ARAGUAIA','1708205',17);
INSERT INTO cidade VALUES(1708254,'FORTALEZA DO TABOCAO','1708254',17);
INSERT INTO cidade VALUES(1708304,'GOIANORTE','1708304',17);
INSERT INTO cidade VALUES(1709005,'GOIATINS','1709005',17);
INSERT INTO cidade VALUES(1709302,'GUARAI','1709302',17);
INSERT INTO cidade VALUES(1709500,'GURUPI','1709500',17);
INSERT INTO cidade VALUES(1709807,'IPUEIRAS','1709807',17);
INSERT INTO cidade VALUES(1710508,'ITACAJA','1710508',17);
INSERT INTO cidade VALUES(1710706,'ITAGUATINS','1710706',17);
INSERT INTO cidade VALUES(1710904,'ITAPIRATINS','1710904',17);
INSERT INTO cidade VALUES(1711100,'ITAPORA DO TOCANTINS','1711100',17);
INSERT INTO cidade VALUES(1711506,'JAU DO TOCANTINS','1711506',17);
INSERT INTO cidade VALUES(1711803,'JUARINA','1711803',17);
INSERT INTO cidade VALUES(1711902,'LAGOA DA CONFUSAO','1711902',17);
INSERT INTO cidade VALUES(1711951,'LAGOA DO TOCANTINS','1711951',17);
INSERT INTO cidade VALUES(1712009,'LAJEADO','1712009',17);
INSERT INTO cidade VALUES(1712157,'LAVANDEIRA','1712157',17);
INSERT INTO cidade VALUES(1712405,'LIZARDA','1712405',17);
INSERT INTO cidade VALUES(1712454,'LUZINOPOLIS','1712454',17);
INSERT INTO cidade VALUES(1712504,'MARIANOPOLIS DO TOCANTINS','1712504',17);
INSERT INTO cidade VALUES(1712702,'MATEIROS','1712702',17);
INSERT INTO cidade VALUES(1712801,'MAURILANDIA DO TOCANTINS','1712801',17);
INSERT INTO cidade VALUES(1713205,'MIRACEMA DO TOCANTINS','1713205',17);
INSERT INTO cidade VALUES(1713304,'MIRANORTE','1713304',17);
INSERT INTO cidade VALUES(1713601,'MONTE DO CARMO','1713601',17);
INSERT INTO cidade VALUES(1713700,'MONTE SANTO DO TOCANTINS','1713700',17);
INSERT INTO cidade VALUES(1713809,'PALMEIRAS DO TOCANTINS','1713809',17);
INSERT INTO cidade VALUES(1713957,'MURICILANDIA','1713957',17);
INSERT INTO cidade VALUES(1714203,'NATIVIDADE','1714203',17);
INSERT INTO cidade VALUES(1714302,'NAZARE','1714302',17);
INSERT INTO cidade VALUES(1714880,'NOVA OLINDA','1714880',17);
INSERT INTO cidade VALUES(1715002,'NOVA ROSALANDIA','1715002',17);
INSERT INTO cidade VALUES(1715101,'NOVO ACORDO','1715101',17);
INSERT INTO cidade VALUES(1715150,'NOVO ALEGRE','1715150',17);
INSERT INTO cidade VALUES(1715259,'NOVO JARDIM','1715259',17);
INSERT INTO cidade VALUES(1715507,'OLIVEIRA DE FATIMA','1715507',17);
INSERT INTO cidade VALUES(1715705,'PALMEIRANTE','1715705',17);
INSERT INTO cidade VALUES(1715754,'PALMEIROPOLIS','1715754',17);
INSERT INTO cidade VALUES(1716109,'PARAISO DO TOCANTINS','1716109',17);
INSERT INTO cidade VALUES(1716208,'PARANA','1716208',17);
INSERT INTO cidade VALUES(1716307,'PAU D''ARCO','1716307',17);
INSERT INTO cidade VALUES(1716505,'PEDRO AFONSO','1716505',17);
INSERT INTO cidade VALUES(1716604,'PEIXE','1716604',17);
INSERT INTO cidade VALUES(1716653,'PEQUIZEIRO','1716653',17);
INSERT INTO cidade VALUES(1716703,'COLMEIA','1716703',17);
INSERT INTO cidade VALUES(1717008,'PINDORAMA DO TOCANTINS','1717008',17);
INSERT INTO cidade VALUES(1717206,'PIRAQUE','1717206',17);
INSERT INTO cidade VALUES(1717503,'PIUM','1717503',17);
INSERT INTO cidade VALUES(1717800,'PONTE ALTA DO BOM JESUS','1717800',17);
INSERT INTO cidade VALUES(1717909,'PONTE ALTA DO TOCANTINS','1717909',17);
INSERT INTO cidade VALUES(1718006,'PORTO ALEGRE DO TOCANTINS','1718006',17);
INSERT INTO cidade VALUES(1718204,'PORTO NACIONAL','1718204',17);
INSERT INTO cidade VALUES(1718303,'PRAIA NORTE','1718303',17);
INSERT INTO cidade VALUES(1718402,'PRESIDENTE KENNEDY','1718402',17);
INSERT INTO cidade VALUES(1718451,'PUGMIL','1718451',17);
INSERT INTO cidade VALUES(1718501,'RECURSOLANDIA','1718501',17);
INSERT INTO cidade VALUES(1718550,'RIACHINHO','1718550',17);
INSERT INTO cidade VALUES(1718659,'RIO DA CONCEICAO','1718659',17);
INSERT INTO cidade VALUES(1718709,'RIO DOS BOIS','1718709',17);
INSERT INTO cidade VALUES(1718758,'RIO SONO','1718758',17);
INSERT INTO cidade VALUES(1718808,'SAMPAIO','1718808',17);
INSERT INTO cidade VALUES(1718840,'SANDOLANDIA','1718840',17);
INSERT INTO cidade VALUES(1718865,'SANTA FE DO ARAGUAIA','1718865',17);
INSERT INTO cidade VALUES(1718881,'SANTA MARIA DO TOCANTINS','1718881',17);
INSERT INTO cidade VALUES(1718899,'SANTA RITA DO TOCANTINS','1718899',17);
INSERT INTO cidade VALUES(1718907,'SANTA ROSA DO TOCANTINS','1718907',17);
INSERT INTO cidade VALUES(1719004,'SANTA TEREZA DO TOCANTINS','1719004',17);
INSERT INTO cidade VALUES(1720002,'SANTA TEREZINHA DO TOCANTINS','1720002',17);
INSERT INTO cidade VALUES(1720101,'SAO BENTO DO TOCANTINS','1720101',17);
INSERT INTO cidade VALUES(1720150,'SAO FELIX DO TOCANTINS','1720150',17);
INSERT INTO cidade VALUES(1720200,'SAO MIGUEL DO TOCANTINS','1720200',17);
INSERT INTO cidade VALUES(1720259,'SAO SALVADOR DO TOCANTINS','1720259',17);
INSERT INTO cidade VALUES(1720309,'SAO SEBASTIAO DO TOCANTINS','1720309',17);
INSERT INTO cidade VALUES(1720499,'SAO VALERIO DA NATIVIDADE','1720499',17);
INSERT INTO cidade VALUES(1720655,'SILVANOPOLIS','1720655',17);
INSERT INTO cidade VALUES(1720804,'SITIO NOVO DO TOCANTINS','1720804',17);
INSERT INTO cidade VALUES(1720853,'SUCUPIRA','1720853',17);
INSERT INTO cidade VALUES(1720903,'TAGUATINGA','1720903',17);
INSERT INTO cidade VALUES(1720937,'TAIPAS DO TOCANTINS','1720937',17);
INSERT INTO cidade VALUES(1720978,'TALISMA','1720978',17);
INSERT INTO cidade VALUES(1721000,'PALMAS','1721000',17);
INSERT INTO cidade VALUES(1721109,'TOCANTINIA','1721109',17);
INSERT INTO cidade VALUES(1721208,'TOCANTINOPOLIS','1721208',17);
INSERT INTO cidade VALUES(1721257,'TUPIRAMA','1721257',17);
INSERT INTO cidade VALUES(1721307,'TUPIRATINS','1721307',17);
INSERT INTO cidade VALUES(1722081,'WANDERLANDIA','1722081',17);
INSERT INTO cidade VALUES(1722107,'XAMBIOA','1722107',17);
INSERT INTO cidade VALUES(2100055,'ACAILANDIA','2100055',21);
INSERT INTO cidade VALUES(2100105,'AFONSO CUNHA','2100105',21);
INSERT INTO cidade VALUES(2100154,'AGUA DOCE DO MARANHAO','2100154',21);
INSERT INTO cidade VALUES(2100204,'ALCANTARA','2100204',21);
INSERT INTO cidade VALUES(2100303,'ALDEIAS ALTAS','2100303',21);
INSERT INTO cidade VALUES(2100402,'ALTAMIRA DO MARANHAO','2100402',21);
INSERT INTO cidade VALUES(2100436,'ALTO ALEGRE DO MARANHAO','2100436',21);
INSERT INTO cidade VALUES(2100477,'ALTO ALEGRE DO PINDARE','2100477',21);
INSERT INTO cidade VALUES(2100501,'ALTO PARNAIBA','2100501',21);
INSERT INTO cidade VALUES(2100550,'AMAPA DO MARANHAO','2100550',21);
INSERT INTO cidade VALUES(2100600,'AMARANTE DO MARANHAO','2100600',21);
INSERT INTO cidade VALUES(2100709,'ANAJATUBA','2100709',21);
INSERT INTO cidade VALUES(2100808,'ANAPURUS','2100808',21);
INSERT INTO cidade VALUES(2100832,'APICUM-ACU','2100832',21);
INSERT INTO cidade VALUES(2100873,'ARAGUANA','2100873',21);
INSERT INTO cidade VALUES(2100907,'ARAIOSES','2100907',21);
INSERT INTO cidade VALUES(2100956,'ARAME','2100956',21);
INSERT INTO cidade VALUES(2101004,'ARARI','2101004',21);
INSERT INTO cidade VALUES(2101103,'AXIXA','2101103',21);
INSERT INTO cidade VALUES(2101202,'BACABAL','2101202',21);
INSERT INTO cidade VALUES(2101251,'BACABEIRA','2101251',21);
INSERT INTO cidade VALUES(2101301,'BACURI','2101301',21);
INSERT INTO cidade VALUES(2101350,'BACURITUBA','2101350',21);
INSERT INTO cidade VALUES(2101400,'BALSAS','2101400',21);
INSERT INTO cidade VALUES(2101509,'BARAO DE GRAJAU','2101509',21);
INSERT INTO cidade VALUES(2101608,'BARRA DO CORDA','2101608',21);
INSERT INTO cidade VALUES(2101707,'BARREIRINHAS','2101707',21);
INSERT INTO cidade VALUES(2101731,'BELAGUA','2101731',21);
INSERT INTO cidade VALUES(2101772,'BELA VISTA DO MARANHAO','2101772',21);
INSERT INTO cidade VALUES(2101806,'BENEDITO LEITE','2101806',21);
INSERT INTO cidade VALUES(2101905,'BEQUIMAO','2101905',21);
INSERT INTO cidade VALUES(2101939,'BERNARDO DO MEARIM','2101939',21);
INSERT INTO cidade VALUES(2101970,'BOA VISTA DO GURUPI','2101970',21);
INSERT INTO cidade VALUES(2102002,'BOM JARDIM','2102002',21);
INSERT INTO cidade VALUES(2102036,'BOM JESUS DAS SELVAS','2102036',21);
INSERT INTO cidade VALUES(2102077,'BOM LUGAR','2102077',21);
INSERT INTO cidade VALUES(2102101,'BREJO','2102101',21);
INSERT INTO cidade VALUES(2102150,'BREJO DE AREIA','2102150',21);
INSERT INTO cidade VALUES(2102200,'BURITI','2102200',21);
INSERT INTO cidade VALUES(2102309,'BURITI BRAVO','2102309',21);
INSERT INTO cidade VALUES(2102325,'BURITICUPU','2102325',21);
INSERT INTO cidade VALUES(2102358,'BURITIRANA','2102358',21);
INSERT INTO cidade VALUES(2102374,'CACHOEIRA GRANDE','2102374',21);
INSERT INTO cidade VALUES(2102408,'CAJAPIO','2102408',21);
INSERT INTO cidade VALUES(2102507,'CAJARI','2102507',21);
INSERT INTO cidade VALUES(2102556,'CAMPESTRE DO MARANHAO','2102556',21);
INSERT INTO cidade VALUES(2102606,'CANDIDO MENDES','2102606',21);
INSERT INTO cidade VALUES(2102705,'CANTANHEDE','2102705',21);
INSERT INTO cidade VALUES(2102754,'CAPINZAL DO NORTE','2102754',21);
INSERT INTO cidade VALUES(2102804,'CAROLINA','2102804',21);
INSERT INTO cidade VALUES(2102903,'CARUTAPERA','2102903',21);
INSERT INTO cidade VALUES(2103000,'CAXIAS','2103000',21);
INSERT INTO cidade VALUES(2103109,'CEDRAL','2103109',21);
INSERT INTO cidade VALUES(2103125,'CENTRAL DO MARANHAO','2103125',21);
INSERT INTO cidade VALUES(2103158,'CENTRO DO GUILHERME','2103158',21);
INSERT INTO cidade VALUES(2103174,'CENTRO NOVO DO MARANHAO','2103174',21);
INSERT INTO cidade VALUES(2103208,'CHAPADINHA','2103208',21);
INSERT INTO cidade VALUES(2103257,'CIDELANDIA','2103257',21);
INSERT INTO cidade VALUES(2103307,'CODO','2103307',21);
INSERT INTO cidade VALUES(2103406,'COELHO NETO','2103406',21);
INSERT INTO cidade VALUES(2103505,'COLINAS','2103505',21);
INSERT INTO cidade VALUES(2103554,'CONCEICAO DO LAGO-ACU','2103554',21);
INSERT INTO cidade VALUES(2103604,'COROATA','2103604',21);
INSERT INTO cidade VALUES(2103703,'CURURUPU','2103703',21);
INSERT INTO cidade VALUES(2103752,'DAVINOPOLIS','2103752',21);
INSERT INTO cidade VALUES(2103802,'DOM PEDRO','2103802',21);
INSERT INTO cidade VALUES(2103901,'DUQUE BACELAR','2103901',21);
INSERT INTO cidade VALUES(2104008,'ESPERANTINOPOLIS','2104008',21);
INSERT INTO cidade VALUES(2104057,'ESTREITO','2104057',21);
INSERT INTO cidade VALUES(2104073,'FEIRA NOVA DO MARANHAO','2104073',21);
INSERT INTO cidade VALUES(2104081,'FERNANDO FALCAO','2104081',21);
INSERT INTO cidade VALUES(2104099,'FORMOSA DA SERRA NEGRA','2104099',21);
INSERT INTO cidade VALUES(2104107,'FORTALEZA DOS NOGUEIRAS','2104107',21);
INSERT INTO cidade VALUES(2104206,'FORTUNA','2104206',21);
INSERT INTO cidade VALUES(2104305,'GODOFREDO VIANA','2104305',21);
INSERT INTO cidade VALUES(2104404,'GONCALVES DIAS','2104404',21);
INSERT INTO cidade VALUES(2104503,'GOVERNADOR ARCHER','2104503',21);
INSERT INTO cidade VALUES(2104552,'GOVERNADOR EDISON LOBAO','2104552',21);
INSERT INTO cidade VALUES(2104602,'GOVERNADOR EUGENIO BARROS','2104602',21);
INSERT INTO cidade VALUES(2104628,'GOVERNADOR LUIZ ROCHA','2104628',21);
INSERT INTO cidade VALUES(2104651,'GOVERNADOR NEWTON BELLO','2104651',21);
INSERT INTO cidade VALUES(2104677,'GOVERNADOR NUNES FREIRE','2104677',21);
INSERT INTO cidade VALUES(2104701,'GRACA ARANHA','2104701',21);
INSERT INTO cidade VALUES(2104800,'GRAJAU','2104800',21);
INSERT INTO cidade VALUES(2104909,'GUIMARAES','2104909',21);
INSERT INTO cidade VALUES(2105005,'HUMBERTO DE CAMPOS','2105005',21);
INSERT INTO cidade VALUES(2105104,'ICATU','2105104',21);
INSERT INTO cidade VALUES(2105153,'IGARAPE DO MEIO','2105153',21);
INSERT INTO cidade VALUES(2105203,'IGARAPE GRANDE','2105203',21);
INSERT INTO cidade VALUES(2105302,'IMPERATRIZ','2105302',21);
INSERT INTO cidade VALUES(2105351,'ITAIPAVA DO GRAJAU','2105351',21);
INSERT INTO cidade VALUES(2105401,'ITAPECURU MIRIM','2105401',21);
INSERT INTO cidade VALUES(2105427,'ITINGA DO MARANHAO','2105427',21);
INSERT INTO cidade VALUES(2105450,'JATOBA','2105450',21);
INSERT INTO cidade VALUES(2105476,'JENIPAPO DOS VIEIRAS','2105476',21);
INSERT INTO cidade VALUES(2105500,'JOAO LISBOA','2105500',21);
INSERT INTO cidade VALUES(2105609,'JOSELANDIA','2105609',21);
INSERT INTO cidade VALUES(2105658,'JUNCO DO MARANHAO','2105658',21);
INSERT INTO cidade VALUES(2105708,'LAGO DA PEDRA','2105708',21);
INSERT INTO cidade VALUES(2105807,'LAGO DO JUNCO','2105807',21);
INSERT INTO cidade VALUES(2105906,'LAGO VERDE','2105906',21);
INSERT INTO cidade VALUES(2105922,'LAGOA DO MATO','2105922',21);
INSERT INTO cidade VALUES(2105948,'LAGO DOS RODRIGUES','2105948',21);
INSERT INTO cidade VALUES(2105963,'LAGOA GRANDE DO MARANHAO','2105963',21);
INSERT INTO cidade VALUES(2105989,'LAJEADO NOVO','2105989',21);
INSERT INTO cidade VALUES(2106003,'LIMA CAMPOS','2106003',21);
INSERT INTO cidade VALUES(2106102,'LORETO','2106102',21);
INSERT INTO cidade VALUES(2106201,'LUIS DOMINGUES','2106201',21);
INSERT INTO cidade VALUES(2106300,'MAGALHAES DE ALMEIDA','2106300',21);
INSERT INTO cidade VALUES(2106326,'MARACACUME','2106326',21);
INSERT INTO cidade VALUES(2106359,'MARAJA DO SENA','2106359',21);
INSERT INTO cidade VALUES(2106375,'MARANHAOZINHO','2106375',21);
INSERT INTO cidade VALUES(2106409,'MATA ROMA','2106409',21);
INSERT INTO cidade VALUES(2106508,'MATINHA','2106508',21);
INSERT INTO cidade VALUES(2106607,'MATOES','2106607',21);
INSERT INTO cidade VALUES(2106631,'MATOES DO NORTE','2106631',21);
INSERT INTO cidade VALUES(2106672,'MILAGRES DO MARANHAO','2106672',21);
INSERT INTO cidade VALUES(2106706,'MIRADOR','2106706',21);
INSERT INTO cidade VALUES(2106755,'MIRANDA DO NORTE','2106755',21);
INSERT INTO cidade VALUES(2106805,'MIRINZAL','2106805',21);
INSERT INTO cidade VALUES(2106904,'MONCAO','2106904',21);
INSERT INTO cidade VALUES(2107001,'MONTES ALTOS','2107001',21);
INSERT INTO cidade VALUES(2107100,'MORROS','2107100',21);
INSERT INTO cidade VALUES(2107209,'NINA RODRIGUES','2107209',21);
INSERT INTO cidade VALUES(2107258,'NOVA COLINAS','2107258',21);
INSERT INTO cidade VALUES(2107308,'NOVA IORQUE','2107308',21);
INSERT INTO cidade VALUES(2107357,'NOVA OLINDA DO MARANHAO','2107357',21);
INSERT INTO cidade VALUES(2107407,'OLHO D''AGUA DAS CUNHAS','2107407',21);
INSERT INTO cidade VALUES(2107456,'OLINDA NOVA DO MARANHAO','2107456',21);
INSERT INTO cidade VALUES(2107506,'PACO DO LUMIAR','2107506',21);
INSERT INTO cidade VALUES(2107605,'PALMEIRANDIA','2107605',21);
INSERT INTO cidade VALUES(2107704,'PARAIBANO','2107704',21);
INSERT INTO cidade VALUES(2107803,'PARNARAMA','2107803',21);
INSERT INTO cidade VALUES(2107902,'PASSAGEM FRANCA','2107902',21);
INSERT INTO cidade VALUES(2108009,'PASTOS BONS','2108009',21);
INSERT INTO cidade VALUES(2108058,'PAULINO NEVES','2108058',21);
INSERT INTO cidade VALUES(2108108,'PAULO RAMOS','2108108',21);
INSERT INTO cidade VALUES(2108207,'PEDREIRAS','2108207',21);
INSERT INTO cidade VALUES(2108256,'PEDRO DO ROSARIO','2108256',21);
INSERT INTO cidade VALUES(2108306,'PENALVA','2108306',21);
INSERT INTO cidade VALUES(2108405,'PERI MIRIM','2108405',21);
INSERT INTO cidade VALUES(2108454,'PERITORO','2108454',21);
INSERT INTO cidade VALUES(2108504,'PINDARE-MIRIM','2108504',21);
INSERT INTO cidade VALUES(2108603,'PINHEIRO','2108603',21);
INSERT INTO cidade VALUES(2108702,'PIO XII','2108702',21);
INSERT INTO cidade VALUES(2108801,'PIRAPEMAS','2108801',21);
INSERT INTO cidade VALUES(2108900,'POCAO DE PEDRAS','2108900',21);
INSERT INTO cidade VALUES(2109007,'PORTO FRANCO','2109007',21);
INSERT INTO cidade VALUES(2109056,'PORTO RICO DO MARANHAO','2109056',21);
INSERT INTO cidade VALUES(2109106,'PRESIDENTE DUTRA','2109106',21);
INSERT INTO cidade VALUES(2109205,'PRESIDENTE JUSCELINO','2109205',21);
INSERT INTO cidade VALUES(2109239,'PRESIDENTE MEDICI','2109239',21);
INSERT INTO cidade VALUES(2109270,'PRESIDENTE SARNEY','2109270',21);
INSERT INTO cidade VALUES(2109304,'PRESIDENTE VARGAS','2109304',21);
INSERT INTO cidade VALUES(2109403,'PRIMEIRA CRUZ','2109403',21);
INSERT INTO cidade VALUES(2109452,'RAPOSA','2109452',21);
INSERT INTO cidade VALUES(2109502,'RIACHAO','2109502',21);
INSERT INTO cidade VALUES(2109551,'RIBAMAR FIQUENE','2109551',21);
INSERT INTO cidade VALUES(2109601,'ROSARIO','2109601',21);
INSERT INTO cidade VALUES(2109700,'SAMBAIBA','2109700',21);
INSERT INTO cidade VALUES(2109759,'SANTA FILOMENA DO MARANHAO','2109759',21);
INSERT INTO cidade VALUES(2109809,'SANTA HELENA','2109809',21);
INSERT INTO cidade VALUES(2109908,'SANTA INES','2109908',21);
INSERT INTO cidade VALUES(2110005,'SANTA LUZIA','2110005',21);
INSERT INTO cidade VALUES(2110039,'SANTA LUZIA DO PARUA','2110039',21);
INSERT INTO cidade VALUES(2110104,'SANTA QUITERIA DO MARANHAO','2110104',21);
INSERT INTO cidade VALUES(2110203,'SANTA RITA','2110203',21);
INSERT INTO cidade VALUES(2110237,'SANTANA DO MARANHAO','2110237',21);
INSERT INTO cidade VALUES(2110278,'SANTO AMARO DO MARANHAO','2110278',21);
INSERT INTO cidade VALUES(2110302,'SANTO ANTONIO DOS LOPES','2110302',21);
INSERT INTO cidade VALUES(2110401,'SAO BENEDITO DO RIO PRETO','2110401',21);
INSERT INTO cidade VALUES(2110500,'SAO BENTO','2110500',21);
INSERT INTO cidade VALUES(2110609,'SAO BERNARDO','2110609',21);
INSERT INTO cidade VALUES(2110658,'SAO DOMINGOS DO AZEITAO','2110658',21);
INSERT INTO cidade VALUES(2110708,'SAO DOMINGOS DO MARANHAO','2110708',21);
INSERT INTO cidade VALUES(2110807,'SAO FELIX DE BALSAS','2110807',21);
INSERT INTO cidade VALUES(2110856,'SAO FRANCISCO DO BREJAO','2110856',21);
INSERT INTO cidade VALUES(2110906,'SAO FRANCISCO DO MARANHAO','2110906',21);
INSERT INTO cidade VALUES(2111003,'SAO JOAO BATISTA','2111003',21);
INSERT INTO cidade VALUES(2111029,'SAO JOAO DO CARU','2111029',21);
INSERT INTO cidade VALUES(2111052,'SAO JOAO DO PARAISO','2111052',21);
INSERT INTO cidade VALUES(2111078,'SAO JOAO DO SOTER','2111078',21);
INSERT INTO cidade VALUES(2111102,'SAO JOAO DOS PATOS','2111102',21);
INSERT INTO cidade VALUES(2111201,'SAO JOSE DE RIBAMAR','2111201',21);
INSERT INTO cidade VALUES(2111250,'SAO JOSE DOS BASILIOS','2111250',21);
INSERT INTO cidade VALUES(2111300,'SAO LUIS','2111300',21);
INSERT INTO cidade VALUES(2111409,'SAO LUIS GONZAGA DO MARANHAO','2111409',21);
INSERT INTO cidade VALUES(2111508,'SAO MATEUS DO MARANHAO','2111508',21);
INSERT INTO cidade VALUES(2111532,'SAO PEDRO DA AGUA BRANCA','2111532',21);
INSERT INTO cidade VALUES(2111573,'SAO PEDRO DOS CRENTES','2111573',21);
INSERT INTO cidade VALUES(2111607,'SAO RAIMUNDO DAS MANGABEIRAS','2111607',21);
INSERT INTO cidade VALUES(2111631,'SAO RAIMUNDO DO DOCA BEZERRA','2111631',21);
INSERT INTO cidade VALUES(2111672,'SAO ROBERTO','2111672',21);
INSERT INTO cidade VALUES(2111706,'SAO VICENTE FERRER','2111706',21);
INSERT INTO cidade VALUES(2111722,'SATUBINHA','2111722',21);
INSERT INTO cidade VALUES(2111748,'SENADOR ALEXANDRE COSTA','2111748',21);
INSERT INTO cidade VALUES(2111763,'SENADOR LA ROCQUE','2111763',21);
INSERT INTO cidade VALUES(2111789,'SERRANO DO MARANHAO','2111789',21);
INSERT INTO cidade VALUES(2111805,'SITIO NOVO','2111805',21);
INSERT INTO cidade VALUES(2111904,'SUCUPIRA DO NORTE','2111904',21);
INSERT INTO cidade VALUES(2111953,'SUCUPIRA DO RIACHAO','2111953',21);
INSERT INTO cidade VALUES(2112001,'TASSO FRAGOSO','2112001',21);
INSERT INTO cidade VALUES(2112100,'TIMBIRAS','2112100',21);
INSERT INTO cidade VALUES(2112209,'TIMON','2112209',21);
INSERT INTO cidade VALUES(2112233,'TRIZIDELA DO VALE','2112233',21);
INSERT INTO cidade VALUES(2112274,'TUFILANDIA','2112274',21);
INSERT INTO cidade VALUES(2112308,'TUNTUM','2112308',21);
INSERT INTO cidade VALUES(2112407,'TURIACU','2112407',21);
INSERT INTO cidade VALUES(2112456,'TURILANDIA','2112456',21);
INSERT INTO cidade VALUES(2112506,'TUTOIA','2112506',21);
INSERT INTO cidade VALUES(2112605,'URBANO SANTOS','2112605',21);
INSERT INTO cidade VALUES(2112704,'VARGEM GRANDE','2112704',21);
INSERT INTO cidade VALUES(2112803,'VIANA','2112803',21);
INSERT INTO cidade VALUES(2112852,'VILA NOVA DOS MARTIRIOS','2112852',21);
INSERT INTO cidade VALUES(2112902,'VITORIA DO MEARIM','2112902',21);
INSERT INTO cidade VALUES(2113009,'VITORINO FREIRE','2113009',21);
INSERT INTO cidade VALUES(2114007,'ZE DOCA','2114007',21);
INSERT INTO cidade VALUES(2200053,'ACAUA','2200053',22);
INSERT INTO cidade VALUES(2200103,'AGRICOLANDIA','2200103',22);
INSERT INTO cidade VALUES(2200202,'AGUA BRANCA','2200202',22);
INSERT INTO cidade VALUES(2200251,'ALAGOINHA DO PIAUI','2200251',22);
INSERT INTO cidade VALUES(2200277,'ALEGRETE DO PIAUI','2200277',22);
INSERT INTO cidade VALUES(2200301,'ALTO LONGA','2200301',22);
INSERT INTO cidade VALUES(2200400,'ALTOS','2200400',22);
INSERT INTO cidade VALUES(2200459,'ALVORADA DO GURGUEIA','2200459',22);
INSERT INTO cidade VALUES(2200509,'AMARANTE','2200509',22);
INSERT INTO cidade VALUES(2200608,'ANGICAL DO PIAUI','2200608',22);
INSERT INTO cidade VALUES(2200707,'ANISIO DE ABREU','2200707',22);
INSERT INTO cidade VALUES(2200806,'ANTONIO ALMEIDA','2200806',22);
INSERT INTO cidade VALUES(2200905,'AROAZES','2200905',22);
INSERT INTO cidade VALUES(2200954,'AROEIRAS DO ITAIM','2200954',22);
INSERT INTO cidade VALUES(2201002,'ARRAIAL','2201002',22);
INSERT INTO cidade VALUES(2201051,'ASSUNCAO DO PIAUI','2201051',22);
INSERT INTO cidade VALUES(2201101,'AVELINO LOPES','2201101',22);
INSERT INTO cidade VALUES(2201150,'BAIXA GRANDE DO RIBEIRO','2201150',22);
INSERT INTO cidade VALUES(2201176,'BARRA D''ALCANTARA','2201176',22);
INSERT INTO cidade VALUES(2201200,'BARRAS','2201200',22);
INSERT INTO cidade VALUES(2201309,'BARREIRAS DO PIAUI','2201309',22);
INSERT INTO cidade VALUES(2201408,'BARRO DURO','2201408',22);
INSERT INTO cidade VALUES(2201507,'BATALHA','2201507',22);
INSERT INTO cidade VALUES(2201556,'BELA VISTA DO PIAUI','2201556',22);
INSERT INTO cidade VALUES(2201572,'BELEM DO PIAUI','2201572',22);
INSERT INTO cidade VALUES(2201606,'BENEDITINOS','2201606',22);
INSERT INTO cidade VALUES(2201705,'BERTOLINIA','2201705',22);
INSERT INTO cidade VALUES(2201739,'BETANIA DO PIAUI','2201739',22);
INSERT INTO cidade VALUES(2201770,'BOA HORA','2201770',22);
INSERT INTO cidade VALUES(2201804,'BOCAINA','2201804',22);
INSERT INTO cidade VALUES(2201903,'BOM JESUS','2201903',22);
INSERT INTO cidade VALUES(2201919,'BOM PRINCIPIO DO PIAUI','2201919',22);
INSERT INTO cidade VALUES(2201929,'BONFIM DO PIAUI','2201929',22);
INSERT INTO cidade VALUES(2201945,'BOQUEIRAO DO PIAUI','2201945',22);
INSERT INTO cidade VALUES(2201960,'BRASILEIRA','2201960',22);
INSERT INTO cidade VALUES(2201988,'BREJO DO PIAUI','2201988',22);
INSERT INTO cidade VALUES(2202000,'BURITI DOS LOPES','2202000',22);
INSERT INTO cidade VALUES(2202026,'BURITI DOS MONTES','2202026',22);
INSERT INTO cidade VALUES(2202059,'CABECEIRAS DO PIAUI','2202059',22);
INSERT INTO cidade VALUES(2202075,'CAJAZEIRAS DO PIAUI','2202075',22);
INSERT INTO cidade VALUES(2202083,'CAJUEIRO DA PRAIA','2202083',22);
INSERT INTO cidade VALUES(2202091,'CALDEIRAO GRANDE DO PIAUI','2202091',22);
INSERT INTO cidade VALUES(2202109,'CAMPINAS DO PIAUI','2202109',22);
INSERT INTO cidade VALUES(2202117,'CAMPO ALEGRE DO FIDALGO','2202117',22);
INSERT INTO cidade VALUES(2202133,'CAMPO GRANDE DO PIAUI','2202133',22);
INSERT INTO cidade VALUES(2202174,'CAMPO LARGO DO PIAUI','2202174',22);
INSERT INTO cidade VALUES(2202208,'CAMPO MAIOR','2202208',22);
INSERT INTO cidade VALUES(2202251,'CANAVIEIRA','2202251',22);
INSERT INTO cidade VALUES(2202307,'CANTO DO BURITI','2202307',22);
INSERT INTO cidade VALUES(2202406,'CAPITAO DE CAMPOS','2202406',22);
INSERT INTO cidade VALUES(2202455,'CAPITAO GERVASIO OLIVEIRA','2202455',22);
INSERT INTO cidade VALUES(2202505,'CARACOL','2202505',22);
INSERT INTO cidade VALUES(2202539,'CARAUBAS DO PIAUI','2202539',22);
INSERT INTO cidade VALUES(2202554,'CARIDADE DO PIAUI','2202554',22);
INSERT INTO cidade VALUES(2202604,'CASTELO DO PIAUI','2202604',22);
INSERT INTO cidade VALUES(2202653,'CAXINGO','2202653',22);
INSERT INTO cidade VALUES(2202703,'COCAL','2202703',22);
INSERT INTO cidade VALUES(2202711,'COCAL DE TELHA','2202711',22);
INSERT INTO cidade VALUES(2202729,'COCAL DOS ALVES','2202729',22);
INSERT INTO cidade VALUES(2202737,'COIVARAS','2202737',22);
INSERT INTO cidade VALUES(2202752,'COLONIA DO GURGUEIA','2202752',22);
INSERT INTO cidade VALUES(2202778,'COLONIA DO PIAUI','2202778',22);
INSERT INTO cidade VALUES(2202802,'CONCEICAO DO CANINDE','2202802',22);
INSERT INTO cidade VALUES(2202851,'CORONEL JOSE DIAS','2202851',22);
INSERT INTO cidade VALUES(2202901,'CORRENTE','2202901',22);
INSERT INTO cidade VALUES(2203008,'CRISTALANDIA DO PIAUI','2203008',22);
INSERT INTO cidade VALUES(2203107,'CRISTINO CASTRO','2203107',22);
INSERT INTO cidade VALUES(2203206,'CURIMATA','2203206',22);
INSERT INTO cidade VALUES(2203230,'CURRAIS','2203230',22);
INSERT INTO cidade VALUES(2203255,'CURRALINHOS','2203255',22);
INSERT INTO cidade VALUES(2203271,'CURRAL NOVO DO PIAUI','2203271',22);
INSERT INTO cidade VALUES(2203305,'DEMERVAL LOBAO','2203305',22);
INSERT INTO cidade VALUES(2203354,'DIRCEU ARCOVERDE','2203354',22);
INSERT INTO cidade VALUES(2203404,'DOM EXPEDITO LOPES','2203404',22);
INSERT INTO cidade VALUES(2203420,'DOMINGOS MOURAO','2203420',22);
INSERT INTO cidade VALUES(2203453,'DOM INOCENCIO','2203453',22);
INSERT INTO cidade VALUES(2203503,'ELESBAO VELOSO','2203503',22);
INSERT INTO cidade VALUES(2203602,'ELISEU MARTINS','2203602',22);
INSERT INTO cidade VALUES(2203701,'ESPERANTINA','2203701',22);
INSERT INTO cidade VALUES(2203750,'FARTURA DO PIAUI','2203750',22);
INSERT INTO cidade VALUES(2203800,'FLORES DO PIAUI','2203800',22);
INSERT INTO cidade VALUES(2203859,'FLORESTA DO PIAUI','2203859',22);
INSERT INTO cidade VALUES(2203909,'FLORIANO','2203909',22);
INSERT INTO cidade VALUES(2204006,'FRANCINOPOLIS','2204006',22);
INSERT INTO cidade VALUES(2204105,'FRANCISCO AYRES','2204105',22);
INSERT INTO cidade VALUES(2204154,'FRANCISCO MACEDO','2204154',22);
INSERT INTO cidade VALUES(2204204,'FRANCISCO SANTOS','2204204',22);
INSERT INTO cidade VALUES(2204303,'FRONTEIRAS','2204303',22);
INSERT INTO cidade VALUES(2204352,'GEMINIANO','2204352',22);
INSERT INTO cidade VALUES(2204402,'GILBUES','2204402',22);
INSERT INTO cidade VALUES(2204501,'GUADALUPE','2204501',22);
INSERT INTO cidade VALUES(2204550,'GUARIBAS','2204550',22);
INSERT INTO cidade VALUES(2204600,'HUGO NAPOLEAO','2204600',22);
INSERT INTO cidade VALUES(2204659,'ILHA GRANDE','2204659',22);
INSERT INTO cidade VALUES(2204709,'INHUMA','2204709',22);
INSERT INTO cidade VALUES(2204808,'IPIRANGA DO PIAUI','2204808',22);
INSERT INTO cidade VALUES(2204907,'ISAIAS COELHO','2204907',22);
INSERT INTO cidade VALUES(2205003,'ITAINOPOLIS','2205003',22);
INSERT INTO cidade VALUES(2205102,'ITAUEIRA','2205102',22);
INSERT INTO cidade VALUES(2205151,'JACOBINA DO PIAUI','2205151',22);
INSERT INTO cidade VALUES(2205201,'JAICOS','2205201',22);
INSERT INTO cidade VALUES(2205250,'JARDIM DO MULATO','2205250',22);
INSERT INTO cidade VALUES(2205276,'JATOBA DO PIAUI','2205276',22);
INSERT INTO cidade VALUES(2205300,'JERUMENHA','2205300',22);
INSERT INTO cidade VALUES(2205359,'JOAO COSTA','2205359',22);
INSERT INTO cidade VALUES(2205409,'JOAQUIM PIRES','2205409',22);
INSERT INTO cidade VALUES(2205458,'JOCA MARQUES','2205458',22);
INSERT INTO cidade VALUES(2205508,'JOSE DE FREITAS','2205508',22);
INSERT INTO cidade VALUES(2205516,'JUAZEIRO DO PIAUI','2205516',22);
INSERT INTO cidade VALUES(2205524,'JULIO BORGES','2205524',22);
INSERT INTO cidade VALUES(2205532,'JUREMA','2205532',22);
INSERT INTO cidade VALUES(2205540,'LAGOINHA DO PIAUI','2205540',22);
INSERT INTO cidade VALUES(2205557,'LAGOA ALEGRE','2205557',22);
INSERT INTO cidade VALUES(2205565,'LAGOA DO BARRO DO PIAUI','2205565',22);
INSERT INTO cidade VALUES(2205573,'LAGOA DE SAO FRANCISCO','2205573',22);
INSERT INTO cidade VALUES(2205581,'LAGOA DO PIAUI','2205581',22);
INSERT INTO cidade VALUES(2205599,'LAGOA DO SITIO','2205599',22);
INSERT INTO cidade VALUES(2205607,'LANDRI SALES','2205607',22);
INSERT INTO cidade VALUES(2205706,'LUIS CORREIA','2205706',22);
INSERT INTO cidade VALUES(2205805,'LUZILANDIA','2205805',22);
INSERT INTO cidade VALUES(2205854,'MADEIRO','2205854',22);
INSERT INTO cidade VALUES(2205904,'MANOEL EMIDIO','2205904',22);
INSERT INTO cidade VALUES(2205953,'MARCOLANDIA','2205953',22);
INSERT INTO cidade VALUES(2206001,'MARCOS PARENTE','2206001',22);
INSERT INTO cidade VALUES(2206050,'MASSAPE DO PIAUI','2206050',22);
INSERT INTO cidade VALUES(2206100,'MATIAS OLIMPIO','2206100',22);
INSERT INTO cidade VALUES(2206209,'MIGUEL ALVES','2206209',22);
INSERT INTO cidade VALUES(2206308,'MIGUEL LEAO','2206308',22);
INSERT INTO cidade VALUES(2206357,'MILTON BRANDAO','2206357',22);
INSERT INTO cidade VALUES(2206407,'MONSENHOR GIL','2206407',22);
INSERT INTO cidade VALUES(2206506,'MONSENHOR HIPOLITO','2206506',22);
INSERT INTO cidade VALUES(2206605,'MONTE ALEGRE DO PIAUI','2206605',22);
INSERT INTO cidade VALUES(2206654,'MORRO CABECA NO TEMPO','2206654',22);
INSERT INTO cidade VALUES(2206670,'MORRO DO CHAPEU DO PIAUI','2206670',22);
INSERT INTO cidade VALUES(2206696,'MURICI DOS PORTELAS','2206696',22);
INSERT INTO cidade VALUES(2206704,'NAZARE DO PIAUI','2206704',22);
INSERT INTO cidade VALUES(2206753,'NOSSA SENHORA DE NAZARE','2206753',22);
INSERT INTO cidade VALUES(2206803,'NOSSA SENHORA DOS REMEDIOS','2206803',22);
INSERT INTO cidade VALUES(2206902,'NOVO ORIENTE DO PIAUI','2206902',22);
INSERT INTO cidade VALUES(2206951,'NOVO SANTO ANTONIO','2206951',22);
INSERT INTO cidade VALUES(2207009,'OEIRAS','2207009',22);
INSERT INTO cidade VALUES(2207108,'OLHO D''AGUA DO PIAUI','2207108',22);
INSERT INTO cidade VALUES(2207207,'PADRE MARCOS','2207207',22);
INSERT INTO cidade VALUES(2207306,'PAES LANDIM','2207306',22);
INSERT INTO cidade VALUES(2207355,'PAJEU DO PIAUI','2207355',22);
INSERT INTO cidade VALUES(2207405,'PALMEIRA DO PIAUI','2207405',22);
INSERT INTO cidade VALUES(2207504,'PALMEIRAIS','2207504',22);
INSERT INTO cidade VALUES(2207553,'PAQUETA','2207553',22);
INSERT INTO cidade VALUES(2207603,'PARNAGUA','2207603',22);
INSERT INTO cidade VALUES(2207702,'PARNAIBA','2207702',22);
INSERT INTO cidade VALUES(2207751,'PASSAGEM FRANCA DO PIAUI','2207751',22);
INSERT INTO cidade VALUES(2207777,'PATOS DO PIAUI','2207777',22);
INSERT INTO cidade VALUES(2207793,'PAU D''ARCO DO PIAUI','2207793',22);
INSERT INTO cidade VALUES(2207801,'PAULISTANA','2207801',22);
INSERT INTO cidade VALUES(2207850,'PAVUSSU','2207850',22);
INSERT INTO cidade VALUES(2207900,'PEDRO II','2207900',22);
INSERT INTO cidade VALUES(2207934,'PEDRO LAURENTINO','2207934',22);
INSERT INTO cidade VALUES(2207959,'NOVA SANTA RITA','2207959',22);
INSERT INTO cidade VALUES(2208007,'PICOS','2208007',22);
INSERT INTO cidade VALUES(2208106,'PIMENTEIRAS','2208106',22);
INSERT INTO cidade VALUES(2208205,'PIO IX','2208205',22);
INSERT INTO cidade VALUES(2208304,'PIRACURUCA','2208304',22);
INSERT INTO cidade VALUES(2208403,'PIRIPIRI','2208403',22);
INSERT INTO cidade VALUES(2208502,'PORTO','2208502',22);
INSERT INTO cidade VALUES(2208551,'PORTO ALEGRE DO PIAUI','2208551',22);
INSERT INTO cidade VALUES(2208601,'PRATA DO PIAUI','2208601',22);
INSERT INTO cidade VALUES(2208650,'QUEIMADA NOVA','2208650',22);
INSERT INTO cidade VALUES(2208700,'REDENCAO DO GURGUEIA','2208700',22);
INSERT INTO cidade VALUES(2208809,'REGENERACAO','2208809',22);
INSERT INTO cidade VALUES(2208858,'RIACHO FRIO','2208858',22);
INSERT INTO cidade VALUES(2208874,'RIBEIRA DO PIAUI','2208874',22);
INSERT INTO cidade VALUES(2208908,'RIBEIRO GONCALVES','2208908',22);
INSERT INTO cidade VALUES(2209005,'RIO GRANDE DO PIAUI','2209005',22);
INSERT INTO cidade VALUES(2209104,'SANTA CRUZ DO PIAUI','2209104',22);
INSERT INTO cidade VALUES(2209153,'SANTA CRUZ DOS MILAGRES','2209153',22);
INSERT INTO cidade VALUES(2209203,'SANTA FILOMENA','2209203',22);
INSERT INTO cidade VALUES(2209302,'SANTA LUZ','2209302',22);
INSERT INTO cidade VALUES(2209351,'SANTANA DO PIAUI','2209351',22);
INSERT INTO cidade VALUES(2209377,'SANTA ROSA DO PIAUI','2209377',22);
INSERT INTO cidade VALUES(2209401,'SANTO ANTONIO DE LISBOA','2209401',22);
INSERT INTO cidade VALUES(2209450,'SANTO ANTONIO DOS MILAGRES','2209450',22);
INSERT INTO cidade VALUES(2209500,'SANTO INACIO DO PIAUI','2209500',22);
INSERT INTO cidade VALUES(2209559,'SAO BRAZ DO PIAUI','2209559',22);
INSERT INTO cidade VALUES(2209609,'SAO FELIX DO PIAUI','2209609',22);
INSERT INTO cidade VALUES(2209658,'SAO FRANCISCO DE ASSIS DO PIAUI','2209658',22);
INSERT INTO cidade VALUES(2209708,'SAO FRANCISCO DO PIAUI','2209708',22);
INSERT INTO cidade VALUES(2209757,'SAO GONCALO DO GURGUEIA','2209757',22);
INSERT INTO cidade VALUES(2209807,'SAO GONCALO DO PIAUI','2209807',22);
INSERT INTO cidade VALUES(2209856,'SAO JOAO DA CANABRAVA','2209856',22);
INSERT INTO cidade VALUES(2209872,'SAO JOAO DA FRONTEIRA','2209872',22);
INSERT INTO cidade VALUES(2209906,'SAO JOAO DA SERRA','2209906',22);
INSERT INTO cidade VALUES(2209955,'SAO JOAO DA VARJOTA','2209955',22);
INSERT INTO cidade VALUES(2209971,'SAO JOAO DO ARRAIAL','2209971',22);
INSERT INTO cidade VALUES(2210003,'SAO JOAO DO PIAUI','2210003',22);
INSERT INTO cidade VALUES(2210052,'SAO JOSE DO DIVINO','2210052',22);
INSERT INTO cidade VALUES(2210102,'SAO JOSE DO PEIXE','2210102',22);
INSERT INTO cidade VALUES(2210201,'SAO JOSE DO PIAUI','2210201',22);
INSERT INTO cidade VALUES(2210300,'SAO JULIAO','2210300',22);
INSERT INTO cidade VALUES(2210359,'SAO LOURENCO DO PIAUI','2210359',22);
INSERT INTO cidade VALUES(2210375,'SAO LUIS DO PIAUI','2210375',22);
INSERT INTO cidade VALUES(2210383,'SAO MIGUEL DA BAIXA GRANDE','2210383',22);
INSERT INTO cidade VALUES(2210391,'SAO MIGUEL DO FIDALGO','2210391',22);
INSERT INTO cidade VALUES(2210409,'SAO MIGUEL DO TAPUIO','2210409',22);
INSERT INTO cidade VALUES(2210508,'SAO PEDRO DO PIAUI','2210508',22);
INSERT INTO cidade VALUES(2210607,'SAO RAIMUNDO NONATO','2210607',22);
INSERT INTO cidade VALUES(2210623,'SEBASTIAO BARROS','2210623',22);
INSERT INTO cidade VALUES(2210631,'SEBASTIAO LEAL','2210631',22);
INSERT INTO cidade VALUES(2210656,'SIGEFREDO PACHECO','2210656',22);
INSERT INTO cidade VALUES(2210706,'SIMOES','2210706',22);
INSERT INTO cidade VALUES(2210805,'SIMPLICIO MENDES','2210805',22);
INSERT INTO cidade VALUES(2210904,'SOCORRO DO PIAUI','2210904',22);
INSERT INTO cidade VALUES(2210938,'SUSSUAPARA','2210938',22);
INSERT INTO cidade VALUES(2210953,'TAMBORIL DO PIAUI','2210953',22);
INSERT INTO cidade VALUES(2210979,'TANQUE DO PIAUI','2210979',22);
INSERT INTO cidade VALUES(2211001,'TERESINA','2211001',22);
INSERT INTO cidade VALUES(2211100,'UNIAO','2211100',22);
INSERT INTO cidade VALUES(2211209,'URUCUI','2211209',22);
INSERT INTO cidade VALUES(2211308,'VALENCA DO PIAUI','2211308',22);
INSERT INTO cidade VALUES(2211357,'VARZEA BRANCA','2211357',22);
INSERT INTO cidade VALUES(2211407,'VARZEA GRANDE','2211407',22);
INSERT INTO cidade VALUES(2211506,'VERA MENDES','2211506',22);
INSERT INTO cidade VALUES(2211605,'VILA NOVA DO PIAUI','2211605',22);
INSERT INTO cidade VALUES(2211704,'WALL FERRAZ','2211704',22);
INSERT INTO cidade VALUES(2300101,'ABAIARA','2300101',23);
INSERT INTO cidade VALUES(2300150,'ACARAPE','2300150',23);
INSERT INTO cidade VALUES(2300200,'ACARAU','2300200',23);
INSERT INTO cidade VALUES(2300309,'ACOPIARA','2300309',23);
INSERT INTO cidade VALUES(2300408,'AIUABA','2300408',23);
INSERT INTO cidade VALUES(2300507,'ALCANTARAS','2300507',23);
INSERT INTO cidade VALUES(2300606,'ALTANEIRA','2300606',23);
INSERT INTO cidade VALUES(2300705,'ALTO SANTO','2300705',23);
INSERT INTO cidade VALUES(2300754,'AMONTADA','2300754',23);
INSERT INTO cidade VALUES(2300804,'ANTONINA DO NORTE','2300804',23);
INSERT INTO cidade VALUES(2300903,'APUIARES','2300903',23);
INSERT INTO cidade VALUES(2301000,'AQUIRAZ','2301000',23);
INSERT INTO cidade VALUES(2301109,'ARACATI','2301109',23);
INSERT INTO cidade VALUES(2301208,'ARACOIABA','2301208',23);
INSERT INTO cidade VALUES(2301257,'ARARENDA','2301257',23);
INSERT INTO cidade VALUES(2301307,'ARARIPE','2301307',23);
INSERT INTO cidade VALUES(2301406,'ARATUBA','2301406',23);
INSERT INTO cidade VALUES(2301505,'ARNEIROZ','2301505',23);
INSERT INTO cidade VALUES(2301604,'ASSARE','2301604',23);
INSERT INTO cidade VALUES(2301703,'AURORA','2301703',23);
INSERT INTO cidade VALUES(2301802,'BAIXIO','2301802',23);
INSERT INTO cidade VALUES(2301851,'BANABUIU','2301851',23);
INSERT INTO cidade VALUES(2301901,'BARBALHA','2301901',23);
INSERT INTO cidade VALUES(2301950,'BARREIRA','2301950',23);
INSERT INTO cidade VALUES(2302008,'BARRO','2302008',23);
INSERT INTO cidade VALUES(2302057,'BARROQUINHA','2302057',23);
INSERT INTO cidade VALUES(2302107,'BATURITE','2302107',23);
INSERT INTO cidade VALUES(2302206,'BEBERIBE','2302206',23);
INSERT INTO cidade VALUES(2302305,'BELA CRUZ','2302305',23);
INSERT INTO cidade VALUES(2302404,'BOA VIAGEM','2302404',23);
INSERT INTO cidade VALUES(2302503,'BREJO SANTO','2302503',23);
INSERT INTO cidade VALUES(2302602,'CAMOCIM','2302602',23);
INSERT INTO cidade VALUES(2302701,'CAMPOS SALES','2302701',23);
INSERT INTO cidade VALUES(2302800,'CANINDE','2302800',23);
INSERT INTO cidade VALUES(2302909,'CAPISTRANO','2302909',23);
INSERT INTO cidade VALUES(2303006,'CARIDADE','2303006',23);
INSERT INTO cidade VALUES(2303105,'CARIRE','2303105',23);
INSERT INTO cidade VALUES(2303204,'CARIRIACU','2303204',23);
INSERT INTO cidade VALUES(2303303,'CARIUS','2303303',23);
INSERT INTO cidade VALUES(2303402,'CARNAUBAL','2303402',23);
INSERT INTO cidade VALUES(2303501,'CASCAVEL','2303501',23);
INSERT INTO cidade VALUES(2303600,'CATARINA','2303600',23);
INSERT INTO cidade VALUES(2303659,'CATUNDA','2303659',23);
INSERT INTO cidade VALUES(2303709,'CAUCAIA','2303709',23);
INSERT INTO cidade VALUES(2303808,'CEDRO','2303808',23);
INSERT INTO cidade VALUES(2303907,'CHAVAL','2303907',23);
INSERT INTO cidade VALUES(2303931,'CHORO','2303931',23);
INSERT INTO cidade VALUES(2303956,'CHOROZINHO','2303956',23);
INSERT INTO cidade VALUES(2304004,'COREAU','2304004',23);
INSERT INTO cidade VALUES(2304103,'CRATEUS','2304103',23);
INSERT INTO cidade VALUES(2304202,'CRATO','2304202',23);
INSERT INTO cidade VALUES(2304236,'CROATA','2304236',23);
INSERT INTO cidade VALUES(2304251,'CRUZ','2304251',23);
INSERT INTO cidade VALUES(2304269,'DEPUTADO IRAPUAN PINHEIRO','2304269',23);
INSERT INTO cidade VALUES(2304277,'ERERE','2304277',23);
INSERT INTO cidade VALUES(2304285,'EUSEBIO','2304285',23);
INSERT INTO cidade VALUES(2304301,'FARIAS BRITO','2304301',23);
INSERT INTO cidade VALUES(2304350,'FORQUILHA','2304350',23);
INSERT INTO cidade VALUES(2304400,'FORTALEZA','2304400',23);
INSERT INTO cidade VALUES(2304459,'FORTIM','2304459',23);
INSERT INTO cidade VALUES(2304509,'FRECHEIRINHA','2304509',23);
INSERT INTO cidade VALUES(2304608,'GENERAL SAMPAIO','2304608',23);
INSERT INTO cidade VALUES(2304657,'GRACA','2304657',23);
INSERT INTO cidade VALUES(2304707,'GRANJA','2304707',23);
INSERT INTO cidade VALUES(2304806,'GRANJEIRO','2304806',23);
INSERT INTO cidade VALUES(2304905,'GROAIRAS','2304905',23);
INSERT INTO cidade VALUES(2304954,'GUAIUBA','2304954',23);
INSERT INTO cidade VALUES(2305001,'GUARACIABA DO NORTE','2305001',23);
INSERT INTO cidade VALUES(2305100,'GUARAMIRANGA','2305100',23);
INSERT INTO cidade VALUES(2305209,'HIDROLANDIA','2305209',23);
INSERT INTO cidade VALUES(2305233,'HORIZONTE','2305233',23);
INSERT INTO cidade VALUES(2305266,'IBARETAMA','2305266',23);
INSERT INTO cidade VALUES(2305308,'IBIAPINA','2305308',23);
INSERT INTO cidade VALUES(2305332,'IBICUITINGA','2305332',23);
INSERT INTO cidade VALUES(2305357,'ICAPUI','2305357',23);
INSERT INTO cidade VALUES(2305407,'ICO','2305407',23);
INSERT INTO cidade VALUES(2305506,'IGUATU','2305506',23);
INSERT INTO cidade VALUES(2305605,'INDEPENDENCIA','2305605',23);
INSERT INTO cidade VALUES(2305654,'IPAPORANGA','2305654',23);
INSERT INTO cidade VALUES(2305704,'IPAUMIRIM','2305704',23);
INSERT INTO cidade VALUES(2305803,'IPU','2305803',23);
INSERT INTO cidade VALUES(2305902,'IPUEIRAS','2305902',23);
INSERT INTO cidade VALUES(2306009,'IRACEMA','2306009',23);
INSERT INTO cidade VALUES(2306108,'IRAUCUBA','2306108',23);
INSERT INTO cidade VALUES(2306207,'ITAICABA','2306207',23);
INSERT INTO cidade VALUES(2306256,'ITAITINGA','2306256',23);
INSERT INTO cidade VALUES(2306306,'ITAPAGE','2306306',23);
INSERT INTO cidade VALUES(2306405,'ITAPIPOCA','2306405',23);
INSERT INTO cidade VALUES(2306504,'ITAPIUNA','2306504',23);
INSERT INTO cidade VALUES(2306553,'ITAREMA','2306553',23);
INSERT INTO cidade VALUES(2306603,'ITATIRA','2306603',23);
INSERT INTO cidade VALUES(2306702,'JAGUARETAMA','2306702',23);
INSERT INTO cidade VALUES(2306801,'JAGUARIBARA','2306801',23);
INSERT INTO cidade VALUES(2306900,'JAGUARIBE','2306900',23);
INSERT INTO cidade VALUES(2307007,'JAGUARUANA','2307007',23);
INSERT INTO cidade VALUES(2307106,'JARDIM','2307106',23);
INSERT INTO cidade VALUES(2307205,'JATI','2307205',23);
INSERT INTO cidade VALUES(2307254,'JIJOCA DE JERICOACOARA','2307254',23);
INSERT INTO cidade VALUES(2307304,'JUAZEIRO DO NORTE','2307304',23);
INSERT INTO cidade VALUES(2307403,'JUCAS','2307403',23);
INSERT INTO cidade VALUES(2307502,'LAVRAS DA MANGABEIRA','2307502',23);
INSERT INTO cidade VALUES(2307601,'LIMOEIRO DO NORTE','2307601',23);
INSERT INTO cidade VALUES(2307635,'MADALENA','2307635',23);
INSERT INTO cidade VALUES(2307650,'MARACANAU','2307650',23);
INSERT INTO cidade VALUES(2307700,'MARANGUAPE','2307700',23);
INSERT INTO cidade VALUES(2307809,'MARCO','2307809',23);
INSERT INTO cidade VALUES(2307908,'MARTINOPOLE','2307908',23);
INSERT INTO cidade VALUES(2308005,'MASSAPE','2308005',23);
INSERT INTO cidade VALUES(2308104,'MAURITI','2308104',23);
INSERT INTO cidade VALUES(2308203,'MERUOCA','2308203',23);
INSERT INTO cidade VALUES(2308302,'MILAGRES','2308302',23);
INSERT INTO cidade VALUES(2308351,'MILHA','2308351',23);
INSERT INTO cidade VALUES(2308377,'MIRAIMA','2308377',23);
INSERT INTO cidade VALUES(2308401,'MISSAO VELHA','2308401',23);
INSERT INTO cidade VALUES(2308500,'MOMBACA','2308500',23);
INSERT INTO cidade VALUES(2308609,'MONSENHOR TABOSA','2308609',23);
INSERT INTO cidade VALUES(2308708,'MORADA NOVA','2308708',23);
INSERT INTO cidade VALUES(2308807,'MORAUJO','2308807',23);
INSERT INTO cidade VALUES(2308906,'MORRINHOS','2308906',23);
INSERT INTO cidade VALUES(2309003,'MUCAMBO','2309003',23);
INSERT INTO cidade VALUES(2309102,'MULUNGU','2309102',23);
INSERT INTO cidade VALUES(2309201,'NOVA OLINDA','2309201',23);
INSERT INTO cidade VALUES(2309300,'NOVA RUSSAS','2309300',23);
INSERT INTO cidade VALUES(2309409,'NOVO ORIENTE','2309409',23);
INSERT INTO cidade VALUES(2309458,'OCARA','2309458',23);
INSERT INTO cidade VALUES(2309508,'OROS','2309508',23);
INSERT INTO cidade VALUES(2309607,'PACAJUS','2309607',23);
INSERT INTO cidade VALUES(2309706,'PACATUBA','2309706',23);
INSERT INTO cidade VALUES(2309805,'PACOTI','2309805',23);
INSERT INTO cidade VALUES(2309904,'PACUJA','2309904',23);
INSERT INTO cidade VALUES(2310001,'PALHANO','2310001',23);
INSERT INTO cidade VALUES(2310100,'PALMACIA','2310100',23);
INSERT INTO cidade VALUES(2310209,'PARACURU','2310209',23);
INSERT INTO cidade VALUES(2310258,'PARAIPABA','2310258',23);
INSERT INTO cidade VALUES(2310308,'PARAMBU','2310308',23);
INSERT INTO cidade VALUES(2310407,'PARAMOTI','2310407',23);
INSERT INTO cidade VALUES(2310506,'PEDRA BRANCA','2310506',23);
INSERT INTO cidade VALUES(2310605,'PENAFORTE','2310605',23);
INSERT INTO cidade VALUES(2310704,'PENTECOSTE','2310704',23);
INSERT INTO cidade VALUES(2310803,'PEREIRO','2310803',23);
INSERT INTO cidade VALUES(2310852,'PINDORETAMA','2310852',23);
INSERT INTO cidade VALUES(2310902,'PIQUET CARNEIRO','2310902',23);
INSERT INTO cidade VALUES(2310951,'PIRES FERREIRA','2310951',23);
INSERT INTO cidade VALUES(2311009,'PORANGA','2311009',23);
INSERT INTO cidade VALUES(2311108,'PORTEIRAS','2311108',23);
INSERT INTO cidade VALUES(2311207,'POTENGI','2311207',23);
INSERT INTO cidade VALUES(2311231,'POTIRETAMA','2311231',23);
INSERT INTO cidade VALUES(2311264,'QUITERIANOPOLIS','2311264',23);
INSERT INTO cidade VALUES(2311306,'QUIXADA','2311306',23);
INSERT INTO cidade VALUES(2311355,'QUIXELO','2311355',23);
INSERT INTO cidade VALUES(2311405,'QUIXERAMOBIM','2311405',23);
INSERT INTO cidade VALUES(2311504,'QUIXERE','2311504',23);
INSERT INTO cidade VALUES(2311603,'REDENCAO','2311603',23);
INSERT INTO cidade VALUES(2311702,'RERIUTABA','2311702',23);
INSERT INTO cidade VALUES(2311801,'RUSSAS','2311801',23);
INSERT INTO cidade VALUES(2311900,'SABOEIRO','2311900',23);
INSERT INTO cidade VALUES(2311959,'SALITRE','2311959',23);
INSERT INTO cidade VALUES(2312007,'SANTANA DO ACARAU','2312007',23);
INSERT INTO cidade VALUES(2312106,'SANTANA DO CARIRI','2312106',23);
INSERT INTO cidade VALUES(2312205,'SANTA QUITERIA','2312205',23);
INSERT INTO cidade VALUES(2312304,'SAO BENEDITO','2312304',23);
INSERT INTO cidade VALUES(2312403,'SAO GONCALO DO AMARANTE','2312403',23);
INSERT INTO cidade VALUES(2312502,'SAO JOAO DO JAGUARIBE','2312502',23);
INSERT INTO cidade VALUES(2312601,'SAO LUIS DO CURU','2312601',23);
INSERT INTO cidade VALUES(2312700,'SENADOR POMPEU','2312700',23);
INSERT INTO cidade VALUES(2312809,'SENADOR SA','2312809',23);
INSERT INTO cidade VALUES(2312908,'SOBRAL','2312908',23);
INSERT INTO cidade VALUES(2313005,'SOLONOPOLE','2313005',23);
INSERT INTO cidade VALUES(2313104,'TABULEIRO DO NORTE','2313104',23);
INSERT INTO cidade VALUES(2313203,'TAMBORIL','2313203',23);
INSERT INTO cidade VALUES(2313252,'TARRAFAS','2313252',23);
INSERT INTO cidade VALUES(2313302,'TAUA','2313302',23);
INSERT INTO cidade VALUES(2313351,'TEJUCUOCA','2313351',23);
INSERT INTO cidade VALUES(2313401,'TIANGUA','2313401',23);
INSERT INTO cidade VALUES(2313500,'TRAIRI','2313500',23);
INSERT INTO cidade VALUES(2313559,'TURURU','2313559',23);
INSERT INTO cidade VALUES(2313609,'UBAJARA','2313609',23);
INSERT INTO cidade VALUES(2313708,'UMARI','2313708',23);
INSERT INTO cidade VALUES(2313757,'UMIRIM','2313757',23);
INSERT INTO cidade VALUES(2313807,'URUBURETAMA','2313807',23);
INSERT INTO cidade VALUES(2313906,'URUOCA','2313906',23);
INSERT INTO cidade VALUES(2313955,'VARJOTA','2313955',23);
INSERT INTO cidade VALUES(2314003,'VARZEA ALEGRE','2314003',23);
INSERT INTO cidade VALUES(2314102,'VICOSA DO CEARA','2314102',23);
INSERT INTO cidade VALUES(2400109,'ACARI','2400109',24);
INSERT INTO cidade VALUES(2400208,'ACU','2400208',24);
INSERT INTO cidade VALUES(2400307,'AFONSO BEZERRA','2400307',24);
INSERT INTO cidade VALUES(2400406,'AGUA NOVA','2400406',24);
INSERT INTO cidade VALUES(2400505,'ALEXANDRIA','2400505',24);
INSERT INTO cidade VALUES(2400604,'ALMINO AFONSO','2400604',24);
INSERT INTO cidade VALUES(2400703,'ALTO DO RODRIGUES','2400703',24);
INSERT INTO cidade VALUES(2400802,'ANGICOS','2400802',24);
INSERT INTO cidade VALUES(2400901,'ANTONIO MARTINS','2400901',24);
INSERT INTO cidade VALUES(2401008,'APODI','2401008',24);
INSERT INTO cidade VALUES(2401107,'AREIA BRANCA','2401107',24);
INSERT INTO cidade VALUES(2401206,'ARES','2401206',24);
INSERT INTO cidade VALUES(2401305,'AUGUSTO SEVERO','2401305',24);
INSERT INTO cidade VALUES(2401404,'BAIA FORMOSA','2401404',24);
INSERT INTO cidade VALUES(2401453,'BARAUNA','2401453',24);
INSERT INTO cidade VALUES(2401503,'BARCELONA','2401503',24);
INSERT INTO cidade VALUES(2401602,'BENTO FERNANDES','2401602',24);
INSERT INTO cidade VALUES(2401651,'BODO','2401651',24);
INSERT INTO cidade VALUES(2401701,'BOM JESUS','2401701',24);
INSERT INTO cidade VALUES(2401800,'BREJINHO','2401800',24);
INSERT INTO cidade VALUES(2401859,'CAICARA DO NORTE','2401859',24);
INSERT INTO cidade VALUES(2401909,'CAICARA DO RIO DO VENTO','2401909',24);
INSERT INTO cidade VALUES(2402006,'CAICO','2402006',24);
INSERT INTO cidade VALUES(2402105,'CAMPO REDONDO','2402105',24);
INSERT INTO cidade VALUES(2402204,'CANGUARETAMA','2402204',24);
INSERT INTO cidade VALUES(2402303,'CARAUBAS','2402303',24);
INSERT INTO cidade VALUES(2402402,'CARNAUBA DOS DANTAS','2402402',24);
INSERT INTO cidade VALUES(2402501,'CARNAUBAIS','2402501',24);
INSERT INTO cidade VALUES(2402600,'CEARA-MIRIM','2402600',24);
INSERT INTO cidade VALUES(2402709,'CERRO CORA','2402709',24);
INSERT INTO cidade VALUES(2402808,'CORONEL EZEQUIEL','2402808',24);
INSERT INTO cidade VALUES(2402907,'CORONEL JOAO PESSOA','2402907',24);
INSERT INTO cidade VALUES(2403004,'CRUZETA','2403004',24);
INSERT INTO cidade VALUES(2403103,'CURRAIS NOVOS','2403103',24);
INSERT INTO cidade VALUES(2403202,'DOUTOR SEVERIANO','2403202',24);
INSERT INTO cidade VALUES(2403251,'PARNAMIRIM','2403251',24);
INSERT INTO cidade VALUES(2403301,'ENCANTO','2403301',24);
INSERT INTO cidade VALUES(2403400,'EQUADOR','2403400',24);
INSERT INTO cidade VALUES(2403509,'ESPIRITO SANTO','2403509',24);
INSERT INTO cidade VALUES(2403608,'EXTREMOZ','2403608',24);
INSERT INTO cidade VALUES(2403707,'FELIPE GUERRA','2403707',24);
INSERT INTO cidade VALUES(2403756,'FERNANDO PEDROZA','2403756',24);
INSERT INTO cidade VALUES(2403806,'FLORANIA','2403806',24);
INSERT INTO cidade VALUES(2403905,'FRANCISCO DANTAS','2403905',24);
INSERT INTO cidade VALUES(2404002,'FRUTUOSO GOMES','2404002',24);
INSERT INTO cidade VALUES(2404101,'GALINHOS','2404101',24);
INSERT INTO cidade VALUES(2404200,'GOIANINHA','2404200',24);
INSERT INTO cidade VALUES(2404309,'GOVERNADOR DIX-SEPT ROSADO','2404309',24);
INSERT INTO cidade VALUES(2404408,'GROSSOS','2404408',24);
INSERT INTO cidade VALUES(2404507,'GUAMARE','2404507',24);
INSERT INTO cidade VALUES(2404606,'IELMO MARINHO','2404606',24);
INSERT INTO cidade VALUES(2404705,'IPANGUACU','2404705',24);
INSERT INTO cidade VALUES(2404804,'IPUEIRA','2404804',24);
INSERT INTO cidade VALUES(2404853,'ITAJA','2404853',24);
INSERT INTO cidade VALUES(2404903,'ITAU','2404903',24);
INSERT INTO cidade VALUES(2405009,'JACANA','2405009',24);
INSERT INTO cidade VALUES(2405108,'JANDAIRA','2405108',24);
INSERT INTO cidade VALUES(2405207,'JANDUIS','2405207',24);
INSERT INTO cidade VALUES(2405306,'JANUARIO CICCO','2405306',24);
INSERT INTO cidade VALUES(2405405,'JAPI','2405405',24);
INSERT INTO cidade VALUES(2405504,'JARDIM DE ANGICOS','2405504',24);
INSERT INTO cidade VALUES(2405603,'JARDIM DE PIRANHAS','2405603',24);
INSERT INTO cidade VALUES(2405702,'JARDIM DO SERIDO','2405702',24);
INSERT INTO cidade VALUES(2405801,'JOAO CAMARA','2405801',24);
INSERT INTO cidade VALUES(2405900,'JOAO DIAS','2405900',24);
INSERT INTO cidade VALUES(2406007,'JOSE DA PENHA','2406007',24);
INSERT INTO cidade VALUES(2406106,'JUCURUTU','2406106',24);
INSERT INTO cidade VALUES(2406155,'JUNDIA','2406155',24);
INSERT INTO cidade VALUES(2406205,'LAGOA D''ANTA','2406205',24);
INSERT INTO cidade VALUES(2406304,'LAGOA DE PEDRAS','2406304',24);
INSERT INTO cidade VALUES(2406403,'LAGOA DE VELHOS','2406403',24);
INSERT INTO cidade VALUES(2406502,'LAGOA NOVA','2406502',24);
INSERT INTO cidade VALUES(2406601,'LAGOA SALGADA','2406601',24);
INSERT INTO cidade VALUES(2406700,'LAJES','2406700',24);
INSERT INTO cidade VALUES(2406809,'LAJES PINTADAS','2406809',24);
INSERT INTO cidade VALUES(2406908,'LUCRECIA','2406908',24);
INSERT INTO cidade VALUES(2407005,'LUIS GOMES','2407005',24);
INSERT INTO cidade VALUES(2407104,'MACAIBA','2407104',24);
INSERT INTO cidade VALUES(2407203,'MACAU','2407203',24);
INSERT INTO cidade VALUES(2407252,'MAJOR SALES','2407252',24);
INSERT INTO cidade VALUES(2407302,'MARCELINO VIEIRA','2407302',24);
INSERT INTO cidade VALUES(2407401,'MARTINS','2407401',24);
INSERT INTO cidade VALUES(2407500,'MAXARANGUAPE','2407500',24);
INSERT INTO cidade VALUES(2407609,'MESSIAS TARGINO','2407609',24);
INSERT INTO cidade VALUES(2407708,'MONTANHAS','2407708',24);
INSERT INTO cidade VALUES(2407807,'MONTE ALEGRE','2407807',24);
INSERT INTO cidade VALUES(2407906,'MONTE DAS GAMELEIRAS','2407906',24);
INSERT INTO cidade VALUES(2408003,'MOSSORO','2408003',24);
INSERT INTO cidade VALUES(2408102,'NATAL','2408102',24);
INSERT INTO cidade VALUES(2408201,'NISIA FLORESTA','2408201',24);
INSERT INTO cidade VALUES(2408300,'NOVA CRUZ','2408300',24);
INSERT INTO cidade VALUES(2408409,'OLHO-D''AGUA DO BORGES','2408409',24);
INSERT INTO cidade VALUES(2408508,'OURO BRANCO','2408508',24);
INSERT INTO cidade VALUES(2408607,'PARANA','2408607',24);
INSERT INTO cidade VALUES(2408706,'PARAU','2408706',24);
INSERT INTO cidade VALUES(2408805,'PARAZINHO','2408805',24);
INSERT INTO cidade VALUES(2408904,'PARELHAS','2408904',24);
INSERT INTO cidade VALUES(2408953,'RIO DO FOGO','2408953',24);
INSERT INTO cidade VALUES(2409100,'PASSA E FICA','2409100',24);
INSERT INTO cidade VALUES(2409209,'PASSAGEM','2409209',24);
INSERT INTO cidade VALUES(2409308,'PATU','2409308',24);
INSERT INTO cidade VALUES(2409332,'SANTA MARIA','2409332',24);
INSERT INTO cidade VALUES(2409407,'PAU DOS FERROS','2409407',24);
INSERT INTO cidade VALUES(2409506,'PEDRA GRANDE','2409506',24);
INSERT INTO cidade VALUES(2409605,'PEDRA PRETA','2409605',24);
INSERT INTO cidade VALUES(2409704,'PEDRO AVELINO','2409704',24);
INSERT INTO cidade VALUES(2409803,'PEDRO VELHO','2409803',24);
INSERT INTO cidade VALUES(2409902,'PENDENCIAS','2409902',24);
INSERT INTO cidade VALUES(2410009,'PILOES','2410009',24);
INSERT INTO cidade VALUES(2410108,'POCO BRANCO','2410108',24);
INSERT INTO cidade VALUES(2410207,'PORTALEGRE','2410207',24);
INSERT INTO cidade VALUES(2410256,'PORTO DO MANGUE','2410256',24);
INSERT INTO cidade VALUES(2410306,'PRESIDENTE JUSCELINO','2410306',24);
INSERT INTO cidade VALUES(2410405,'PUREZA','2410405',24);
INSERT INTO cidade VALUES(2410504,'RAFAEL FERNANDES','2410504',24);
INSERT INTO cidade VALUES(2410603,'RAFAEL GODEIRO','2410603',24);
INSERT INTO cidade VALUES(2410702,'RIACHO DA CRUZ','2410702',24);
INSERT INTO cidade VALUES(2410801,'RIACHO DE SANTANA','2410801',24);
INSERT INTO cidade VALUES(2410900,'RIACHUELO','2410900',24);
INSERT INTO cidade VALUES(2411007,'RODOLFO FERNANDES','2411007',24);
INSERT INTO cidade VALUES(2411056,'TIBAU','2411056',24);
INSERT INTO cidade VALUES(2411106,'RUY BARBOSA','2411106',24);
INSERT INTO cidade VALUES(2411205,'SANTA CRUZ','2411205',24);
INSERT INTO cidade VALUES(2411403,'SANTANA DO MATOS','2411403',24);
INSERT INTO cidade VALUES(2411429,'SANTANA DO SERIDO','2411429',24);
INSERT INTO cidade VALUES(2411502,'SANTO ANTONIO','2411502',24);
INSERT INTO cidade VALUES(2411601,'SAO BENTO DO NORTE','2411601',24);
INSERT INTO cidade VALUES(2411700,'SAO BENTO DO TRAIRI','2411700',24);
INSERT INTO cidade VALUES(2411809,'SAO FERNANDO','2411809',24);
INSERT INTO cidade VALUES(2411908,'SAO FRANCISCO DO OESTE','2411908',24);
INSERT INTO cidade VALUES(2412005,'SAO GONCALO DO AMARANTE','2412005',24);
INSERT INTO cidade VALUES(2412104,'SAO JOAO DO SABUGI','2412104',24);
INSERT INTO cidade VALUES(2412203,'SAO JOSE DE MIPIBU','2412203',24);
INSERT INTO cidade VALUES(2412302,'SAO JOSE DO CAMPESTRE','2412302',24);
INSERT INTO cidade VALUES(2412401,'SAO JOSE DO SERIDO','2412401',24);
INSERT INTO cidade VALUES(2412500,'SAO MIGUEL','2412500',24);
INSERT INTO cidade VALUES(2412559,'SAO MIGUEL DO GOSTOSO','2412559',24);
INSERT INTO cidade VALUES(2412609,'SAO PAULO DO POTENGI','2412609',24);
INSERT INTO cidade VALUES(2412708,'SAO PEDRO','2412708',24);
INSERT INTO cidade VALUES(2412807,'SAO RAFAEL','2412807',24);
INSERT INTO cidade VALUES(2412906,'SAO TOME','2412906',24);
INSERT INTO cidade VALUES(2413003,'SAO VICENTE','2413003',24);
INSERT INTO cidade VALUES(2413102,'SENADOR ELOI DE SOUZA','2413102',24);
INSERT INTO cidade VALUES(2413201,'SENADOR GEORGINO AVELINO','2413201',24);
INSERT INTO cidade VALUES(2413300,'SERRA DE SAO BENTO','2413300',24);
INSERT INTO cidade VALUES(2413359,'SERRA DO MEL','2413359',24);
INSERT INTO cidade VALUES(2413409,'SERRA NEGRA DO NORTE','2413409',24);
INSERT INTO cidade VALUES(2413508,'SERRINHA','2413508',24);
INSERT INTO cidade VALUES(2413557,'SERRINHA DOS PINTOS','2413557',24);
INSERT INTO cidade VALUES(2413607,'SEVERIANO MELO','2413607',24);
INSERT INTO cidade VALUES(2413706,'SITIO NOVO','2413706',24);
INSERT INTO cidade VALUES(2413805,'TABOLEIRO GRANDE','2413805',24);
INSERT INTO cidade VALUES(2413904,'TAIPU','2413904',24);
INSERT INTO cidade VALUES(2414001,'TANGARA','2414001',24);
INSERT INTO cidade VALUES(2414100,'TENENTE ANANIAS','2414100',24);
INSERT INTO cidade VALUES(2414159,'TENENTE LAURENTINO CRUZ','2414159',24);
INSERT INTO cidade VALUES(2414209,'TIBAU DO SUL','2414209',24);
INSERT INTO cidade VALUES(2414308,'TIMBAUBA DOS BATISTAS','2414308',24);
INSERT INTO cidade VALUES(2414407,'TOUROS','2414407',24);
INSERT INTO cidade VALUES(2414456,'TRIUNFO POTIGUAR','2414456',24);
INSERT INTO cidade VALUES(2414506,'UMARIZAL','2414506',24);
INSERT INTO cidade VALUES(2414605,'UPANEMA','2414605',24);
INSERT INTO cidade VALUES(2414704,'VARZEA','2414704',24);
INSERT INTO cidade VALUES(2414753,'VENHA-VER','2414753',24);
INSERT INTO cidade VALUES(2414803,'VERA CRUZ','2414803',24);
INSERT INTO cidade VALUES(2414902,'VICOSA','2414902',24);
INSERT INTO cidade VALUES(2415008,'VILA FLOR','2415008',24);
INSERT INTO cidade VALUES(2500106,'AGUA BRANCA','2500106',25);
INSERT INTO cidade VALUES(2500205,'AGUIAR','2500205',25);
INSERT INTO cidade VALUES(2500304,'ALAGOA GRANDE','2500304',25);
INSERT INTO cidade VALUES(2500403,'ALAGOA NOVA','2500403',25);
INSERT INTO cidade VALUES(2500502,'ALAGOINHA','2500502',25);
INSERT INTO cidade VALUES(2500536,'ALCANTIL','2500536',25);
INSERT INTO cidade VALUES(2500577,'ALGODAO DE JANDAIRA','2500577',25);
INSERT INTO cidade VALUES(2500601,'ALHANDRA','2500601',25);
INSERT INTO cidade VALUES(2500700,'SAO JOAO DO RIO DO PEIXE','2500700',25);
INSERT INTO cidade VALUES(2500734,'AMPARO','2500734',25);
INSERT INTO cidade VALUES(2500775,'APARECIDA','2500775',25);
INSERT INTO cidade VALUES(2500809,'ARACAGI','2500809',25);
INSERT INTO cidade VALUES(2500908,'ARARA','2500908',25);
INSERT INTO cidade VALUES(2501005,'ARARUNA','2501005',25);
INSERT INTO cidade VALUES(2501104,'AREIA','2501104',25);
INSERT INTO cidade VALUES(2501153,'AREIA DE BARAUNAS','2501153',25);
INSERT INTO cidade VALUES(2501203,'AREIAL','2501203',25);
INSERT INTO cidade VALUES(2501302,'AROEIRAS','2501302',25);
INSERT INTO cidade VALUES(2501351,'ASSUNCAO','2501351',25);
INSERT INTO cidade VALUES(2501401,'BAIA DA TRAICAO','2501401',25);
INSERT INTO cidade VALUES(2501500,'BANANEIRAS','2501500',25);
INSERT INTO cidade VALUES(2501534,'BARAUNA','2501534',25);
INSERT INTO cidade VALUES(2501575,'BARRA DE SANTANA','2501575',25);
INSERT INTO cidade VALUES(2501609,'BARRA DE SANTA ROSA','2501609',25);
INSERT INTO cidade VALUES(2501708,'BARRA DE SAO MIGUEL','2501708',25);
INSERT INTO cidade VALUES(2501807,'BAYEUX','2501807',25);
INSERT INTO cidade VALUES(2501906,'BELEM','2501906',25);
INSERT INTO cidade VALUES(2502003,'BELEM DO BREJO DO CRUZ','2502003',25);
INSERT INTO cidade VALUES(2502052,'BERNARDINO BATISTA','2502052',25);
INSERT INTO cidade VALUES(2502102,'BOA VENTURA','2502102',25);
INSERT INTO cidade VALUES(2502151,'BOA VISTA','2502151',25);
INSERT INTO cidade VALUES(2502201,'BOM JESUS','2502201',25);
INSERT INTO cidade VALUES(2502300,'BOM SUCESSO','2502300',25);
INSERT INTO cidade VALUES(2502409,'BONITO DE SANTA FE','2502409',25);
INSERT INTO cidade VALUES(2502508,'BOQUEIRAO','2502508',25);
INSERT INTO cidade VALUES(2502607,'IGARACY','2502607',25);
INSERT INTO cidade VALUES(2502706,'BORBOREMA','2502706',25);
INSERT INTO cidade VALUES(2502805,'BREJO DO CRUZ','2502805',25);
INSERT INTO cidade VALUES(2502904,'BREJO DOS SANTOS','2502904',25);
INSERT INTO cidade VALUES(2503001,'CAAPORA','2503001',25);
INSERT INTO cidade VALUES(2503100,'CABACEIRAS','2503100',25);
INSERT INTO cidade VALUES(2503209,'CABEDELO','2503209',25);
INSERT INTO cidade VALUES(2503308,'CACHOEIRA DOS INDIOS','2503308',25);
INSERT INTO cidade VALUES(2503407,'CACIMBA DE AREIA','2503407',25);
INSERT INTO cidade VALUES(2503506,'CACIMBA DE DENTRO','2503506',25);
INSERT INTO cidade VALUES(2503555,'CACIMBAS','2503555',25);
INSERT INTO cidade VALUES(2503605,'CAICARA','2503605',25);
INSERT INTO cidade VALUES(2503704,'CAJAZEIRAS','2503704',25);
INSERT INTO cidade VALUES(2503753,'CAJAZEIRINHAS','2503753',25);
INSERT INTO cidade VALUES(2503803,'CALDAS BRANDAO','2503803',25);
INSERT INTO cidade VALUES(2503902,'CAMALAU','2503902',25);
INSERT INTO cidade VALUES(2504009,'CAMPINA GRANDE','2504009',25);
INSERT INTO cidade VALUES(2504033,'CAPIM','2504033',25);
INSERT INTO cidade VALUES(2504074,'CARAUBAS','2504074',25);
INSERT INTO cidade VALUES(2504108,'CARRAPATEIRA','2504108',25);
INSERT INTO cidade VALUES(2504157,'CASSERENGUE','2504157',25);
INSERT INTO cidade VALUES(2504207,'CATINGUEIRA','2504207',25);
INSERT INTO cidade VALUES(2504306,'CATOLE DO ROCHA','2504306',25);
INSERT INTO cidade VALUES(2504355,'CATURITE','2504355',25);
INSERT INTO cidade VALUES(2504405,'CONCEICAO','2504405',25);
INSERT INTO cidade VALUES(2504504,'CONDADO','2504504',25);
INSERT INTO cidade VALUES(2504603,'CONDE','2504603',25);
INSERT INTO cidade VALUES(2504702,'CONGO','2504702',25);
INSERT INTO cidade VALUES(2504801,'COREMAS','2504801',25);
INSERT INTO cidade VALUES(2504850,'COXIXOLA','2504850',25);
INSERT INTO cidade VALUES(2504900,'CRUZ DO ESPIRITO SANTO','2504900',25);
INSERT INTO cidade VALUES(2505006,'CUBATI','2505006',25);
INSERT INTO cidade VALUES(2505105,'CUITE','2505105',25);
INSERT INTO cidade VALUES(2505204,'CUITEGI','2505204',25);
INSERT INTO cidade VALUES(2505238,'CUITE DE MAMANGUAPE','2505238',25);
INSERT INTO cidade VALUES(2505279,'CURRAL DE CIMA','2505279',25);
INSERT INTO cidade VALUES(2505303,'CURRAL VELHO','2505303',25);
INSERT INTO cidade VALUES(2505352,'DAMIAO','2505352',25);
INSERT INTO cidade VALUES(2505402,'DESTERRO','2505402',25);
INSERT INTO cidade VALUES(2505501,'VISTA SERRANA','2505501',25);
INSERT INTO cidade VALUES(2505600,'DIAMANTE','2505600',25);
INSERT INTO cidade VALUES(2505709,'DONA INES','2505709',25);
INSERT INTO cidade VALUES(2505808,'DUAS ESTRADAS','2505808',25);
INSERT INTO cidade VALUES(2505907,'EMAS','2505907',25);
INSERT INTO cidade VALUES(2506004,'ESPERANCA','2506004',25);
INSERT INTO cidade VALUES(2506103,'FAGUNDES','2506103',25);
INSERT INTO cidade VALUES(2506202,'FREI MARTINHO','2506202',25);
INSERT INTO cidade VALUES(2506251,'GADO BRAVO','2506251',25);
INSERT INTO cidade VALUES(2506301,'GUARABIRA','2506301',25);
INSERT INTO cidade VALUES(2506400,'GURINHEM','2506400',25);
INSERT INTO cidade VALUES(2506509,'GURJAO','2506509',25);
INSERT INTO cidade VALUES(2506608,'IBIARA','2506608',25);
INSERT INTO cidade VALUES(2506707,'IMACULADA','2506707',25);
INSERT INTO cidade VALUES(2506806,'INGA','2506806',25);
INSERT INTO cidade VALUES(2506905,'ITABAIANA','2506905',25);
INSERT INTO cidade VALUES(2507002,'ITAPORANGA','2507002',25);
INSERT INTO cidade VALUES(2507101,'ITAPOROROCA','2507101',25);
INSERT INTO cidade VALUES(2507200,'ITATUBA','2507200',25);
INSERT INTO cidade VALUES(2507309,'JACARAU','2507309',25);
INSERT INTO cidade VALUES(2507408,'JERICO','2507408',25);
INSERT INTO cidade VALUES(2507507,'JOAO PESSOA','2507507',25);
INSERT INTO cidade VALUES(2507606,'JUAREZ TAVORA','2507606',25);
INSERT INTO cidade VALUES(2507705,'JUAZEIRINHO','2507705',25);
INSERT INTO cidade VALUES(2507804,'JUNCO DO SERIDO','2507804',25);
INSERT INTO cidade VALUES(2507903,'JURIPIRANGA','2507903',25);
INSERT INTO cidade VALUES(2508000,'JURU','2508000',25);
INSERT INTO cidade VALUES(2508109,'LAGOA','2508109',25);
INSERT INTO cidade VALUES(2508208,'LAGOA DE DENTRO','2508208',25);
INSERT INTO cidade VALUES(2508307,'LAGOA SECA','2508307',25);
INSERT INTO cidade VALUES(2508406,'LASTRO','2508406',25);
INSERT INTO cidade VALUES(2508505,'LIVRAMENTO','2508505',25);
INSERT INTO cidade VALUES(2508554,'LOGRADOURO','2508554',25);
INSERT INTO cidade VALUES(2508604,'LUCENA','2508604',25);
INSERT INTO cidade VALUES(2508703,'MAE D''AGUA','2508703',25);
INSERT INTO cidade VALUES(2508802,'MALTA','2508802',25);
INSERT INTO cidade VALUES(2508901,'MAMANGUAPE','2508901',25);
INSERT INTO cidade VALUES(2509008,'MANAIRA','2509008',25);
INSERT INTO cidade VALUES(2509057,'MARCACAO','2509057',25);
INSERT INTO cidade VALUES(2509107,'MARI','2509107',25);
INSERT INTO cidade VALUES(2509156,'MARIZOPOLIS','2509156',25);
INSERT INTO cidade VALUES(2509206,'MASSARANDUBA','2509206',25);
INSERT INTO cidade VALUES(2509305,'MATARACA','2509305',25);
INSERT INTO cidade VALUES(2509339,'MATINHAS','2509339',25);
INSERT INTO cidade VALUES(2509370,'MATO GROSSO','2509370',25);
INSERT INTO cidade VALUES(2509396,'MATUREIA','2509396',25);
INSERT INTO cidade VALUES(2509404,'MOGEIRO','2509404',25);
INSERT INTO cidade VALUES(2509503,'MONTADAS','2509503',25);
INSERT INTO cidade VALUES(2509602,'MONTE HOREBE','2509602',25);
INSERT INTO cidade VALUES(2509701,'MONTEIRO','2509701',25);
INSERT INTO cidade VALUES(2509800,'MULUNGU','2509800',25);
INSERT INTO cidade VALUES(2509909,'NATUBA','2509909',25);
INSERT INTO cidade VALUES(2510006,'NAZAREZINHO','2510006',25);
INSERT INTO cidade VALUES(2510105,'NOVA FLORESTA','2510105',25);
INSERT INTO cidade VALUES(2510204,'NOVA OLINDA','2510204',25);
INSERT INTO cidade VALUES(2510303,'NOVA PALMEIRA','2510303',25);
INSERT INTO cidade VALUES(2510402,'OLHO D''AGUA','2510402',25);
INSERT INTO cidade VALUES(2510501,'OLIVEDOS','2510501',25);
INSERT INTO cidade VALUES(2510600,'OURO VELHO','2510600',25);
INSERT INTO cidade VALUES(2510659,'PARARI','2510659',25);
INSERT INTO cidade VALUES(2510709,'PASSAGEM','2510709',25);
INSERT INTO cidade VALUES(2510808,'PATOS','2510808',25);
INSERT INTO cidade VALUES(2510907,'PAULISTA','2510907',25);
INSERT INTO cidade VALUES(2511004,'PEDRA BRANCA','2511004',25);
INSERT INTO cidade VALUES(2511103,'PEDRA LAVRADA','2511103',25);
INSERT INTO cidade VALUES(2511202,'PEDRAS DE FOGO','2511202',25);
INSERT INTO cidade VALUES(2511301,'PIANCO','2511301',25);
INSERT INTO cidade VALUES(2511400,'PICUI','2511400',25);
INSERT INTO cidade VALUES(2511509,'PILAR','2511509',25);
INSERT INTO cidade VALUES(2511608,'PILOES','2511608',25);
INSERT INTO cidade VALUES(2511707,'PILOEZINHOS','2511707',25);
INSERT INTO cidade VALUES(2511806,'PIRPIRITUBA','2511806',25);
INSERT INTO cidade VALUES(2511905,'PITIMBU','2511905',25);
INSERT INTO cidade VALUES(2512002,'POCINHOS','2512002',25);
INSERT INTO cidade VALUES(2512036,'POCO DANTAS','2512036',25);
INSERT INTO cidade VALUES(2512077,'POCO DE JOSE DE MOURA','2512077',25);
INSERT INTO cidade VALUES(2512101,'POMBAL','2512101',25);
INSERT INTO cidade VALUES(2512200,'PRATA','2512200',25);
INSERT INTO cidade VALUES(2512309,'PRINCESA ISABEL','2512309',25);
INSERT INTO cidade VALUES(2512408,'PUXINANA','2512408',25);
INSERT INTO cidade VALUES(2512507,'QUEIMADAS','2512507',25);
INSERT INTO cidade VALUES(2512606,'QUIXABA','2512606',25);
INSERT INTO cidade VALUES(2512705,'REMIGIO','2512705',25);
INSERT INTO cidade VALUES(2512721,'PEDRO REGIS','2512721',25);
INSERT INTO cidade VALUES(2512747,'RIACHAO','2512747',25);
INSERT INTO cidade VALUES(2512754,'RIACHAO DO BACAMARTE','2512754',25);
INSERT INTO cidade VALUES(2512762,'RIACHAO DO POCO','2512762',25);
INSERT INTO cidade VALUES(2512788,'RIACHO DE SANTO ANTONIO','2512788',25);
INSERT INTO cidade VALUES(2512804,'RIACHO DOS CAVALOS','2512804',25);
INSERT INTO cidade VALUES(2512903,'RIO TINTO','2512903',25);
INSERT INTO cidade VALUES(2513000,'SALGADINHO','2513000',25);
INSERT INTO cidade VALUES(2513109,'SALGADO DE SAO FELIX','2513109',25);
INSERT INTO cidade VALUES(2513158,'SANTA CECILIA','2513158',25);
INSERT INTO cidade VALUES(2513208,'SANTA CRUZ','2513208',25);
INSERT INTO cidade VALUES(2513307,'SANTA HELENA','2513307',25);
INSERT INTO cidade VALUES(2513356,'SANTA INES','2513356',25);
INSERT INTO cidade VALUES(2513406,'SANTA LUZIA','2513406',25);
INSERT INTO cidade VALUES(2513505,'SANTANA DE MANGUEIRA','2513505',25);
INSERT INTO cidade VALUES(2513604,'SANTANA DOS GARROTES','2513604',25);
INSERT INTO cidade VALUES(2513653,'SANTAREM','2513653',25);
INSERT INTO cidade VALUES(2513703,'SANTA RITA','2513703',25);
INSERT INTO cidade VALUES(2513802,'SANTA TERESINHA','2513802',25);
INSERT INTO cidade VALUES(2513851,'SANTO ANDRE','2513851',25);
INSERT INTO cidade VALUES(2513901,'SAO BENTO','2513901',25);
INSERT INTO cidade VALUES(2513927,'SAO BENTINHO','2513927',25);
INSERT INTO cidade VALUES(2513943,'SAO DOMINGOS DO CARIRI','2513943',25);
INSERT INTO cidade VALUES(2513968,'SAO DOMINGOS DE POMBAL','2513968',25);
INSERT INTO cidade VALUES(2513984,'SAO FRANCISCO','2513984',25);
INSERT INTO cidade VALUES(2514008,'SAO JOAO DO CARIRI','2514008',25);
INSERT INTO cidade VALUES(2514107,'SAO JOAO DO TIGRE','2514107',25);
INSERT INTO cidade VALUES(2514206,'SAO JOSE DA LAGOA TAPADA','2514206',25);
INSERT INTO cidade VALUES(2514305,'SAO JOSE DE CAIANA','2514305',25);
INSERT INTO cidade VALUES(2514404,'SAO JOSE DE ESPINHARAS','2514404',25);
INSERT INTO cidade VALUES(2514453,'SAO JOSE DOS RAMOS','2514453',25);
INSERT INTO cidade VALUES(2514503,'SAO JOSE DE PIRANHAS','2514503',25);
INSERT INTO cidade VALUES(2514552,'SAO JOSE DE PRINCESA','2514552',25);
INSERT INTO cidade VALUES(2514602,'SAO JOSE DO BONFIM','2514602',25);
INSERT INTO cidade VALUES(2514651,'SAO JOSE DO BREJO DO CRUZ','2514651',25);
INSERT INTO cidade VALUES(2514701,'SAO JOSE DO SABUGI','2514701',25);
INSERT INTO cidade VALUES(2514800,'SAO JOSE DOS CORDEIROS','2514800',25);
INSERT INTO cidade VALUES(2514909,'SAO MAMEDE','2514909',25);
INSERT INTO cidade VALUES(2515005,'SAO MIGUEL DE TAIPU','2515005',25);
INSERT INTO cidade VALUES(2515104,'SAO SEBASTIAO DE LAGOA DE ROCA','2515104',25);
INSERT INTO cidade VALUES(2515203,'SAO SEBASTIAO DO UMBUZEIRO','2515203',25);
INSERT INTO cidade VALUES(2515302,'SAPE','2515302',25);
INSERT INTO cidade VALUES(2515401,'SERIDO','2515401',25);
INSERT INTO cidade VALUES(2515500,'SERRA BRANCA','2515500',25);
INSERT INTO cidade VALUES(2515609,'SERRA DA RAIZ','2515609',25);
INSERT INTO cidade VALUES(2515708,'SERRA GRANDE','2515708',25);
INSERT INTO cidade VALUES(2515807,'SERRA REDONDA','2515807',25);
INSERT INTO cidade VALUES(2515906,'SERRARIA','2515906',25);
INSERT INTO cidade VALUES(2515930,'SERTAOZINHO','2515930',25);
INSERT INTO cidade VALUES(2515971,'SOBRADO','2515971',25);
INSERT INTO cidade VALUES(2516003,'SOLANEA','2516003',25);
INSERT INTO cidade VALUES(2516102,'SOLEDADE','2516102',25);
INSERT INTO cidade VALUES(2516151,'SOSSEGO','2516151',25);
INSERT INTO cidade VALUES(2516201,'SOUSA','2516201',25);
INSERT INTO cidade VALUES(2516300,'SUME','2516300',25);
INSERT INTO cidade VALUES(2516409,'CAMPO DE SANTANA','2516409',25);
INSERT INTO cidade VALUES(2516508,'TAPEROA','2516508',25);
INSERT INTO cidade VALUES(2516607,'TAVARES','2516607',25);
INSERT INTO cidade VALUES(2516706,'TEIXEIRA','2516706',25);
INSERT INTO cidade VALUES(2516755,'TENORIO','2516755',25);
INSERT INTO cidade VALUES(2516805,'TRIUNFO','2516805',25);
INSERT INTO cidade VALUES(2516904,'UIRAUNA','2516904',25);
INSERT INTO cidade VALUES(2517001,'UMBUZEIRO','2517001',25);
INSERT INTO cidade VALUES(2517100,'VARZEA','2517100',25);
INSERT INTO cidade VALUES(2517209,'VIEIROPOLIS','2517209',25);
INSERT INTO cidade VALUES(2517407,'ZABELE','2517407',25);
INSERT INTO cidade VALUES(2600054,'ABREU E LIMA','2600054',26);
INSERT INTO cidade VALUES(2600104,'AFOGADOS DA INGAZEIRA','2600104',26);
INSERT INTO cidade VALUES(2600203,'AFRANIO','2600203',26);
INSERT INTO cidade VALUES(2600302,'AGRESTINA','2600302',26);
INSERT INTO cidade VALUES(2600401,'AGUA PRETA','2600401',26);
INSERT INTO cidade VALUES(2600500,'AGUAS BELAS','2600500',26);
INSERT INTO cidade VALUES(2600609,'ALAGOINHA','2600609',26);
INSERT INTO cidade VALUES(2600708,'ALIANCA','2600708',26);
INSERT INTO cidade VALUES(2600807,'ALTINHO','2600807',26);
INSERT INTO cidade VALUES(2600906,'AMARAJI','2600906',26);
INSERT INTO cidade VALUES(2601003,'ANGELIM','2601003',26);
INSERT INTO cidade VALUES(2601052,'ARACOIABA','2601052',26);
INSERT INTO cidade VALUES(2601102,'ARARIPINA','2601102',26);
INSERT INTO cidade VALUES(2601201,'ARCOVERDE','2601201',26);
INSERT INTO cidade VALUES(2601300,'BARRA DE GUABIRABA','2601300',26);
INSERT INTO cidade VALUES(2601409,'BARREIROS','2601409',26);
INSERT INTO cidade VALUES(2601508,'BELEM DE MARIA','2601508',26);
INSERT INTO cidade VALUES(2601607,'BELEM DE SAO FRANCISCO','2601607',26);
INSERT INTO cidade VALUES(2601706,'BELO JARDIM','2601706',26);
INSERT INTO cidade VALUES(2601805,'BETANIA','2601805',26);
INSERT INTO cidade VALUES(2601904,'BEZERROS','2601904',26);
INSERT INTO cidade VALUES(2602001,'BODOCO','2602001',26);
INSERT INTO cidade VALUES(2602100,'BOM CONSELHO','2602100',26);
INSERT INTO cidade VALUES(2602209,'BOM JARDIM','2602209',26);
INSERT INTO cidade VALUES(2602308,'BONITO','2602308',26);
INSERT INTO cidade VALUES(2602407,'BREJAO','2602407',26);
INSERT INTO cidade VALUES(2602506,'BREJINHO','2602506',26);
INSERT INTO cidade VALUES(2602605,'BREJO DA MADRE DE DEUS','2602605',26);
INSERT INTO cidade VALUES(2602704,'BUENOS AIRES','2602704',26);
INSERT INTO cidade VALUES(2602803,'BUIQUE','2602803',26);
INSERT INTO cidade VALUES(2602902,'CABO DE SANTO AGOSTINHO','2602902',26);
INSERT INTO cidade VALUES(2603009,'CABROBO','2603009',26);
INSERT INTO cidade VALUES(2603108,'CACHOEIRINHA','2603108',26);
INSERT INTO cidade VALUES(2603207,'CAETES','2603207',26);
INSERT INTO cidade VALUES(2603306,'CALCADO','2603306',26);
INSERT INTO cidade VALUES(2603405,'CALUMBI','2603405',26);
INSERT INTO cidade VALUES(2603454,'CAMARAGIBE','2603454',26);
INSERT INTO cidade VALUES(2603504,'CAMOCIM DE SAO FELIX','2603504',26);
INSERT INTO cidade VALUES(2603603,'CAMUTANGA','2603603',26);
INSERT INTO cidade VALUES(2603702,'CANHOTINHO','2603702',26);
INSERT INTO cidade VALUES(2603801,'CAPOEIRAS','2603801',26);
INSERT INTO cidade VALUES(2603900,'CARNAIBA','2603900',26);
INSERT INTO cidade VALUES(2603926,'CARNAUBEIRA DA PENHA','2603926',26);
INSERT INTO cidade VALUES(2604007,'CARPINA','2604007',26);
INSERT INTO cidade VALUES(2604106,'CARUARU','2604106',26);
INSERT INTO cidade VALUES(2604155,'CASINHAS','2604155',26);
INSERT INTO cidade VALUES(2604205,'CATENDE','2604205',26);
INSERT INTO cidade VALUES(2604304,'CEDRO','2604304',26);
INSERT INTO cidade VALUES(2604403,'CHA DE ALEGRIA','2604403',26);
INSERT INTO cidade VALUES(2604502,'CHA GRANDE','2604502',26);
INSERT INTO cidade VALUES(2604601,'CONDADO','2604601',26);
INSERT INTO cidade VALUES(2604700,'CORRENTES','2604700',26);
INSERT INTO cidade VALUES(2604809,'CORTES','2604809',26);
INSERT INTO cidade VALUES(2604908,'CUMARU','2604908',26);
INSERT INTO cidade VALUES(2605004,'CUPIRA','2605004',26);
INSERT INTO cidade VALUES(2605103,'CUSTODIA','2605103',26);
INSERT INTO cidade VALUES(2605152,'DORMENTES','2605152',26);
INSERT INTO cidade VALUES(2605202,'ESCADA','2605202',26);
INSERT INTO cidade VALUES(2605301,'EXU','2605301',26);
INSERT INTO cidade VALUES(2605400,'FEIRA NOVA','2605400',26);
INSERT INTO cidade VALUES(2605459,'FERNANDO DE NORONHA','2605459',26);
INSERT INTO cidade VALUES(2605509,'FERREIROS','2605509',26);
INSERT INTO cidade VALUES(2605608,'FLORES','2605608',26);
INSERT INTO cidade VALUES(2605707,'FLORESTA','2605707',26);
INSERT INTO cidade VALUES(2605806,'FREI MIGUELINHO','2605806',26);
INSERT INTO cidade VALUES(2605905,'GAMELEIRA','2605905',26);
INSERT INTO cidade VALUES(2606002,'GARANHUNS','2606002',26);
INSERT INTO cidade VALUES(2606101,'GLORIA DO GOITA','2606101',26);
INSERT INTO cidade VALUES(2606200,'GOIANA','2606200',26);
INSERT INTO cidade VALUES(2606309,'GRANITO','2606309',26);
INSERT INTO cidade VALUES(2606408,'GRAVATA','2606408',26);
INSERT INTO cidade VALUES(2606507,'IATI','2606507',26);
INSERT INTO cidade VALUES(2606606,'IBIMIRIM','2606606',26);
INSERT INTO cidade VALUES(2606705,'IBIRAJUBA','2606705',26);
INSERT INTO cidade VALUES(2606804,'IGARASSU','2606804',26);
INSERT INTO cidade VALUES(2606903,'IGUARACI','2606903',26);
INSERT INTO cidade VALUES(2607000,'INAJA','2607000',26);
INSERT INTO cidade VALUES(2607109,'INGAZEIRA','2607109',26);
INSERT INTO cidade VALUES(2607208,'IPOJUCA','2607208',26);
INSERT INTO cidade VALUES(2607307,'IPUBI','2607307',26);
INSERT INTO cidade VALUES(2607406,'ITACURUBA','2607406',26);
INSERT INTO cidade VALUES(2607505,'ITAIBA','2607505',26);
INSERT INTO cidade VALUES(2607604,'ILHA DE ITAMARACA','2607604',26);
INSERT INTO cidade VALUES(2607653,'ITAMBE','2607653',26);
INSERT INTO cidade VALUES(2607703,'ITAPETIM','2607703',26);
INSERT INTO cidade VALUES(2607752,'ITAPISSUMA','2607752',26);
INSERT INTO cidade VALUES(2607802,'ITAQUITINGA','2607802',26);
INSERT INTO cidade VALUES(2607901,'JABOATAO DOS GUARARAPES','2607901',26);
INSERT INTO cidade VALUES(2607950,'JAQUEIRA','2607950',26);
INSERT INTO cidade VALUES(2608008,'JATAUBA','2608008',26);
INSERT INTO cidade VALUES(2608057,'JATOBA','2608057',26);
INSERT INTO cidade VALUES(2608107,'JOAO ALFREDO','2608107',26);
INSERT INTO cidade VALUES(2608206,'JOAQUIM NABUCO','2608206',26);
INSERT INTO cidade VALUES(2608255,'JUCATI','2608255',26);
INSERT INTO cidade VALUES(2608305,'JUPI','2608305',26);
INSERT INTO cidade VALUES(2608404,'JUREMA','2608404',26);
INSERT INTO cidade VALUES(2608453,'LAGOA DO CARRO','2608453',26);
INSERT INTO cidade VALUES(2608503,'LAGOA DO ITAENGA','2608503',26);
INSERT INTO cidade VALUES(2608602,'LAGOA DO OURO','2608602',26);
INSERT INTO cidade VALUES(2608701,'LAGOA DOS GATOS','2608701',26);
INSERT INTO cidade VALUES(2608750,'LAGOA GRANDE','2608750',26);
INSERT INTO cidade VALUES(2608800,'LAJEDO','2608800',26);
INSERT INTO cidade VALUES(2608909,'LIMOEIRO','2608909',26);
INSERT INTO cidade VALUES(2609006,'MACAPARANA','2609006',26);
INSERT INTO cidade VALUES(2609105,'MACHADOS','2609105',26);
INSERT INTO cidade VALUES(2609154,'MANARI','2609154',26);
INSERT INTO cidade VALUES(2609204,'MARAIAL','2609204',26);
INSERT INTO cidade VALUES(2609303,'MIRANDIBA','2609303',26);
INSERT INTO cidade VALUES(2609402,'MORENO','2609402',26);
INSERT INTO cidade VALUES(2609501,'NAZARE DA MATA','2609501',26);
INSERT INTO cidade VALUES(2609600,'OLINDA','2609600',26);
INSERT INTO cidade VALUES(2609709,'OROBO','2609709',26);
INSERT INTO cidade VALUES(2609808,'OROCO','2609808',26);
INSERT INTO cidade VALUES(2609907,'OURICURI','2609907',26);
INSERT INTO cidade VALUES(2610004,'PALMARES','2610004',26);
INSERT INTO cidade VALUES(2610103,'PALMEIRINA','2610103',26);
INSERT INTO cidade VALUES(2610202,'PANELAS','2610202',26);
INSERT INTO cidade VALUES(2610301,'PARANATAMA','2610301',26);
INSERT INTO cidade VALUES(2610400,'PARNAMIRIM','2610400',26);
INSERT INTO cidade VALUES(2610509,'PASSIRA','2610509',26);
INSERT INTO cidade VALUES(2610608,'PAUDALHO','2610608',26);
INSERT INTO cidade VALUES(2610707,'PAULISTA','2610707',26);
INSERT INTO cidade VALUES(2610806,'PEDRA','2610806',26);
INSERT INTO cidade VALUES(2610905,'PESQUEIRA','2610905',26);
INSERT INTO cidade VALUES(2611002,'PETROLANDIA','2611002',26);
INSERT INTO cidade VALUES(2611101,'PETROLINA','2611101',26);
INSERT INTO cidade VALUES(2611200,'POCAO','2611200',26);
INSERT INTO cidade VALUES(2611309,'POMBOS','2611309',26);
INSERT INTO cidade VALUES(2611408,'PRIMAVERA','2611408',26);
INSERT INTO cidade VALUES(2611507,'QUIPAPA','2611507',26);
INSERT INTO cidade VALUES(2611533,'QUIXABA','2611533',26);
INSERT INTO cidade VALUES(2611606,'RECIFE','2611606',26);
INSERT INTO cidade VALUES(2611705,'RIACHO DAS ALMAS','2611705',26);
INSERT INTO cidade VALUES(2611804,'RIBEIRAO','2611804',26);
INSERT INTO cidade VALUES(2611903,'RIO FORMOSO','2611903',26);
INSERT INTO cidade VALUES(2612000,'SAIRE','2612000',26);
INSERT INTO cidade VALUES(2612109,'SALGADINHO','2612109',26);
INSERT INTO cidade VALUES(2612208,'SALGUEIRO','2612208',26);
INSERT INTO cidade VALUES(2612307,'SALOA','2612307',26);
INSERT INTO cidade VALUES(2612406,'SANHARO','2612406',26);
INSERT INTO cidade VALUES(2612455,'SANTA CRUZ','2612455',26);
INSERT INTO cidade VALUES(2612471,'SANTA CRUZ DA BAIXA VERDE','2612471',26);
INSERT INTO cidade VALUES(2612505,'SANTA CRUZ DO CAPIBARIBE','2612505',26);
INSERT INTO cidade VALUES(2612554,'SANTA FILOMENA','2612554',26);
INSERT INTO cidade VALUES(2612604,'SANTA MARIA DA BOA VISTA','2612604',26);
INSERT INTO cidade VALUES(2612703,'SANTA MARIA DO CAMBUCA','2612703',26);
INSERT INTO cidade VALUES(2612802,'SANTA TEREZINHA','2612802',26);
INSERT INTO cidade VALUES(2612901,'SAO BENEDITO DO SUL','2612901',26);
INSERT INTO cidade VALUES(2613008,'SAO BENTO DO UNA','2613008',26);
INSERT INTO cidade VALUES(2613107,'SAO CAITANO','2613107',26);
INSERT INTO cidade VALUES(2613206,'SAO JOAO','2613206',26);
INSERT INTO cidade VALUES(2613305,'SAO JOAQUIM DO MONTE','2613305',26);
INSERT INTO cidade VALUES(2613404,'SAO JOSE DA COROA GRANDE','2613404',26);
INSERT INTO cidade VALUES(2613503,'SAO JOSE DO BELMONTE','2613503',26);
INSERT INTO cidade VALUES(2613602,'SAO JOSE DO EGITO','2613602',26);
INSERT INTO cidade VALUES(2613701,'SAO LOURENCO DA MATA','2613701',26);
INSERT INTO cidade VALUES(2613800,'SAO VICENTE FERRER','2613800',26);
INSERT INTO cidade VALUES(2613909,'SERRA TALHADA','2613909',26);
INSERT INTO cidade VALUES(2614006,'SERRITA','2614006',26);
INSERT INTO cidade VALUES(2614105,'SERTANIA','2614105',26);
INSERT INTO cidade VALUES(2614204,'SIRINHAEM','2614204',26);
INSERT INTO cidade VALUES(2614303,'MOREILANDIA','2614303',26);
INSERT INTO cidade VALUES(2614402,'SOLIDAO','2614402',26);
INSERT INTO cidade VALUES(2614501,'SURUBIM','2614501',26);
INSERT INTO cidade VALUES(2614600,'TABIRA','2614600',26);
INSERT INTO cidade VALUES(2614709,'TACAIMBO','2614709',26);
INSERT INTO cidade VALUES(2614808,'TACARATU','2614808',26);
INSERT INTO cidade VALUES(2614857,'TAMANDARE','2614857',26);
INSERT INTO cidade VALUES(2615003,'TAQUARITINGA DO NORTE','2615003',26);
INSERT INTO cidade VALUES(2615102,'TEREZINHA','2615102',26);
INSERT INTO cidade VALUES(2615201,'TERRA NOVA','2615201',26);
INSERT INTO cidade VALUES(2615300,'TIMBAUBA','2615300',26);
INSERT INTO cidade VALUES(2615409,'TORITAMA','2615409',26);
INSERT INTO cidade VALUES(2615508,'TRACUNHAEM','2615508',26);
INSERT INTO cidade VALUES(2615607,'TRINDADE','2615607',26);
INSERT INTO cidade VALUES(2615706,'TRIUNFO','2615706',26);
INSERT INTO cidade VALUES(2615805,'TUPANATINGA','2615805',26);
INSERT INTO cidade VALUES(2615904,'TUPARETAMA','2615904',26);
INSERT INTO cidade VALUES(2616001,'VENTUROSA','2616001',26);
INSERT INTO cidade VALUES(2616100,'VERDEJANTE','2616100',26);
INSERT INTO cidade VALUES(2616183,'VERTENTE DO LERIO','2616183',26);
INSERT INTO cidade VALUES(2616209,'VERTENTES','2616209',26);
INSERT INTO cidade VALUES(2616308,'VICENCIA','2616308',26);
INSERT INTO cidade VALUES(2616407,'VITORIA DE SANTO ANTAO','2616407',26);
INSERT INTO cidade VALUES(2616506,'XEXEU','2616506',26);
INSERT INTO cidade VALUES(2700102,'AGUA BRANCA','2700102',27);
INSERT INTO cidade VALUES(2700201,'ANADIA','2700201',27);
INSERT INTO cidade VALUES(2700300,'ARAPIRACA','2700300',27);
INSERT INTO cidade VALUES(2700409,'ATALAIA','2700409',27);
INSERT INTO cidade VALUES(2700508,'BARRA DE SANTO ANTONIO','2700508',27);
INSERT INTO cidade VALUES(2700607,'BARRA DE SAO MIGUEL','2700607',27);
INSERT INTO cidade VALUES(2700706,'BATALHA','2700706',27);
INSERT INTO cidade VALUES(2700805,'BELEM','2700805',27);
INSERT INTO cidade VALUES(2700904,'BELO MONTE','2700904',27);
INSERT INTO cidade VALUES(2701001,'BOCA DA MATA','2701001',27);
INSERT INTO cidade VALUES(2701100,'BRANQUINHA','2701100',27);
INSERT INTO cidade VALUES(2701209,'CACIMBINHAS','2701209',27);
INSERT INTO cidade VALUES(2701308,'CAJUEIRO','2701308',27);
INSERT INTO cidade VALUES(2701357,'CAMPESTRE','2701357',27);
INSERT INTO cidade VALUES(2701407,'CAMPO ALEGRE','2701407',27);
INSERT INTO cidade VALUES(2701506,'CAMPO GRANDE','2701506',27);
INSERT INTO cidade VALUES(2701605,'CANAPI','2701605',27);
INSERT INTO cidade VALUES(2701704,'CAPELA','2701704',27);
INSERT INTO cidade VALUES(2701803,'CARNEIROS','2701803',27);
INSERT INTO cidade VALUES(2701902,'CHA PRETA','2701902',27);
INSERT INTO cidade VALUES(2702009,'COITE DO NOIA','2702009',27);
INSERT INTO cidade VALUES(2702108,'COLONIA LEOPOLDINA','2702108',27);
INSERT INTO cidade VALUES(2702207,'COQUEIRO SECO','2702207',27);
INSERT INTO cidade VALUES(2702306,'CORURIPE','2702306',27);
INSERT INTO cidade VALUES(2702355,'CRAIBAS','2702355',27);
INSERT INTO cidade VALUES(2702405,'DELMIRO GOUVEIA','2702405',27);
INSERT INTO cidade VALUES(2702504,'DOIS RIACHOS','2702504',27);
INSERT INTO cidade VALUES(2702553,'ESTRELA DE ALAGOAS','2702553',27);
INSERT INTO cidade VALUES(2702603,'FEIRA GRANDE','2702603',27);
INSERT INTO cidade VALUES(2702702,'FELIZ DESERTO','2702702',27);
INSERT INTO cidade VALUES(2702801,'FLEXEIRAS','2702801',27);
INSERT INTO cidade VALUES(2702900,'GIRAU DO PONCIANO','2702900',27);
INSERT INTO cidade VALUES(2703007,'IBATEGUARA','2703007',27);
INSERT INTO cidade VALUES(2703106,'IGACI','2703106',27);
INSERT INTO cidade VALUES(2703205,'IGREJA NOVA','2703205',27);
INSERT INTO cidade VALUES(2703304,'INHAPI','2703304',27);
INSERT INTO cidade VALUES(2703403,'JACARE DOS HOMENS','2703403',27);
INSERT INTO cidade VALUES(2703502,'JACUIPE','2703502',27);
INSERT INTO cidade VALUES(2703601,'JAPARATINGA','2703601',27);
INSERT INTO cidade VALUES(2703700,'JARAMATAIA','2703700',27);
INSERT INTO cidade VALUES(2703759,'JEQUIA DA PRAIA','2703759',27);
INSERT INTO cidade VALUES(2703809,'JOAQUIM GOMES','2703809',27);
INSERT INTO cidade VALUES(2703908,'JUNDIA','2703908',27);
INSERT INTO cidade VALUES(2704005,'JUNQUEIRO','2704005',27);
INSERT INTO cidade VALUES(2704104,'LAGOA DA CANOA','2704104',27);
INSERT INTO cidade VALUES(2704203,'LIMOEIRO DE ANADIA','2704203',27);
INSERT INTO cidade VALUES(2704302,'MACEIO','2704302',27);
INSERT INTO cidade VALUES(2704401,'MAJOR ISIDORO','2704401',27);
INSERT INTO cidade VALUES(2704500,'MARAGOGI','2704500',27);
INSERT INTO cidade VALUES(2704609,'MARAVILHA','2704609',27);
INSERT INTO cidade VALUES(2704708,'MARECHAL DEODORO','2704708',27);
INSERT INTO cidade VALUES(2704807,'MARIBONDO','2704807',27);
INSERT INTO cidade VALUES(2704906,'MAR VERMELHO','2704906',27);
INSERT INTO cidade VALUES(2705002,'MATA GRANDE','2705002',27);
INSERT INTO cidade VALUES(2705101,'MATRIZ DE CAMARAGIBE','2705101',27);
INSERT INTO cidade VALUES(2705200,'MESSIAS','2705200',27);
INSERT INTO cidade VALUES(2705309,'MINADOR DO NEGRAO','2705309',27);
INSERT INTO cidade VALUES(2705408,'MONTEIROPOLIS','2705408',27);
INSERT INTO cidade VALUES(2705507,'MURICI','2705507',27);
INSERT INTO cidade VALUES(2705606,'NOVO LINO','2705606',27);
INSERT INTO cidade VALUES(2705705,'OLHO D''AGUA DAS FLORES','2705705',27);
INSERT INTO cidade VALUES(2705804,'OLHO D''AGUA DO CASADO','2705804',27);
INSERT INTO cidade VALUES(2705903,'OLHO D''AGUA GRANDE','2705903',27);
INSERT INTO cidade VALUES(2706000,'OLIVENCA','2706000',27);
INSERT INTO cidade VALUES(2706109,'OURO BRANCO','2706109',27);
INSERT INTO cidade VALUES(2706208,'PALESTINA','2706208',27);
INSERT INTO cidade VALUES(2706307,'PALMEIRA DOS INDIOS','2706307',27);
INSERT INTO cidade VALUES(2706406,'PAO DE ACUCAR','2706406',27);
INSERT INTO cidade VALUES(2706422,'PARICONHA','2706422',27);
INSERT INTO cidade VALUES(2706448,'PARIPUEIRA','2706448',27);
INSERT INTO cidade VALUES(2706505,'PASSO DE CAMARAGIBE','2706505',27);
INSERT INTO cidade VALUES(2706604,'PAULO JACINTO','2706604',27);
INSERT INTO cidade VALUES(2706703,'PENEDO','2706703',27);
INSERT INTO cidade VALUES(2706802,'PIACABUCU','2706802',27);
INSERT INTO cidade VALUES(2706901,'PILAR','2706901',27);
INSERT INTO cidade VALUES(2707008,'PINDOBA','2707008',27);
INSERT INTO cidade VALUES(2707107,'PIRANHAS','2707107',27);
INSERT INTO cidade VALUES(2707206,'POCO DAS TRINCHEIRAS','2707206',27);
INSERT INTO cidade VALUES(2707305,'PORTO CALVO','2707305',27);
INSERT INTO cidade VALUES(2707404,'PORTO DE PEDRAS','2707404',27);
INSERT INTO cidade VALUES(2707503,'PORTO REAL DO COLEGIO','2707503',27);
INSERT INTO cidade VALUES(2707602,'QUEBRANGULO','2707602',27);
INSERT INTO cidade VALUES(2707701,'RIO LARGO','2707701',27);
INSERT INTO cidade VALUES(2707800,'ROTEIRO','2707800',27);
INSERT INTO cidade VALUES(2707909,'SANTA LUZIA DO NORTE','2707909',27);
INSERT INTO cidade VALUES(2708006,'SANTANA DO IPANEMA','2708006',27);
INSERT INTO cidade VALUES(2708105,'SANTANA DO MUNDAU','2708105',27);
INSERT INTO cidade VALUES(2708204,'SAO BRAS','2708204',27);
INSERT INTO cidade VALUES(2708303,'SAO JOSE DA LAJE','2708303',27);
INSERT INTO cidade VALUES(2708402,'SAO JOSE DA TAPERA','2708402',27);
INSERT INTO cidade VALUES(2708501,'SAO LUIS DO QUITUNDE','2708501',27);
INSERT INTO cidade VALUES(2708600,'SAO MIGUEL DOS CAMPOS','2708600',27);
INSERT INTO cidade VALUES(2708709,'SAO MIGUEL DOS MILAGRES','2708709',27);
INSERT INTO cidade VALUES(2708808,'SAO SEBASTIAO','2708808',27);
INSERT INTO cidade VALUES(2708907,'SATUBA','2708907',27);
INSERT INTO cidade VALUES(2708956,'SENADOR RUI PALMEIRA','2708956',27);
INSERT INTO cidade VALUES(2709004,'TANQUE D''ARCA','2709004',27);
INSERT INTO cidade VALUES(2709103,'TAQUARANA','2709103',27);
INSERT INTO cidade VALUES(2709152,'TEOTONIO VILELA','2709152',27);
INSERT INTO cidade VALUES(2709202,'TRAIPU','2709202',27);
INSERT INTO cidade VALUES(2709301,'UNIAO DOS PALMARES','2709301',27);
INSERT INTO cidade VALUES(2709400,'VICOSA','2709400',27);
INSERT INTO cidade VALUES(2800100,'AMPARO DE SAO FRANCISCO','2800100',28);
INSERT INTO cidade VALUES(2800209,'AQUIDABA','2800209',28);
INSERT INTO cidade VALUES(2800308,'ARACAJU','2800308',28);
INSERT INTO cidade VALUES(2800407,'ARAUA','2800407',28);
INSERT INTO cidade VALUES(2800506,'AREIA BRANCA','2800506',28);
INSERT INTO cidade VALUES(2800605,'BARRA DOS COQUEIROS','2800605',28);
INSERT INTO cidade VALUES(2800670,'BOQUIM','2800670',28);
INSERT INTO cidade VALUES(2800704,'BREJO GRANDE','2800704',28);
INSERT INTO cidade VALUES(2801009,'CAMPO DO BRITO','2801009',28);
INSERT INTO cidade VALUES(2801108,'CANHOBA','2801108',28);
INSERT INTO cidade VALUES(2801207,'CANINDE DE SAO FRANCISCO','2801207',28);
INSERT INTO cidade VALUES(2801306,'CAPELA','2801306',28);
INSERT INTO cidade VALUES(2801405,'CARIRA','2801405',28);
INSERT INTO cidade VALUES(2801504,'CARMOPOLIS','2801504',28);
INSERT INTO cidade VALUES(2801603,'CEDRO DE SAO JOAO','2801603',28);
INSERT INTO cidade VALUES(2801702,'CRISTINAPOLIS','2801702',28);
INSERT INTO cidade VALUES(2801900,'CUMBE','2801900',28);
INSERT INTO cidade VALUES(2802007,'DIVINA PASTORA','2802007',28);
INSERT INTO cidade VALUES(2802106,'ESTANCIA','2802106',28);
INSERT INTO cidade VALUES(2802205,'FEIRA NOVA','2802205',28);
INSERT INTO cidade VALUES(2802304,'FREI PAULO','2802304',28);
INSERT INTO cidade VALUES(2802403,'GARARU','2802403',28);
INSERT INTO cidade VALUES(2802502,'GENERAL MAYNARD','2802502',28);
INSERT INTO cidade VALUES(2802601,'GRACHO CARDOSO','2802601',28);
INSERT INTO cidade VALUES(2802700,'ILHA DAS FLORES','2802700',28);
INSERT INTO cidade VALUES(2802809,'INDIAROBA','2802809',28);
INSERT INTO cidade VALUES(2802908,'ITABAIANA','2802908',28);
INSERT INTO cidade VALUES(2803005,'ITABAIANINHA','2803005',28);
INSERT INTO cidade VALUES(2803104,'ITABI','2803104',28);
INSERT INTO cidade VALUES(2803203,'ITAPORANGA D''AJUDA','2803203',28);
INSERT INTO cidade VALUES(2803302,'JAPARATUBA','2803302',28);
INSERT INTO cidade VALUES(2803401,'JAPOATA','2803401',28);
INSERT INTO cidade VALUES(2803500,'LAGARTO','2803500',28);
INSERT INTO cidade VALUES(2803609,'LARANJEIRAS','2803609',28);
INSERT INTO cidade VALUES(2803708,'MACAMBIRA','2803708',28);
INSERT INTO cidade VALUES(2803807,'MALHADA DOS BOIS','2803807',28);
INSERT INTO cidade VALUES(2803906,'MALHADOR','2803906',28);
INSERT INTO cidade VALUES(2804003,'MARUIM','2804003',28);
INSERT INTO cidade VALUES(2804102,'MOITA BONITA','2804102',28);
INSERT INTO cidade VALUES(2804201,'MONTE ALEGRE DE SERGIPE','2804201',28);
INSERT INTO cidade VALUES(2804300,'MURIBECA','2804300',28);
INSERT INTO cidade VALUES(2804409,'NEOPOLIS','2804409',28);
INSERT INTO cidade VALUES(2804458,'NOSSA SENHORA APARECIDA','2804458',28);
INSERT INTO cidade VALUES(2804508,'NOSSA SENHORA DA GLORIA','2804508',28);
INSERT INTO cidade VALUES(2804607,'NOSSA SENHORA DAS DORES','2804607',28);
INSERT INTO cidade VALUES(2804706,'NOSSA SENHORA DE LOURDES','2804706',28);
INSERT INTO cidade VALUES(2804805,'NOSSA SENHORA DO SOCORRO','2804805',28);
INSERT INTO cidade VALUES(2804904,'PACATUBA','2804904',28);
INSERT INTO cidade VALUES(2805000,'PEDRA MOLE','2805000',28);
INSERT INTO cidade VALUES(2805109,'PEDRINHAS','2805109',28);
INSERT INTO cidade VALUES(2805208,'PINHAO','2805208',28);
INSERT INTO cidade VALUES(2805307,'PIRAMBU','2805307',28);
INSERT INTO cidade VALUES(2805406,'POCO REDONDO','2805406',28);
INSERT INTO cidade VALUES(2805505,'POCO VERDE','2805505',28);
INSERT INTO cidade VALUES(2805604,'PORTO DA FOLHA','2805604',28);
INSERT INTO cidade VALUES(2805703,'PROPRIA','2805703',28);
INSERT INTO cidade VALUES(2805802,'RIACHAO DO DANTAS','2805802',28);
INSERT INTO cidade VALUES(2805901,'RIACHUELO','2805901',28);
INSERT INTO cidade VALUES(2806008,'RIBEIROPOLIS','2806008',28);
INSERT INTO cidade VALUES(2806107,'ROSARIO DO CATETE','2806107',28);
INSERT INTO cidade VALUES(2806206,'SALGADO','2806206',28);
INSERT INTO cidade VALUES(2806305,'SANTA LUZIA DO ITANHY','2806305',28);
INSERT INTO cidade VALUES(2806404,'SANTANA DO SAO FRANCISCO','2806404',28);
INSERT INTO cidade VALUES(2806503,'SANTA ROSA DE LIMA','2806503',28);
INSERT INTO cidade VALUES(2806602,'SANTO AMARO DAS BROTAS','2806602',28);
INSERT INTO cidade VALUES(2806701,'SAO CRISTOVAO','2806701',28);
INSERT INTO cidade VALUES(2806800,'SAO DOMINGOS','2806800',28);
INSERT INTO cidade VALUES(2806909,'SAO FRANCISCO','2806909',28);
INSERT INTO cidade VALUES(2807006,'SAO MIGUEL DO ALEIXO','2807006',28);
INSERT INTO cidade VALUES(2807105,'SIMAO DIAS','2807105',28);
INSERT INTO cidade VALUES(2807204,'SIRIRI','2807204',28);
INSERT INTO cidade VALUES(2807303,'TELHA','2807303',28);
INSERT INTO cidade VALUES(2807402,'TOBIAS BARRETO','2807402',28);
INSERT INTO cidade VALUES(2807501,'TOMAR DO GERU','2807501',28);
INSERT INTO cidade VALUES(2807600,'UMBAUBA','2807600',28);
INSERT INTO cidade VALUES(2900108,'ABAIRA','2900108',29);
INSERT INTO cidade VALUES(2900207,'ABARE','2900207',29);
INSERT INTO cidade VALUES(2900306,'ACAJUTIBA','2900306',29);
INSERT INTO cidade VALUES(2900355,'ADUSTINA','2900355',29);
INSERT INTO cidade VALUES(2900405,'AGUA FRIA','2900405',29);
INSERT INTO cidade VALUES(2900504,'ERICO CARDOSO','2900504',29);
INSERT INTO cidade VALUES(2900603,'AIQUARA','2900603',29);
INSERT INTO cidade VALUES(2900702,'ALAGOINHAS','2900702',29);
INSERT INTO cidade VALUES(2900801,'ALCOBACA','2900801',29);
INSERT INTO cidade VALUES(2900900,'ALMADINA','2900900',29);
INSERT INTO cidade VALUES(2901007,'AMARGOSA','2901007',29);
INSERT INTO cidade VALUES(2901106,'AMELIA RODRIGUES','2901106',29);
INSERT INTO cidade VALUES(2901155,'AMERICA DOURADA','2901155',29);
INSERT INTO cidade VALUES(2901205,'ANAGE','2901205',29);
INSERT INTO cidade VALUES(2901304,'ANDARAI','2901304',29);
INSERT INTO cidade VALUES(2901353,'ANDORINHA','2901353',29);
INSERT INTO cidade VALUES(2901403,'ANGICAL','2901403',29);
INSERT INTO cidade VALUES(2901502,'ANGUERA','2901502',29);
INSERT INTO cidade VALUES(2901601,'ANTAS','2901601',29);
INSERT INTO cidade VALUES(2901700,'ANTONIO CARDOSO','2901700',29);
INSERT INTO cidade VALUES(2901809,'ANTONIO GONCALVES','2901809',29);
INSERT INTO cidade VALUES(2901908,'APORA','2901908',29);
INSERT INTO cidade VALUES(2901957,'APUAREMA','2901957',29);
INSERT INTO cidade VALUES(2902005,'ARACATU','2902005',29);
INSERT INTO cidade VALUES(2902054,'ARACAS','2902054',29);
INSERT INTO cidade VALUES(2902104,'ARACI','2902104',29);
INSERT INTO cidade VALUES(2902203,'ARAMARI','2902203',29);
INSERT INTO cidade VALUES(2902252,'ARATACA','2902252',29);
INSERT INTO cidade VALUES(2902302,'ARATUIPE','2902302',29);
INSERT INTO cidade VALUES(2902401,'AURELINO LEAL','2902401',29);
INSERT INTO cidade VALUES(2902500,'BAIANOPOLIS','2902500',29);
INSERT INTO cidade VALUES(2902609,'BAIXA GRANDE','2902609',29);
INSERT INTO cidade VALUES(2902658,'BANZAE','2902658',29);
INSERT INTO cidade VALUES(2902708,'BARRA','2902708',29);
INSERT INTO cidade VALUES(2902807,'BARRA DA ESTIVA','2902807',29);
INSERT INTO cidade VALUES(2902906,'BARRA DO CHOCA','2902906',29);
INSERT INTO cidade VALUES(2903003,'BARRA DO MENDES','2903003',29);
INSERT INTO cidade VALUES(2903102,'BARRA DO ROCHA','2903102',29);
INSERT INTO cidade VALUES(2903201,'BARREIRAS','2903201',29);
INSERT INTO cidade VALUES(2903235,'BARRO ALTO','2903235',29);
INSERT INTO cidade VALUES(2903276,'BARROCAS','2903276',29);
INSERT INTO cidade VALUES(2903300,'BARRO PRETO','2903300',29);
INSERT INTO cidade VALUES(2903409,'BELMONTE','2903409',29);
INSERT INTO cidade VALUES(2903508,'BELO CAMPO','2903508',29);
INSERT INTO cidade VALUES(2903607,'BIRITINGA','2903607',29);
INSERT INTO cidade VALUES(2903706,'BOA NOVA','2903706',29);
INSERT INTO cidade VALUES(2903805,'BOA VISTA DO TUPIM','2903805',29);
INSERT INTO cidade VALUES(2903904,'BOM JESUS DA LAPA','2903904',29);
INSERT INTO cidade VALUES(2903953,'BOM JESUS DA SERRA','2903953',29);
INSERT INTO cidade VALUES(2904001,'BONINAL','2904001',29);
INSERT INTO cidade VALUES(2904050,'BONITO','2904050',29);
INSERT INTO cidade VALUES(2904100,'BOQUIRA','2904100',29);
INSERT INTO cidade VALUES(2904209,'BOTUPORA','2904209',29);
INSERT INTO cidade VALUES(2904308,'BREJOES','2904308',29);
INSERT INTO cidade VALUES(2904407,'BREJOLANDIA','2904407',29);
INSERT INTO cidade VALUES(2904506,'BROTAS DE MACAUBAS','2904506',29);
INSERT INTO cidade VALUES(2904605,'BRUMADO','2904605',29);
INSERT INTO cidade VALUES(2904704,'BUERAREMA','2904704',29);
INSERT INTO cidade VALUES(2904753,'BURITIRAMA','2904753',29);
INSERT INTO cidade VALUES(2904803,'CAATIBA','2904803',29);
INSERT INTO cidade VALUES(2904852,'CABACEIRAS DO PARAGUACU','2904852',29);
INSERT INTO cidade VALUES(2904902,'CACHOEIRA','2904902',29);
INSERT INTO cidade VALUES(2905008,'CACULE','2905008',29);
INSERT INTO cidade VALUES(2905107,'CAEM','2905107',29);
INSERT INTO cidade VALUES(2905156,'CAETANOS','2905156',29);
INSERT INTO cidade VALUES(2905206,'CAETITE','2905206',29);
INSERT INTO cidade VALUES(2905305,'CAFARNAUM','2905305',29);
INSERT INTO cidade VALUES(2905404,'CAIRU','2905404',29);
INSERT INTO cidade VALUES(2905503,'CALDEIRAO GRANDE','2905503',29);
INSERT INTO cidade VALUES(2905602,'CAMACAN','2905602',29);
INSERT INTO cidade VALUES(2905701,'CAMACARI','2905701',29);
INSERT INTO cidade VALUES(2905800,'CAMAMU','2905800',29);
INSERT INTO cidade VALUES(2905909,'CAMPO ALEGRE DE LOURDES','2905909',29);
INSERT INTO cidade VALUES(2906006,'CAMPO FORMOSO','2906006',29);
INSERT INTO cidade VALUES(2906105,'CANAPOLIS','2906105',29);
INSERT INTO cidade VALUES(2906204,'CANARANA','2906204',29);
INSERT INTO cidade VALUES(2906303,'CANAVIEIRAS','2906303',29);
INSERT INTO cidade VALUES(2906402,'CANDEAL','2906402',29);
INSERT INTO cidade VALUES(2906501,'CANDEIAS','2906501',29);
INSERT INTO cidade VALUES(2906600,'CANDIBA','2906600',29);
INSERT INTO cidade VALUES(2906709,'CANDIDO SALES','2906709',29);
INSERT INTO cidade VALUES(2906808,'CANSANCAO','2906808',29);
INSERT INTO cidade VALUES(2906824,'CANUDOS','2906824',29);
INSERT INTO cidade VALUES(2906857,'CAPELA DO ALTO ALEGRE','2906857',29);
INSERT INTO cidade VALUES(2906873,'CAPIM GROSSO','2906873',29);
INSERT INTO cidade VALUES(2906899,'CARAIBAS','2906899',29);
INSERT INTO cidade VALUES(2906907,'CARAVELAS','2906907',29);
INSERT INTO cidade VALUES(2907004,'CARDEAL DA SILVA','2907004',29);
INSERT INTO cidade VALUES(2907103,'CARINHANHA','2907103',29);
INSERT INTO cidade VALUES(2907202,'CASA NOVA','2907202',29);
INSERT INTO cidade VALUES(2907301,'CASTRO ALVES','2907301',29);
INSERT INTO cidade VALUES(2907400,'CATOLANDIA','2907400',29);
INSERT INTO cidade VALUES(2907509,'CATU','2907509',29);
INSERT INTO cidade VALUES(2907558,'CATURAMA','2907558',29);
INSERT INTO cidade VALUES(2907608,'CENTRAL','2907608',29);
INSERT INTO cidade VALUES(2907707,'CHORROCHO','2907707',29);
INSERT INTO cidade VALUES(2907806,'CICERO DANTAS','2907806',29);
INSERT INTO cidade VALUES(2907905,'CIPO','2907905',29);
INSERT INTO cidade VALUES(2908002,'COARACI','2908002',29);
INSERT INTO cidade VALUES(2908101,'COCOS','2908101',29);
INSERT INTO cidade VALUES(2908200,'CONCEICAO DA FEIRA','2908200',29);
INSERT INTO cidade VALUES(2908309,'CONCEICAO DO ALMEIDA','2908309',29);
INSERT INTO cidade VALUES(2908408,'CONCEICAO DO COITE','2908408',29);
INSERT INTO cidade VALUES(2908507,'CONCEICAO DO JACUIPE','2908507',29);
INSERT INTO cidade VALUES(2908606,'CONDE','2908606',29);
INSERT INTO cidade VALUES(2908705,'CONDEUBA','2908705',29);
INSERT INTO cidade VALUES(2908804,'CONTENDAS DO SINCORA','2908804',29);
INSERT INTO cidade VALUES(2908903,'CORACAO DE MARIA','2908903',29);
INSERT INTO cidade VALUES(2909000,'CORDEIROS','2909000',29);
INSERT INTO cidade VALUES(2909109,'CORIBE','2909109',29);
INSERT INTO cidade VALUES(2909208,'CORONEL JOAO SA','2909208',29);
INSERT INTO cidade VALUES(2909307,'CORRENTINA','2909307',29);
INSERT INTO cidade VALUES(2909406,'COTEGIPE','2909406',29);
INSERT INTO cidade VALUES(2909505,'CRAVOLANDIA','2909505',29);
INSERT INTO cidade VALUES(2909604,'CRISOPOLIS','2909604',29);
INSERT INTO cidade VALUES(2909703,'CRISTOPOLIS','2909703',29);
INSERT INTO cidade VALUES(2909802,'CRUZ DAS ALMAS','2909802',29);
INSERT INTO cidade VALUES(2909901,'CURACA','2909901',29);
INSERT INTO cidade VALUES(2910008,'DARIO MEIRA','2910008',29);
INSERT INTO cidade VALUES(2910057,'DIAS D''AVILA','2910057',29);
INSERT INTO cidade VALUES(2910107,'DOM BASILIO','2910107',29);
INSERT INTO cidade VALUES(2910206,'DOM MACEDO COSTA','2910206',29);
INSERT INTO cidade VALUES(2910305,'ELISIO MEDRADO','2910305',29);
INSERT INTO cidade VALUES(2910404,'ENCRUZILHADA','2910404',29);
INSERT INTO cidade VALUES(2910503,'ENTRE RIOS','2910503',29);
INSERT INTO cidade VALUES(2910602,'ESPLANADA','2910602',29);
INSERT INTO cidade VALUES(2910701,'EUCLIDES DA CUNHA','2910701',29);
INSERT INTO cidade VALUES(2910727,'EUNAPOLIS','2910727',29);
INSERT INTO cidade VALUES(2910750,'FATIMA','2910750',29);
INSERT INTO cidade VALUES(2910776,'FEIRA DA MATA','2910776',29);
INSERT INTO cidade VALUES(2910800,'FEIRA DE SANTANA','2910800',29);
INSERT INTO cidade VALUES(2910859,'FILADELFIA','2910859',29);
INSERT INTO cidade VALUES(2910909,'FIRMINO ALVES','2910909',29);
INSERT INTO cidade VALUES(2911006,'FLORESTA AZUL','2911006',29);
INSERT INTO cidade VALUES(2911105,'FORMOSA DO RIO PRETO','2911105',29);
INSERT INTO cidade VALUES(2911204,'GANDU','2911204',29);
INSERT INTO cidade VALUES(2911253,'GAVIAO','2911253',29);
INSERT INTO cidade VALUES(2911303,'GENTIO DO OURO','2911303',29);
INSERT INTO cidade VALUES(2911402,'GLORIA','2911402',29);
INSERT INTO cidade VALUES(2911501,'GONGOGI','2911501',29);
INSERT INTO cidade VALUES(2911600,'GOVERNADOR MANGABEIRA','2911600',29);
INSERT INTO cidade VALUES(2911659,'GUAJERU','2911659',29);
INSERT INTO cidade VALUES(2911709,'GUANAMBI','2911709',29);
INSERT INTO cidade VALUES(2911808,'GUARATINGA','2911808',29);
INSERT INTO cidade VALUES(2911857,'HELIOPOLIS','2911857',29);
INSERT INTO cidade VALUES(2911907,'IACU','2911907',29);
INSERT INTO cidade VALUES(2912004,'IBIASSUCE','2912004',29);
INSERT INTO cidade VALUES(2912103,'IBICARAI','2912103',29);
INSERT INTO cidade VALUES(2912202,'IBICOARA','2912202',29);
INSERT INTO cidade VALUES(2912301,'IBICUI','2912301',29);
INSERT INTO cidade VALUES(2912400,'IBIPEBA','2912400',29);
INSERT INTO cidade VALUES(2912509,'IBIPITANGA','2912509',29);
INSERT INTO cidade VALUES(2912608,'IBIQUERA','2912608',29);
INSERT INTO cidade VALUES(2912707,'IBIRAPITANGA','2912707',29);
INSERT INTO cidade VALUES(2912806,'IBIRAPUA','2912806',29);
INSERT INTO cidade VALUES(2912905,'IBIRATAIA','2912905',29);
INSERT INTO cidade VALUES(2913002,'IBITIARA','2913002',29);
INSERT INTO cidade VALUES(2913101,'IBITITA','2913101',29);
INSERT INTO cidade VALUES(2913200,'IBOTIRAMA','2913200',29);
INSERT INTO cidade VALUES(2913309,'ICHU','2913309',29);
INSERT INTO cidade VALUES(2913408,'IGAPORA','2913408',29);
INSERT INTO cidade VALUES(2913457,'IGRAPIUNA','2913457',29);
INSERT INTO cidade VALUES(2913507,'IGUAI','2913507',29);
INSERT INTO cidade VALUES(2913606,'ILHEUS','2913606',29);
INSERT INTO cidade VALUES(2913705,'INHAMBUPE','2913705',29);
INSERT INTO cidade VALUES(2913804,'IPECAETA','2913804',29);
INSERT INTO cidade VALUES(2913903,'IPIAU','2913903',29);
INSERT INTO cidade VALUES(2914000,'IPIRA','2914000',29);
INSERT INTO cidade VALUES(2914109,'IPUPIARA','2914109',29);
INSERT INTO cidade VALUES(2914208,'IRAJUBA','2914208',29);
INSERT INTO cidade VALUES(2914307,'IRAMAIA','2914307',29);
INSERT INTO cidade VALUES(2914406,'IRAQUARA','2914406',29);
INSERT INTO cidade VALUES(2914505,'IRARA','2914505',29);
INSERT INTO cidade VALUES(2914604,'IRECE','2914604',29);
INSERT INTO cidade VALUES(2914653,'ITABELA','2914653',29);
INSERT INTO cidade VALUES(2914703,'ITABERABA','2914703',29);
INSERT INTO cidade VALUES(2914802,'ITABUNA','2914802',29);
INSERT INTO cidade VALUES(2914901,'ITACARE','2914901',29);
INSERT INTO cidade VALUES(2915007,'ITAETE','2915007',29);
INSERT INTO cidade VALUES(2915106,'ITAGI','2915106',29);
INSERT INTO cidade VALUES(2915205,'ITAGIBA','2915205',29);
INSERT INTO cidade VALUES(2915304,'ITAGIMIRIM','2915304',29);
INSERT INTO cidade VALUES(2915353,'ITAGUACU DA BAHIA','2915353',29);
INSERT INTO cidade VALUES(2915403,'ITAJU DO COLONIA','2915403',29);
INSERT INTO cidade VALUES(2915502,'ITAJUIPE','2915502',29);
INSERT INTO cidade VALUES(2915601,'ITAMARAJU','2915601',29);
INSERT INTO cidade VALUES(2915700,'ITAMARI','2915700',29);
INSERT INTO cidade VALUES(2915809,'ITAMBE','2915809',29);
INSERT INTO cidade VALUES(2915908,'ITANAGRA','2915908',29);
INSERT INTO cidade VALUES(2916005,'ITANHEM','2916005',29);
INSERT INTO cidade VALUES(2916104,'ITAPARICA','2916104',29);
INSERT INTO cidade VALUES(2916203,'ITAPE','2916203',29);
INSERT INTO cidade VALUES(2916302,'ITAPEBI','2916302',29);
INSERT INTO cidade VALUES(2916401,'ITAPETINGA','2916401',29);
INSERT INTO cidade VALUES(2916500,'ITAPICURU','2916500',29);
INSERT INTO cidade VALUES(2916609,'ITAPITANGA','2916609',29);
INSERT INTO cidade VALUES(2916708,'ITAQUARA','2916708',29);
INSERT INTO cidade VALUES(2916807,'ITARANTIM','2916807',29);
INSERT INTO cidade VALUES(2916856,'ITATIM','2916856',29);
INSERT INTO cidade VALUES(2916906,'ITIRUCU','2916906',29);
INSERT INTO cidade VALUES(2917003,'ITIUBA','2917003',29);
INSERT INTO cidade VALUES(2917102,'ITORORO','2917102',29);
INSERT INTO cidade VALUES(2917201,'ITUACU','2917201',29);
INSERT INTO cidade VALUES(2917300,'ITUBERA','2917300',29);
INSERT INTO cidade VALUES(2917334,'IUIU','2917334',29);
INSERT INTO cidade VALUES(2917359,'JABORANDI','2917359',29);
INSERT INTO cidade VALUES(2917409,'JACARACI','2917409',29);
INSERT INTO cidade VALUES(2917508,'JACOBINA','2917508',29);
INSERT INTO cidade VALUES(2917607,'JAGUAQUARA','2917607',29);
INSERT INTO cidade VALUES(2917706,'JAGUARARI','2917706',29);
INSERT INTO cidade VALUES(2917805,'JAGUARIPE','2917805',29);
INSERT INTO cidade VALUES(2917904,'JANDAIRA','2917904',29);
INSERT INTO cidade VALUES(2918001,'JEQUIE','2918001',29);
INSERT INTO cidade VALUES(2918100,'JEREMOABO','2918100',29);
INSERT INTO cidade VALUES(2918209,'JIQUIRICA','2918209',29);
INSERT INTO cidade VALUES(2918308,'JITAUNA','2918308',29);
INSERT INTO cidade VALUES(2918357,'JOAO DOURADO','2918357',29);
INSERT INTO cidade VALUES(2918407,'JUAZEIRO','2918407',29);
INSERT INTO cidade VALUES(2918456,'JUCURUCU','2918456',29);
INSERT INTO cidade VALUES(2918506,'JUSSARA','2918506',29);
INSERT INTO cidade VALUES(2918555,'JUSSARI','2918555',29);
INSERT INTO cidade VALUES(2918605,'JUSSIAPE','2918605',29);
INSERT INTO cidade VALUES(2918704,'LAFAIETE COUTINHO','2918704',29);
INSERT INTO cidade VALUES(2918753,'LAGOA REAL','2918753',29);
INSERT INTO cidade VALUES(2918803,'LAJE','2918803',29);
INSERT INTO cidade VALUES(2918902,'LAJEDAO','2918902',29);
INSERT INTO cidade VALUES(2919009,'LAJEDINHO','2919009',29);
INSERT INTO cidade VALUES(2919058,'LAJEDO DO TABOCAL','2919058',29);
INSERT INTO cidade VALUES(2919108,'LAMARAO','2919108',29);
INSERT INTO cidade VALUES(2919157,'LAPAO','2919157',29);
INSERT INTO cidade VALUES(2919207,'LAURO DE FREITAS','2919207',29);
INSERT INTO cidade VALUES(2919306,'LENCOIS','2919306',29);
INSERT INTO cidade VALUES(2919405,'LICINIO DE ALMEIDA','2919405',29);
INSERT INTO cidade VALUES(2919504,'LIVRAMENTO DE NOSSA SENHORA','2919504',29);
INSERT INTO cidade VALUES(2919553,'LUIS EDUARDO MAGALHAES','2919553',29);
INSERT INTO cidade VALUES(2919603,'MACAJUBA','2919603',29);
INSERT INTO cidade VALUES(2919702,'MACARANI','2919702',29);
INSERT INTO cidade VALUES(2919801,'MACAUBAS','2919801',29);
INSERT INTO cidade VALUES(2919900,'MACURURE','2919900',29);
INSERT INTO cidade VALUES(2919926,'MADRE DE DEUS','2919926',29);
INSERT INTO cidade VALUES(2919959,'MAETINGA','2919959',29);
INSERT INTO cidade VALUES(2920007,'MAIQUINIQUE','2920007',29);
INSERT INTO cidade VALUES(2920106,'MAIRI','2920106',29);
INSERT INTO cidade VALUES(2920205,'MALHADA','2920205',29);
INSERT INTO cidade VALUES(2920304,'MALHADA DE PEDRAS','2920304',29);
INSERT INTO cidade VALUES(2920403,'MANOEL VITORINO','2920403',29);
INSERT INTO cidade VALUES(2920452,'MANSIDAO','2920452',29);
INSERT INTO cidade VALUES(2920502,'MARACAS','2920502',29);
INSERT INTO cidade VALUES(2920601,'MARAGOGIPE','2920601',29);
INSERT INTO cidade VALUES(2920700,'MARAU','2920700',29);
INSERT INTO cidade VALUES(2920809,'MARCIONILIO SOUZA','2920809',29);
INSERT INTO cidade VALUES(2920908,'MASCOTE','2920908',29);
INSERT INTO cidade VALUES(2921005,'MATA DE SAO JOAO','2921005',29);
INSERT INTO cidade VALUES(2921054,'MATINA','2921054',29);
INSERT INTO cidade VALUES(2921104,'MEDEIROS NETO','2921104',29);
INSERT INTO cidade VALUES(2921203,'MIGUEL CALMON','2921203',29);
INSERT INTO cidade VALUES(2921302,'MILAGRES','2921302',29);
INSERT INTO cidade VALUES(2921401,'MIRANGABA','2921401',29);
INSERT INTO cidade VALUES(2921450,'MIRANTE','2921450',29);
INSERT INTO cidade VALUES(2921500,'MONTE SANTO','2921500',29);
INSERT INTO cidade VALUES(2921609,'MORPARA','2921609',29);
INSERT INTO cidade VALUES(2921708,'MORRO DO CHAPEU','2921708',29);
INSERT INTO cidade VALUES(2921807,'MORTUGABA','2921807',29);
INSERT INTO cidade VALUES(2921906,'MUCUGE','2921906',29);
INSERT INTO cidade VALUES(2922003,'MUCURI','2922003',29);
INSERT INTO cidade VALUES(2922052,'MULUNGU DO MORRO','2922052',29);
INSERT INTO cidade VALUES(2922102,'MUNDO NOVO','2922102',29);
INSERT INTO cidade VALUES(2922201,'MUNIZ FERREIRA','2922201',29);
INSERT INTO cidade VALUES(2922250,'MUQUEM DE SAO FRANCISCO','2922250',29);
INSERT INTO cidade VALUES(2922300,'MURITIBA','2922300',29);
INSERT INTO cidade VALUES(2922409,'MUTUIPE','2922409',29);
INSERT INTO cidade VALUES(2922508,'NAZARE','2922508',29);
INSERT INTO cidade VALUES(2922607,'NILO PECANHA','2922607',29);
INSERT INTO cidade VALUES(2922656,'NORDESTINA','2922656',29);
INSERT INTO cidade VALUES(2922706,'NOVA CANAA','2922706',29);
INSERT INTO cidade VALUES(2922730,'NOVA FATIMA','2922730',29);
INSERT INTO cidade VALUES(2922755,'NOVA IBIA','2922755',29);
INSERT INTO cidade VALUES(2922805,'NOVA ITARANA','2922805',29);
INSERT INTO cidade VALUES(2922854,'NOVA REDENCAO','2922854',29);
INSERT INTO cidade VALUES(2922904,'NOVA SOURE','2922904',29);
INSERT INTO cidade VALUES(2923001,'NOVA VICOSA','2923001',29);
INSERT INTO cidade VALUES(2923035,'NOVO HORIZONTE','2923035',29);
INSERT INTO cidade VALUES(2923050,'NOVO TRIUNFO','2923050',29);
INSERT INTO cidade VALUES(2923100,'OLINDINA','2923100',29);
INSERT INTO cidade VALUES(2923209,'OLIVEIRA DOS BREJINHOS','2923209',29);
INSERT INTO cidade VALUES(2923308,'OURICANGAS','2923308',29);
INSERT INTO cidade VALUES(2923357,'OUROLANDIA','2923357',29);
INSERT INTO cidade VALUES(2923407,'PALMAS DE MONTE ALTO','2923407',29);
INSERT INTO cidade VALUES(2923506,'PALMEIRAS','2923506',29);
INSERT INTO cidade VALUES(2923605,'PARAMIRIM','2923605',29);
INSERT INTO cidade VALUES(2923704,'PARATINGA','2923704',29);
INSERT INTO cidade VALUES(2923803,'PARIPIRANGA','2923803',29);
INSERT INTO cidade VALUES(2923902,'PAU BRASIL','2923902',29);
INSERT INTO cidade VALUES(2924009,'PAULO AFONSO','2924009',29);
INSERT INTO cidade VALUES(2924058,'PE DE SERRA','2924058',29);
INSERT INTO cidade VALUES(2924108,'PEDRAO','2924108',29);
INSERT INTO cidade VALUES(2924207,'PEDRO ALEXANDRE','2924207',29);
INSERT INTO cidade VALUES(2924306,'PIATA','2924306',29);
INSERT INTO cidade VALUES(2924405,'PILAO ARCADO','2924405',29);
INSERT INTO cidade VALUES(2924504,'PINDAI','2924504',29);
INSERT INTO cidade VALUES(2924603,'PINDOBACU','2924603',29);
INSERT INTO cidade VALUES(2924652,'PINTADAS','2924652',29);
INSERT INTO cidade VALUES(2924678,'PIRAI DO NORTE','2924678',29);
INSERT INTO cidade VALUES(2924702,'PIRIPA','2924702',29);
INSERT INTO cidade VALUES(2924801,'PIRITIBA','2924801',29);
INSERT INTO cidade VALUES(2924900,'PLANALTINO','2924900',29);
INSERT INTO cidade VALUES(2925006,'PLANALTO','2925006',29);
INSERT INTO cidade VALUES(2925105,'POCOES','2925105',29);
INSERT INTO cidade VALUES(2925204,'POJUCA','2925204',29);
INSERT INTO cidade VALUES(2925253,'PONTO NOVO','2925253',29);
INSERT INTO cidade VALUES(2925303,'PORTO SEGURO','2925303',29);
INSERT INTO cidade VALUES(2925402,'POTIRAGUA','2925402',29);
INSERT INTO cidade VALUES(2925501,'PRADO','2925501',29);
INSERT INTO cidade VALUES(2925600,'PRESIDENTE DUTRA','2925600',29);
INSERT INTO cidade VALUES(2925709,'PRESIDENTE JANIO QUADROS','2925709',29);
INSERT INTO cidade VALUES(2925758,'PRESIDENTE TANCREDO NEVES','2925758',29);
INSERT INTO cidade VALUES(2925808,'QUEIMADAS','2925808',29);
INSERT INTO cidade VALUES(2925907,'QUIJINGUE','2925907',29);
INSERT INTO cidade VALUES(2925931,'QUIXABEIRA','2925931',29);
INSERT INTO cidade VALUES(2925956,'RAFAEL JAMBEIRO','2925956',29);
INSERT INTO cidade VALUES(2926004,'REMANSO','2926004',29);
INSERT INTO cidade VALUES(2926103,'RETIROLANDIA','2926103',29);
INSERT INTO cidade VALUES(2926202,'RIACHAO DAS NEVES','2926202',29);
INSERT INTO cidade VALUES(2926301,'RIACHAO DO JACUIPE','2926301',29);
INSERT INTO cidade VALUES(2926400,'RIACHO DE SANTANA','2926400',29);
INSERT INTO cidade VALUES(2926509,'RIBEIRA DO AMPARO','2926509',29);
INSERT INTO cidade VALUES(2926608,'RIBEIRA DO POMBAL','2926608',29);
INSERT INTO cidade VALUES(2926657,'RIBEIRAO DO LARGO','2926657',29);
INSERT INTO cidade VALUES(2926707,'RIO DE CONTAS','2926707',29);
INSERT INTO cidade VALUES(2926806,'RIO DO ANTONIO','2926806',29);
INSERT INTO cidade VALUES(2926905,'RIO DO PIRES','2926905',29);
INSERT INTO cidade VALUES(2927002,'RIO REAL','2927002',29);
INSERT INTO cidade VALUES(2927101,'RODELAS','2927101',29);
INSERT INTO cidade VALUES(2927200,'RUY BARBOSA','2927200',29);
INSERT INTO cidade VALUES(2927309,'SALINAS DA MARGARIDA','2927309',29);
INSERT INTO cidade VALUES(2927408,'SALVADOR','2927408',29);
INSERT INTO cidade VALUES(2927507,'SANTA BARBARA','2927507',29);
INSERT INTO cidade VALUES(2927606,'SANTA BRIGIDA','2927606',29);
INSERT INTO cidade VALUES(2927705,'SANTA CRUZ CABRALIA','2927705',29);
INSERT INTO cidade VALUES(2927804,'SANTA CRUZ DA VITORIA','2927804',29);
INSERT INTO cidade VALUES(2927903,'SANTA INES','2927903',29);
INSERT INTO cidade VALUES(2928000,'SANTALUZ','2928000',29);
INSERT INTO cidade VALUES(2928059,'SANTA LUZIA','2928059',29);
INSERT INTO cidade VALUES(2928109,'SANTA MARIA DA VITORIA','2928109',29);
INSERT INTO cidade VALUES(2928208,'SANTANA','2928208',29);
INSERT INTO cidade VALUES(2928307,'SANTANOPOLIS','2928307',29);
INSERT INTO cidade VALUES(2928406,'SANTA RITA DE CASSIA','2928406',29);
INSERT INTO cidade VALUES(2928505,'SANTA TERESINHA','2928505',29);
INSERT INTO cidade VALUES(2928604,'SANTO AMARO','2928604',29);
INSERT INTO cidade VALUES(2928703,'SANTO ANTONIO DE JESUS','2928703',29);
INSERT INTO cidade VALUES(2928802,'SANTO ESTEVAO','2928802',29);
INSERT INTO cidade VALUES(2928901,'SAO DESIDERIO','2928901',29);
INSERT INTO cidade VALUES(2928950,'SAO DOMINGOS','2928950',29);
INSERT INTO cidade VALUES(2929008,'SAO FELIX','2929008',29);
INSERT INTO cidade VALUES(2929057,'SAO FELIX DO CORIBE','2929057',29);
INSERT INTO cidade VALUES(2929107,'SAO FELIPE','2929107',29);
INSERT INTO cidade VALUES(2929206,'SAO FRANCISCO DO CONDE','2929206',29);
INSERT INTO cidade VALUES(2929255,'SAO GABRIEL','2929255',29);
INSERT INTO cidade VALUES(2929305,'SAO GONCALO DOS CAMPOS','2929305',29);
INSERT INTO cidade VALUES(2929354,'SAO JOSE DA VITORIA','2929354',29);
INSERT INTO cidade VALUES(2929370,'SAO JOSE DO JACUIPE','2929370',29);
INSERT INTO cidade VALUES(2929404,'SAO MIGUEL DAS MATAS','2929404',29);
INSERT INTO cidade VALUES(2929503,'SAO SEBASTIAO DO PASSE','2929503',29);
INSERT INTO cidade VALUES(2929602,'SAPEACU','2929602',29);
INSERT INTO cidade VALUES(2929701,'SATIRO DIAS','2929701',29);
INSERT INTO cidade VALUES(2929750,'SAUBARA','2929750',29);
INSERT INTO cidade VALUES(2929800,'SAUDE','2929800',29);
INSERT INTO cidade VALUES(2929909,'SEABRA','2929909',29);
INSERT INTO cidade VALUES(2930006,'SEBASTIAO LARANJEIRAS','2930006',29);
INSERT INTO cidade VALUES(2930105,'SENHOR DO BONFIM','2930105',29);
INSERT INTO cidade VALUES(2930154,'SERRA DO RAMALHO','2930154',29);
INSERT INTO cidade VALUES(2930204,'SENTO SE','2930204',29);
INSERT INTO cidade VALUES(2930303,'SERRA DOURADA','2930303',29);
INSERT INTO cidade VALUES(2930402,'SERRA PRETA','2930402',29);
INSERT INTO cidade VALUES(2930501,'SERRINHA','2930501',29);
INSERT INTO cidade VALUES(2930600,'SERROLANDIA','2930600',29);
INSERT INTO cidade VALUES(2930709,'SIMOES FILHO','2930709',29);
INSERT INTO cidade VALUES(2930758,'SITIO DO MATO','2930758',29);
INSERT INTO cidade VALUES(2930766,'SITIO DO QUINTO','2930766',29);
INSERT INTO cidade VALUES(2930774,'SOBRADINHO','2930774',29);
INSERT INTO cidade VALUES(2930808,'SOUTO SOARES','2930808',29);
INSERT INTO cidade VALUES(2930907,'TABOCAS DO BREJO VELHO','2930907',29);
INSERT INTO cidade VALUES(2931004,'TANHACU','2931004',29);
INSERT INTO cidade VALUES(2931053,'TANQUE NOVO','2931053',29);
INSERT INTO cidade VALUES(2931103,'TANQUINHO','2931103',29);
INSERT INTO cidade VALUES(2931202,'TAPEROA','2931202',29);
INSERT INTO cidade VALUES(2931301,'TAPIRAMUTA','2931301',29);
INSERT INTO cidade VALUES(2931350,'TEIXEIRA DE FREITAS','2931350',29);
INSERT INTO cidade VALUES(2931400,'TEODORO SAMPAIO','2931400',29);
INSERT INTO cidade VALUES(2931509,'TEOFILANDIA','2931509',29);
INSERT INTO cidade VALUES(2931608,'TEOLANDIA','2931608',29);
INSERT INTO cidade VALUES(2931707,'TERRA NOVA','2931707',29);
INSERT INTO cidade VALUES(2931806,'TREMEDAL','2931806',29);
INSERT INTO cidade VALUES(2931905,'TUCANO','2931905',29);
INSERT INTO cidade VALUES(2932002,'UAUA','2932002',29);
INSERT INTO cidade VALUES(2932101,'UBAIRA','2932101',29);
INSERT INTO cidade VALUES(2932200,'UBAITABA','2932200',29);
INSERT INTO cidade VALUES(2932309,'UBATA','2932309',29);
INSERT INTO cidade VALUES(2932408,'UIBAI','2932408',29);
INSERT INTO cidade VALUES(2932457,'UMBURANAS','2932457',29);
INSERT INTO cidade VALUES(2932507,'UNA','2932507',29);
INSERT INTO cidade VALUES(2932606,'URANDI','2932606',29);
INSERT INTO cidade VALUES(2932705,'URUCUCA','2932705',29);
INSERT INTO cidade VALUES(2932804,'UTINGA','2932804',29);
INSERT INTO cidade VALUES(2932903,'VALENCA','2932903',29);
INSERT INTO cidade VALUES(2933000,'VALENTE','2933000',29);
INSERT INTO cidade VALUES(2933059,'VARZEA DA ROCA','2933059',29);
INSERT INTO cidade VALUES(2933109,'VARZEA DO POCO','2933109',29);
INSERT INTO cidade VALUES(2933158,'VARZEA NOVA','2933158',29);
INSERT INTO cidade VALUES(2933174,'VARZEDO','2933174',29);
INSERT INTO cidade VALUES(2933208,'VERA CRUZ','2933208',29);
INSERT INTO cidade VALUES(2933257,'VEREDA','2933257',29);
INSERT INTO cidade VALUES(2933307,'VITORIA DA CONQUISTA','2933307',29);
INSERT INTO cidade VALUES(2933406,'WAGNER','2933406',29);
INSERT INTO cidade VALUES(2933455,'WANDERLEY','2933455',29);
INSERT INTO cidade VALUES(2933505,'WENCESLAU GUIMARAES','2933505',29);
INSERT INTO cidade VALUES(2933604,'XIQUE-XIQUE','2933604',29);
INSERT INTO cidade VALUES(3100104,'ABADIA DOS DOURADOS','3100104',31);
INSERT INTO cidade VALUES(3100203,'ABAETE','3100203',31);
INSERT INTO cidade VALUES(3100302,'ABRE CAMPO','3100302',31);
INSERT INTO cidade VALUES(3100401,'ACAIACA','3100401',31);
INSERT INTO cidade VALUES(3100500,'ACUCENA','3100500',31);
INSERT INTO cidade VALUES(3100609,'AGUA BOA','3100609',31);
INSERT INTO cidade VALUES(3100708,'AGUA COMPRIDA','3100708',31);
INSERT INTO cidade VALUES(3100807,'AGUANIL','3100807',31);
INSERT INTO cidade VALUES(3100906,'AGUAS FORMOSAS','3100906',31);
INSERT INTO cidade VALUES(3101003,'AGUAS VERMELHAS','3101003',31);
INSERT INTO cidade VALUES(3101102,'AIMORES','3101102',31);
INSERT INTO cidade VALUES(3101201,'LAJEADO','3101201',31);
INSERT INTO cidade VALUES(3101300,'ALAGOA','3101300',31);
INSERT INTO cidade VALUES(3101409,'ALBERTINA','3101409',31);
INSERT INTO cidade VALUES(3101508,'ALEM PARAIBA','3101508',31);
INSERT INTO cidade VALUES(3101607,'ALFENAS','3101607',31);
INSERT INTO cidade VALUES(3101631,'ALFREDO VASCONCELOS','3101631',31);
INSERT INTO cidade VALUES(3101706,'ALMENARA','3101706',31);
INSERT INTO cidade VALUES(3101805,'ALPERCATA','3101805',31);
INSERT INTO cidade VALUES(3101904,'ALPINOPOLIS','3101904',31);
INSERT INTO cidade VALUES(3102001,'ALTEROSA','3102001',31);
INSERT INTO cidade VALUES(3102050,'ALTO CAPARAO','3102050',31);
INSERT INTO cidade VALUES(3102100,'ALTO RIO DOCE','3102100',31);
INSERT INTO cidade VALUES(3102209,'ALVARENGA','3102209',31);
INSERT INTO cidade VALUES(3102308,'ALVINOPOLIS','3102308',31);
INSERT INTO cidade VALUES(3102407,'ALVORADA DE MINAS','3102407',31);
INSERT INTO cidade VALUES(3102506,'AMPARO DO SERRA','3102506',31);
INSERT INTO cidade VALUES(3102605,'ANDRADAS','3102605',31);
INSERT INTO cidade VALUES(3102704,'CACHOEIRA DE PAJEU','3102704',31);
INSERT INTO cidade VALUES(3102803,'ANDRELANDIA','3102803',31);
INSERT INTO cidade VALUES(3102852,'ANGELANDIA','3102852',31);
INSERT INTO cidade VALUES(3102902,'ANTONIO CARLOS','3102902',31);
INSERT INTO cidade VALUES(3103009,'ANTONIO DIAS','3103009',31);
INSERT INTO cidade VALUES(3103108,'ANTONIO PRADO DE MINAS','3103108',31);
INSERT INTO cidade VALUES(3103207,'ARACAI','3103207',31);
INSERT INTO cidade VALUES(3103306,'ARACITABA','3103306',31);
INSERT INTO cidade VALUES(3103405,'ARACUAI','3103405',31);
INSERT INTO cidade VALUES(3103504,'ARAGUARI','3103504',31);
INSERT INTO cidade VALUES(3103603,'ARANTINA','3103603',31);
INSERT INTO cidade VALUES(3103702,'ARAPONGA','3103702',31);
INSERT INTO cidade VALUES(3103751,'ARAPORA','3103751',31);
INSERT INTO cidade VALUES(3103801,'ARAPUA','3103801',31);
INSERT INTO cidade VALUES(3103900,'ARAUJOS','3103900',31);
INSERT INTO cidade VALUES(3104007,'ARAXA','3104007',31);
INSERT INTO cidade VALUES(3104106,'ARCEBURGO','3104106',31);
INSERT INTO cidade VALUES(3104205,'ARCOS','3104205',31);
INSERT INTO cidade VALUES(3104304,'AREADO','3104304',31);
INSERT INTO cidade VALUES(3104403,'ARGIRITA','3104403',31);
INSERT INTO cidade VALUES(3104452,'ARICANDUVA','3104452',31);
INSERT INTO cidade VALUES(3104502,'ARINOS','3104502',31);
INSERT INTO cidade VALUES(3104601,'ASTOLFO DUTRA','3104601',31);
INSERT INTO cidade VALUES(3104700,'ATALEIA','3104700',31);
INSERT INTO cidade VALUES(3104809,'AUGUSTO DE LIMA','3104809',31);
INSERT INTO cidade VALUES(3104908,'BAEPENDI','3104908',31);
INSERT INTO cidade VALUES(3105004,'BALDIM','3105004',31);
INSERT INTO cidade VALUES(3105103,'BAMBUI','3105103',31);
INSERT INTO cidade VALUES(3105202,'BANDEIRA','3105202',31);
INSERT INTO cidade VALUES(3105301,'BANDEIRA DO SUL','3105301',31);
INSERT INTO cidade VALUES(3105400,'BARAO DE COCAIS','3105400',31);
INSERT INTO cidade VALUES(3105509,'BARAO DE MONTE ALTO','3105509',31);
INSERT INTO cidade VALUES(3105608,'BARBACENA','3105608',31);
INSERT INTO cidade VALUES(3105707,'BARRA LONGA','3105707',31);
INSERT INTO cidade VALUES(3105905,'BARROSO','3105905',31);
INSERT INTO cidade VALUES(3106002,'BELA VISTA DE MINAS','3106002',31);
INSERT INTO cidade VALUES(3106101,'BELMIRO BRAGA','3106101',31);
INSERT INTO cidade VALUES(3106200,'BELO HORIZONTE','3106200',31);
INSERT INTO cidade VALUES(3106309,'BELO ORIENTE','3106309',31);
INSERT INTO cidade VALUES(3106408,'BELO VALE','3106408',31);
INSERT INTO cidade VALUES(3106507,'BERILO','3106507',31);
INSERT INTO cidade VALUES(3106606,'BERTOPOLIS','3106606',31);
INSERT INTO cidade VALUES(3106655,'BERIZAL','3106655',31);
INSERT INTO cidade VALUES(3106705,'BETIM','3106705',31);
INSERT INTO cidade VALUES(3106804,'BIAS FORTES','3106804',31);
INSERT INTO cidade VALUES(3106903,'BICAS','3106903',31);
INSERT INTO cidade VALUES(3107000,'BIQUINHAS','3107000',31);
INSERT INTO cidade VALUES(3107109,'BOA ESPERANCA','3107109',31);
INSERT INTO cidade VALUES(3107208,'BOCAINA DE MINAS','3107208',31);
INSERT INTO cidade VALUES(3107307,'BOCAIUVA','3107307',31);
INSERT INTO cidade VALUES(3107406,'BOM DESPACHO','3107406',31);
INSERT INTO cidade VALUES(3107505,'BOM JARDIM DE MINAS','3107505',31);
INSERT INTO cidade VALUES(3107604,'BOM JESUS DA PENHA','3107604',31);
INSERT INTO cidade VALUES(3107703,'BOM JESUS DO AMPARO','3107703',31);
INSERT INTO cidade VALUES(3107802,'BOM JESUS DO GALHO','3107802',31);
INSERT INTO cidade VALUES(3107901,'BOM REPOUSO','3107901',31);
INSERT INTO cidade VALUES(3108008,'BOM SUCESSO','3108008',31);
INSERT INTO cidade VALUES(3108107,'BONFIM','3108107',31);
INSERT INTO cidade VALUES(3108206,'BONFINOPOLIS DE MINAS','3108206',31);
INSERT INTO cidade VALUES(3108255,'BONITO DE MINAS','3108255',31);
INSERT INTO cidade VALUES(3108305,'BORDA DA MATA','3108305',31);
INSERT INTO cidade VALUES(3108404,'BOTELHOS','3108404',31);
INSERT INTO cidade VALUES(3108503,'BOTUMIRIM','3108503',31);
INSERT INTO cidade VALUES(3108552,'BRASILANDIA DE MINAS','3108552',31);
INSERT INTO cidade VALUES(3108602,'BRASILIA DE MINAS','3108602',31);
INSERT INTO cidade VALUES(3108701,'BRAS PIRES','3108701',31);
INSERT INTO cidade VALUES(3108800,'BRAUNAS','3108800',31);
INSERT INTO cidade VALUES(3108909,'BRASOPOLIS','3108909',31);
INSERT INTO cidade VALUES(3109006,'BRUMADINHO','3109006',31);
INSERT INTO cidade VALUES(3109105,'BUENO BRANDAO','3109105',31);
INSERT INTO cidade VALUES(3109204,'BUENOPOLIS','3109204',31);
INSERT INTO cidade VALUES(3109253,'BUGRE','3109253',31);
INSERT INTO cidade VALUES(3109303,'BURITIS','3109303',31);
INSERT INTO cidade VALUES(3109402,'BURITIZEIRO','3109402',31);
INSERT INTO cidade VALUES(3109451,'CABECEIRA GRANDE','3109451',31);
INSERT INTO cidade VALUES(3109501,'CABO VERDE','3109501',31);
INSERT INTO cidade VALUES(3109600,'CACHOEIRA DA PRATA','3109600',31);
INSERT INTO cidade VALUES(3109709,'CACHOEIRA DE MINAS','3109709',31);
INSERT INTO cidade VALUES(3109808,'CACHOEIRA DOURADA','3109808',31);
INSERT INTO cidade VALUES(3109907,'CAETANOPOLIS','3109907',31);
INSERT INTO cidade VALUES(3110004,'CAETE','3110004',31);
INSERT INTO cidade VALUES(3110103,'CAIANA','3110103',31);
INSERT INTO cidade VALUES(3110202,'CAJURI','3110202',31);
INSERT INTO cidade VALUES(3110301,'CALDAS','3110301',31);
INSERT INTO cidade VALUES(3110400,'CAMACHO','3110400',31);
INSERT INTO cidade VALUES(3110509,'CAMANDUCAIA','3110509',31);
INSERT INTO cidade VALUES(3110608,'CAMBUI','3110608',31);
INSERT INTO cidade VALUES(3110707,'CAMBUQUIRA','3110707',31);
INSERT INTO cidade VALUES(3110806,'CAMPANARIO','3110806',31);
INSERT INTO cidade VALUES(3110905,'CAMPANHA','3110905',31);
INSERT INTO cidade VALUES(3111002,'CAMPESTRE','3111002',31);
INSERT INTO cidade VALUES(3111101,'CAMPINA VERDE','3111101',31);
INSERT INTO cidade VALUES(3111150,'CAMPO AZUL','3111150',31);
INSERT INTO cidade VALUES(3111200,'CAMPO BELO','3111200',31);
INSERT INTO cidade VALUES(3111309,'CAMPO DO MEIO','3111309',31);
INSERT INTO cidade VALUES(3111408,'CAMPO FLORIDO','3111408',31);
INSERT INTO cidade VALUES(3111507,'CAMPOS ALTOS','3111507',31);
INSERT INTO cidade VALUES(3111606,'CAMPOS GERAIS','3111606',31);
INSERT INTO cidade VALUES(3111705,'CANAA','3111705',31);
INSERT INTO cidade VALUES(3111804,'CANAPOLIS','3111804',31);
INSERT INTO cidade VALUES(3111903,'CANA VERDE','3111903',31);
INSERT INTO cidade VALUES(3112000,'CANDEIAS','3112000',31);
INSERT INTO cidade VALUES(3112059,'CANTAGALO','3112059',31);
INSERT INTO cidade VALUES(3112109,'CAPARAO','3112109',31);
INSERT INTO cidade VALUES(3112208,'CAPELA NOVA','3112208',31);
INSERT INTO cidade VALUES(3112307,'CAPELINHA','3112307',31);
INSERT INTO cidade VALUES(3112406,'CAPETINGA','3112406',31);
INSERT INTO cidade VALUES(3112505,'CAPIM BRANCO','3112505',31);
INSERT INTO cidade VALUES(3112604,'CAPINOPOLIS','3112604',31);
INSERT INTO cidade VALUES(3112653,'CAPITAO ANDRADE','3112653',31);
INSERT INTO cidade VALUES(3112703,'CAPITAO ENEAS','3112703',31);
INSERT INTO cidade VALUES(3112802,'CAPITOLIO','3112802',31);
INSERT INTO cidade VALUES(3112901,'CAPUTIRA','3112901',31);
INSERT INTO cidade VALUES(3113008,'CARAI','3113008',31);
INSERT INTO cidade VALUES(3113107,'CARANAIBA','3113107',31);
INSERT INTO cidade VALUES(3113206,'CARANDAI','3113206',31);
INSERT INTO cidade VALUES(3113305,'CARANGOLA','3113305',31);
INSERT INTO cidade VALUES(3113404,'CARATINGA','3113404',31);
INSERT INTO cidade VALUES(3113503,'CARBONITA','3113503',31);
INSERT INTO cidade VALUES(3113602,'CAREACU','3113602',31);
INSERT INTO cidade VALUES(3113701,'CARLOS CHAGAS','3113701',31);
INSERT INTO cidade VALUES(3113800,'CARMESIA','3113800',31);
INSERT INTO cidade VALUES(3113909,'CARMO DA CACHOEIRA','3113909',31);
INSERT INTO cidade VALUES(3114006,'CARMO DA MATA','3114006',31);
INSERT INTO cidade VALUES(3114105,'CARMO DE MINAS','3114105',31);
INSERT INTO cidade VALUES(3114204,'CARMO DO CAJURU','3114204',31);
INSERT INTO cidade VALUES(3114303,'CARMO DO PARANAIBA','3114303',31);
INSERT INTO cidade VALUES(3114402,'CARMO DO RIO CLARO','3114402',31);
INSERT INTO cidade VALUES(3114501,'CARMOPOLIS DE MINAS','3114501',31);
INSERT INTO cidade VALUES(3114550,'CARNEIRINHO','3114550',31);
INSERT INTO cidade VALUES(3114600,'CARRANCAS','3114600',31);
INSERT INTO cidade VALUES(3114709,'CARVALHOPOLIS','3114709',31);
INSERT INTO cidade VALUES(3114808,'CARVALHOS','3114808',31);
INSERT INTO cidade VALUES(3114907,'CASA GRANDE','3114907',31);
INSERT INTO cidade VALUES(3115003,'CASCALHO RICO','3115003',31);
INSERT INTO cidade VALUES(3115102,'CASSIA','3115102',31);
INSERT INTO cidade VALUES(3115201,'CONCEICAO DA BARRA DE MINAS','3115201',31);
INSERT INTO cidade VALUES(3115300,'CATAGUASES','3115300',31);
INSERT INTO cidade VALUES(3115359,'CATAS ALTAS','3115359',31);
INSERT INTO cidade VALUES(3115409,'CATAS ALTAS DA NORUEGA','3115409',31);
INSERT INTO cidade VALUES(3115458,'CATUJI','3115458',31);
INSERT INTO cidade VALUES(3115474,'CATUTI','3115474',31);
INSERT INTO cidade VALUES(3115508,'CAXAMBU','3115508',31);
INSERT INTO cidade VALUES(3115607,'CEDRO DO ABAETE','3115607',31);
INSERT INTO cidade VALUES(3115706,'CENTRAL DE MINAS','3115706',31);
INSERT INTO cidade VALUES(3115805,'CENTRALINA','3115805',31);
INSERT INTO cidade VALUES(3115904,'CHACARA','3115904',31);
INSERT INTO cidade VALUES(3116001,'CHALE','3116001',31);
INSERT INTO cidade VALUES(3116100,'CHAPADA DO NORTE','3116100',31);
INSERT INTO cidade VALUES(3116159,'CHAPADA GAUCHA','3116159',31);
INSERT INTO cidade VALUES(3116209,'CHIADOR','3116209',31);
INSERT INTO cidade VALUES(3116308,'CIPOTANEA','3116308',31);
INSERT INTO cidade VALUES(3116407,'CLARAVAL','3116407',31);
INSERT INTO cidade VALUES(3116506,'CLARO DOS POCOES','3116506',31);
INSERT INTO cidade VALUES(3116605,'CLAUDIO','3116605',31);
INSERT INTO cidade VALUES(3116704,'COIMBRA','3116704',31);
INSERT INTO cidade VALUES(3116803,'COLUNA','3116803',31);
INSERT INTO cidade VALUES(3116902,'COMENDADOR GOMES','3116902',31);
INSERT INTO cidade VALUES(3117009,'COMERCINHO','3117009',31);
INSERT INTO cidade VALUES(3117108,'CONCEICAO DA APARECIDA','3117108',31);
INSERT INTO cidade VALUES(3117207,'CONCEICAO DAS PEDRAS','3117207',31);
INSERT INTO cidade VALUES(3117306,'CONCEICAO DAS ALAGOAS','3117306',31);
INSERT INTO cidade VALUES(3117405,'CONCEICAO DE IPANEMA','3117405',31);
INSERT INTO cidade VALUES(3117504,'CONCEICAO DO MATO DENTRO','3117504',31);
INSERT INTO cidade VALUES(3117603,'CONCEICAO DO PARA','3117603',31);
INSERT INTO cidade VALUES(3117702,'CONCEICAO DO RIO VERDE','3117702',31);
INSERT INTO cidade VALUES(3117801,'CONCEICAO DOS OUROS','3117801',31);
INSERT INTO cidade VALUES(3117836,'CONEGO MARINHO','3117836',31);
INSERT INTO cidade VALUES(3117876,'CONFINS','3117876',31);
INSERT INTO cidade VALUES(3117900,'CONGONHAL','3117900',31);
INSERT INTO cidade VALUES(3118007,'CONGONHAS','3118007',31);
INSERT INTO cidade VALUES(3118106,'CONGONHAS DO NORTE','3118106',31);
INSERT INTO cidade VALUES(3118205,'CONQUISTA','3118205',31);
INSERT INTO cidade VALUES(3118304,'CONSELHEIRO LAFAIETE','3118304',31);
INSERT INTO cidade VALUES(3118403,'CONSELHEIRO PENA','3118403',31);
INSERT INTO cidade VALUES(3118502,'CONSOLACAO','3118502',31);
INSERT INTO cidade VALUES(3118601,'CONTAGEM','3118601',31);
INSERT INTO cidade VALUES(3118700,'COQUEIRAL','3118700',31);
INSERT INTO cidade VALUES(3118809,'CORACAO DE JESUS','3118809',31);
INSERT INTO cidade VALUES(3118908,'CORDISBURGO','3118908',31);
INSERT INTO cidade VALUES(3119005,'CORDISLANDIA','3119005',31);
INSERT INTO cidade VALUES(3119104,'CORINTO','3119104',31);
INSERT INTO cidade VALUES(3119203,'COROACI','3119203',31);
INSERT INTO cidade VALUES(3119302,'COROMANDEL','3119302',31);
INSERT INTO cidade VALUES(3119401,'CORONEL FABRICIANO','3119401',31);
INSERT INTO cidade VALUES(3119500,'CORONEL MURTA','3119500',31);
INSERT INTO cidade VALUES(3119609,'CORONEL PACHECO','3119609',31);
INSERT INTO cidade VALUES(3119708,'CORONEL XAVIER CHAVES','3119708',31);
INSERT INTO cidade VALUES(3119807,'CORREGO DANTA','3119807',31);
INSERT INTO cidade VALUES(3119906,'CORREGO DO BOM JESUS','3119906',31);
INSERT INTO cidade VALUES(3119955,'CORREGO FUNDO','3119955',31);
INSERT INTO cidade VALUES(3120003,'CORREGO NOVO','3120003',31);
INSERT INTO cidade VALUES(3120102,'COUTO DE MAGALHAES DE MINAS','3120102',31);
INSERT INTO cidade VALUES(3120151,'CRISOLITA','3120151',31);
INSERT INTO cidade VALUES(3120201,'CRISTAIS','3120201',31);
INSERT INTO cidade VALUES(3120300,'CRISTALIA','3120300',31);
INSERT INTO cidade VALUES(3120409,'CRISTIANO OTONI','3120409',31);
INSERT INTO cidade VALUES(3120508,'CRISTINA','3120508',31);
INSERT INTO cidade VALUES(3120607,'CRUCILANDIA','3120607',31);
INSERT INTO cidade VALUES(3120706,'CRUZEIRO DA FORTALEZA','3120706',31);
INSERT INTO cidade VALUES(3120805,'CRUZILIA','3120805',31);
INSERT INTO cidade VALUES(3120839,'CUPARAQUE','3120839',31);
INSERT INTO cidade VALUES(3120870,'CURRAL DE DENTRO','3120870',31);
INSERT INTO cidade VALUES(3120904,'CURVELO','3120904',31);
INSERT INTO cidade VALUES(3121001,'DATAS','3121001',31);
INSERT INTO cidade VALUES(3121100,'DELFIM MOREIRA','3121100',31);
INSERT INTO cidade VALUES(3121209,'DELFINOPOLIS','3121209',31);
INSERT INTO cidade VALUES(3121258,'DELTA','3121258',31);
INSERT INTO cidade VALUES(3121308,'DESCOBERTO','3121308',31);
INSERT INTO cidade VALUES(3121407,'DESTERRO DE ENTRE RIOS','3121407',31);
INSERT INTO cidade VALUES(3121506,'DESTERRO DO MELO','3121506',31);
INSERT INTO cidade VALUES(3121605,'DIAMANTINA','3121605',31);
INSERT INTO cidade VALUES(3121704,'DIOGO DE VASCONCELOS','3121704',31);
INSERT INTO cidade VALUES(3121803,'DIONISIO','3121803',31);
INSERT INTO cidade VALUES(3121902,'DIVINESIA','3121902',31);
INSERT INTO cidade VALUES(3122009,'DIVINO','3122009',31);
INSERT INTO cidade VALUES(3122108,'DIVINO DAS LARANJEIRAS','3122108',31);
INSERT INTO cidade VALUES(3122207,'DIVINOLANDIA DE MINAS','3122207',31);
INSERT INTO cidade VALUES(3122306,'DIVINOPOLIS','3122306',31);
INSERT INTO cidade VALUES(3122355,'DIVISA ALEGRE','3122355',31);
INSERT INTO cidade VALUES(3122405,'DIVISA NOVA','3122405',31);
INSERT INTO cidade VALUES(3122454,'DIVISOPOLIS','3122454',31);
INSERT INTO cidade VALUES(3122470,'DOM BOSCO','3122470',31);
INSERT INTO cidade VALUES(3122504,'DOM CAVATI','3122504',31);
INSERT INTO cidade VALUES(3122603,'DOM JOAQUIM','3122603',31);
INSERT INTO cidade VALUES(3122702,'DOM SILVERIO','3122702',31);
INSERT INTO cidade VALUES(3122801,'DOM VICOSO','3122801',31);
INSERT INTO cidade VALUES(3122900,'DONA EUSEBIA','3122900',31);
INSERT INTO cidade VALUES(3123007,'DORES DE CAMPOS','3123007',31);
INSERT INTO cidade VALUES(3123106,'DORES DE GUANHAES','3123106',31);
INSERT INTO cidade VALUES(3123205,'DORES DO INDAIA','3123205',31);
INSERT INTO cidade VALUES(3123304,'DORES DO TURVO','3123304',31);
INSERT INTO cidade VALUES(3123403,'DORESOPOLIS','3123403',31);
INSERT INTO cidade VALUES(3123502,'DOURADOQUARA','3123502',31);
INSERT INTO cidade VALUES(3123528,'DURANDE','3123528',31);
INSERT INTO cidade VALUES(3123601,'ELOI MENDES','3123601',31);
INSERT INTO cidade VALUES(3123700,'ENGENHEIRO CALDAS','3123700',31);
INSERT INTO cidade VALUES(3123809,'ENGENHEIRO NAVARRO','3123809',31);
INSERT INTO cidade VALUES(3123858,'ENTRE FOLHAS','3123858',31);
INSERT INTO cidade VALUES(3123908,'ENTRE RIOS DE MINAS','3123908',31);
INSERT INTO cidade VALUES(3124005,'ERVALIA','3124005',31);
INSERT INTO cidade VALUES(3124104,'ESMERALDAS','3124104',31);
INSERT INTO cidade VALUES(3124203,'ESPERA FELIZ','3124203',31);
INSERT INTO cidade VALUES(3124302,'ESPINOSA','3124302',31);
INSERT INTO cidade VALUES(3124401,'ESPIRITO SANTO DO DOURADO','3124401',31);
INSERT INTO cidade VALUES(3124500,'ESTIVA','3124500',31);
INSERT INTO cidade VALUES(3124609,'ESTRELA DALVA','3124609',31);
INSERT INTO cidade VALUES(3124708,'ESTRELA DO INDAIA','3124708',31);
INSERT INTO cidade VALUES(3124807,'ESTRELA DO SUL','3124807',31);
INSERT INTO cidade VALUES(3124906,'EUGENOPOLIS','3124906',31);
INSERT INTO cidade VALUES(3125002,'EWBANK DA CAMARA','3125002',31);
INSERT INTO cidade VALUES(3125101,'EXTREMA','3125101',31);
INSERT INTO cidade VALUES(3125200,'FAMA','3125200',31);
INSERT INTO cidade VALUES(3125309,'FARIA LEMOS','3125309',31);
INSERT INTO cidade VALUES(3125408,'FELICIO DOS SANTOS','3125408',31);
INSERT INTO cidade VALUES(3125507,'SAO GONCALO DO RIO PRETO','3125507',31);
INSERT INTO cidade VALUES(3125606,'FELISBURGO','3125606',31);
INSERT INTO cidade VALUES(3125705,'FELIXLANDIA','3125705',31);
INSERT INTO cidade VALUES(3125804,'FERNANDES TOURINHO','3125804',31);
INSERT INTO cidade VALUES(3125903,'FERROS','3125903',31);
INSERT INTO cidade VALUES(3125952,'FERVEDOURO','3125952',31);
INSERT INTO cidade VALUES(3126000,'FLORESTAL','3126000',31);
INSERT INTO cidade VALUES(3126109,'FORMIGA','3126109',31);
INSERT INTO cidade VALUES(3126208,'FORMOSO','3126208',31);
INSERT INTO cidade VALUES(3126307,'FORTALEZA DE MINAS','3126307',31);
INSERT INTO cidade VALUES(3126406,'FORTUNA DE MINAS','3126406',31);
INSERT INTO cidade VALUES(3126505,'FRANCISCO BADARO','3126505',31);
INSERT INTO cidade VALUES(3126604,'FRANCISCO DUMONT','3126604',31);
INSERT INTO cidade VALUES(3126703,'FRANCISCO SA','3126703',31);
INSERT INTO cidade VALUES(3126752,'FRANCISCOPOLIS','3126752',31);
INSERT INTO cidade VALUES(3126802,'FREI GASPAR','3126802',31);
INSERT INTO cidade VALUES(3126901,'FREI INOCENCIO','3126901',31);
INSERT INTO cidade VALUES(3126950,'FREI LAGONEGRO','3126950',31);
INSERT INTO cidade VALUES(3127008,'FRONTEIRA','3127008',31);
INSERT INTO cidade VALUES(3127057,'FRONTEIRA DOS VALES','3127057',31);
INSERT INTO cidade VALUES(3127073,'FRUTA DE LEITE','3127073',31);
INSERT INTO cidade VALUES(3127107,'FRUTAL','3127107',31);
INSERT INTO cidade VALUES(3127206,'FUNILANDIA','3127206',31);
INSERT INTO cidade VALUES(3127305,'GALILEIA','3127305',31);
INSERT INTO cidade VALUES(3127339,'GAMELEIRAS','3127339',31);
INSERT INTO cidade VALUES(3127354,'GLAUCILANDIA','3127354',31);
INSERT INTO cidade VALUES(3127370,'GOIABEIRA','3127370',31);
INSERT INTO cidade VALUES(3127388,'GOIANA','3127388',31);
INSERT INTO cidade VALUES(3127404,'GONCALVES','3127404',31);
INSERT INTO cidade VALUES(3127503,'GONZAGA','3127503',31);
INSERT INTO cidade VALUES(3127602,'GOUVEIA','3127602',31);
INSERT INTO cidade VALUES(3127701,'GOVERNADOR VALADARES','3127701',31);
INSERT INTO cidade VALUES(3127800,'GRAO MOGOL','3127800',31);
INSERT INTO cidade VALUES(3127909,'GRUPIARA','3127909',31);
INSERT INTO cidade VALUES(3128006,'GUANHAES','3128006',31);
INSERT INTO cidade VALUES(3128105,'GUAPE','3128105',31);
INSERT INTO cidade VALUES(3128204,'GUARACIABA','3128204',31);
INSERT INTO cidade VALUES(3128253,'GUARACIAMA','3128253',31);
INSERT INTO cidade VALUES(3128303,'GUARANESIA','3128303',31);
INSERT INTO cidade VALUES(3128402,'GUARANI','3128402',31);
INSERT INTO cidade VALUES(3128501,'GUARARA','3128501',31);
INSERT INTO cidade VALUES(3128600,'GUARDA-MOR','3128600',31);
INSERT INTO cidade VALUES(3128709,'GUAXUPE','3128709',31);
INSERT INTO cidade VALUES(3128808,'GUIDOVAL','3128808',31);
INSERT INTO cidade VALUES(3128907,'GUIMARANIA','3128907',31);
INSERT INTO cidade VALUES(3129004,'GUIRICEMA','3129004',31);
INSERT INTO cidade VALUES(3129103,'GURINHATA','3129103',31);
INSERT INTO cidade VALUES(3129202,'HELIODORA','3129202',31);
INSERT INTO cidade VALUES(3129301,'IAPU','3129301',31);
INSERT INTO cidade VALUES(3129400,'IBERTIOGA','3129400',31);
INSERT INTO cidade VALUES(3129509,'IBIA','3129509',31);
INSERT INTO cidade VALUES(3129608,'IBIAI','3129608',31);
INSERT INTO cidade VALUES(3129657,'IBIRACATU','3129657',31);
INSERT INTO cidade VALUES(3129707,'IBIRACI','3129707',31);
INSERT INTO cidade VALUES(3129806,'IBIRITE','3129806',31);
INSERT INTO cidade VALUES(3129905,'IBITIURA DE MINAS','3129905',31);
INSERT INTO cidade VALUES(3130002,'IBITURUNA','3130002',31);
INSERT INTO cidade VALUES(3130051,'ICARAI DE MINAS','3130051',31);
INSERT INTO cidade VALUES(3130101,'IGARAPE','3130101',31);
INSERT INTO cidade VALUES(3130200,'IGARATINGA','3130200',31);
INSERT INTO cidade VALUES(3130309,'IGUATAMA','3130309',31);
INSERT INTO cidade VALUES(3130408,'IJACI','3130408',31);
INSERT INTO cidade VALUES(3130507,'ILICINEA','3130507',31);
INSERT INTO cidade VALUES(3130556,'IMBE DE MINAS','3130556',31);
INSERT INTO cidade VALUES(3130606,'INCONFIDENTES','3130606',31);
INSERT INTO cidade VALUES(3130655,'INDAIABIRA','3130655',31);
INSERT INTO cidade VALUES(3130705,'INDIANOPOLIS','3130705',31);
INSERT INTO cidade VALUES(3130804,'INGAI','3130804',31);
INSERT INTO cidade VALUES(3130903,'INHAPIM','3130903',31);
INSERT INTO cidade VALUES(3131000,'INHAUMA','3131000',31);
INSERT INTO cidade VALUES(3131109,'INIMUTABA','3131109',31);
INSERT INTO cidade VALUES(3131158,'IPABA','3131158',31);
INSERT INTO cidade VALUES(3131208,'IPANEMA','3131208',31);
INSERT INTO cidade VALUES(3131307,'IPATINGA','3131307',31);
INSERT INTO cidade VALUES(3131406,'IPIACU','3131406',31);
INSERT INTO cidade VALUES(3131505,'IPUIUNA','3131505',31);
INSERT INTO cidade VALUES(3131604,'IRAI DE MINAS','3131604',31);
INSERT INTO cidade VALUES(3131703,'ITABIRA','3131703',31);
INSERT INTO cidade VALUES(3131802,'ITABIRINHA','3131802',31);
INSERT INTO cidade VALUES(3131901,'ITABIRITO','3131901',31);
INSERT INTO cidade VALUES(3132008,'ITACAMBIRA','3132008',31);
INSERT INTO cidade VALUES(3132107,'ITACARAMBI','3132107',31);
INSERT INTO cidade VALUES(3132206,'ITAGUARA','3132206',31);
INSERT INTO cidade VALUES(3132305,'ITAIPE','3132305',31);
INSERT INTO cidade VALUES(3132404,'ITAJUBA','3132404',31);
INSERT INTO cidade VALUES(3132503,'ITAMARANDIBA','3132503',31);
INSERT INTO cidade VALUES(3132602,'ITAMARATI DE MINAS','3132602',31);
INSERT INTO cidade VALUES(3132701,'ITAMBACURI','3132701',31);
INSERT INTO cidade VALUES(3132800,'ITAMBE DO MATO DENTRO','3132800',31);
INSERT INTO cidade VALUES(3132909,'ITAMOGI','3132909',31);
INSERT INTO cidade VALUES(3133006,'ITAMONTE','3133006',31);
INSERT INTO cidade VALUES(3133105,'ITANHANDU','3133105',31);
INSERT INTO cidade VALUES(3133204,'ITANHOMI','3133204',31);
INSERT INTO cidade VALUES(3133303,'ITAOBIM','3133303',31);
INSERT INTO cidade VALUES(3133402,'ITAPAGIPE','3133402',31);
INSERT INTO cidade VALUES(3133501,'ITAPECERICA','3133501',31);
INSERT INTO cidade VALUES(3133600,'ITAPEVA','3133600',31);
INSERT INTO cidade VALUES(3133709,'ITATIAIUCU','3133709',31);
INSERT INTO cidade VALUES(3133758,'ITAU DE MINAS','3133758',31);
INSERT INTO cidade VALUES(3133808,'ITAUNA','3133808',31);
INSERT INTO cidade VALUES(3133907,'ITAVERAVA','3133907',31);
INSERT INTO cidade VALUES(3134004,'ITINGA','3134004',31);
INSERT INTO cidade VALUES(3134103,'ITUETA','3134103',31);
INSERT INTO cidade VALUES(3134202,'ITUIUTABA','3134202',31);
INSERT INTO cidade VALUES(3134301,'ITUMIRIM','3134301',31);
INSERT INTO cidade VALUES(3134400,'ITURAMA','3134400',31);
INSERT INTO cidade VALUES(3134509,'ITUTINGA','3134509',31);
INSERT INTO cidade VALUES(3134608,'JABOTICATUBAS','3134608',31);
INSERT INTO cidade VALUES(3134707,'JACINTO','3134707',31);
INSERT INTO cidade VALUES(3134806,'JACUI','3134806',31);
INSERT INTO cidade VALUES(3134905,'JACUTINGA','3134905',31);
INSERT INTO cidade VALUES(3135001,'JAGUARACU','3135001',31);
INSERT INTO cidade VALUES(3135050,'JAIBA','3135050',31);
INSERT INTO cidade VALUES(3135076,'JAMPRUCA','3135076',31);
INSERT INTO cidade VALUES(3135100,'JANAUBA','3135100',31);
INSERT INTO cidade VALUES(3135209,'JANUARIA','3135209',31);
INSERT INTO cidade VALUES(3135308,'JAPARAIBA','3135308',31);
INSERT INTO cidade VALUES(3135357,'JAPONVAR','3135357',31);
INSERT INTO cidade VALUES(3135407,'JECEABA','3135407',31);
INSERT INTO cidade VALUES(3135456,'JENIPAPO DE MINAS','3135456',31);
INSERT INTO cidade VALUES(3135506,'JEQUERI','3135506',31);
INSERT INTO cidade VALUES(3135605,'JEQUITAI','3135605',31);
INSERT INTO cidade VALUES(3135704,'JEQUITIBA','3135704',31);
INSERT INTO cidade VALUES(3135803,'JEQUITINHONHA','3135803',31);
INSERT INTO cidade VALUES(3135902,'JESUANIA','3135902',31);
INSERT INTO cidade VALUES(3136009,'JOAIMA','3136009',31);
INSERT INTO cidade VALUES(3136108,'JOANESIA','3136108',31);
INSERT INTO cidade VALUES(3136207,'JOAO MONLEVADE','3136207',31);
INSERT INTO cidade VALUES(3136306,'JOAO PINHEIRO','3136306',31);
INSERT INTO cidade VALUES(3136405,'JOAQUIM FELICIO','3136405',31);
INSERT INTO cidade VALUES(3136504,'JORDANIA','3136504',31);
INSERT INTO cidade VALUES(3136520,'JOSE GONCALVES DE MINAS','3136520',31);
INSERT INTO cidade VALUES(3136553,'JOSE RAYDAN','3136553',31);
INSERT INTO cidade VALUES(3136579,'JOSENOPOLIS','3136579',31);
INSERT INTO cidade VALUES(3136603,'NOVA UNIAO','3136603',31);
INSERT INTO cidade VALUES(3136652,'JUATUBA','3136652',31);
INSERT INTO cidade VALUES(3136702,'JUIZ DE FORA','3136702',31);
INSERT INTO cidade VALUES(3136801,'JURAMENTO','3136801',31);
INSERT INTO cidade VALUES(3136900,'JURUAIA','3136900',31);
INSERT INTO cidade VALUES(3136959,'JUVENILIA','3136959',31);
INSERT INTO cidade VALUES(3137007,'LADAINHA','3137007',31);
INSERT INTO cidade VALUES(3137106,'LAGAMAR','3137106',31);
INSERT INTO cidade VALUES(3137205,'LAGOA DA PRATA','3137205',31);
INSERT INTO cidade VALUES(3137304,'LAGOA DOS PATOS','3137304',31);
INSERT INTO cidade VALUES(3137403,'LAGOA DOURADA','3137403',31);
INSERT INTO cidade VALUES(3137502,'LAGOA FORMOSA','3137502',31);
INSERT INTO cidade VALUES(3137536,'LAGOA GRANDE','3137536',31);
INSERT INTO cidade VALUES(3137601,'LAGOA SANTA','3137601',31);
INSERT INTO cidade VALUES(3137700,'LAJINHA','3137700',31);
INSERT INTO cidade VALUES(3137809,'LAMBARI','3137809',31);
INSERT INTO cidade VALUES(3137908,'LAMIM','3137908',31);
INSERT INTO cidade VALUES(3138005,'LARANJAL','3138005',31);
INSERT INTO cidade VALUES(3138104,'LASSANCE','3138104',31);
INSERT INTO cidade VALUES(3138203,'LAVRAS','3138203',31);
INSERT INTO cidade VALUES(3138302,'LEANDRO FERREIRA','3138302',31);
INSERT INTO cidade VALUES(3138351,'LEME DO PRADO','3138351',31);
INSERT INTO cidade VALUES(3138401,'LEOPOLDINA','3138401',31);
INSERT INTO cidade VALUES(3138500,'LIBERDADE','3138500',31);
INSERT INTO cidade VALUES(3138609,'LIMA DUARTE','3138609',31);
INSERT INTO cidade VALUES(3138625,'LIMEIRA DO OESTE','3138625',31);
INSERT INTO cidade VALUES(3138658,'LONTRA','3138658',31);
INSERT INTO cidade VALUES(3138674,'LUISBURGO','3138674',31);
INSERT INTO cidade VALUES(3138682,'LUISLANDIA','3138682',31);
INSERT INTO cidade VALUES(3138708,'LUMINARIAS','3138708',31);
INSERT INTO cidade VALUES(3138807,'LUZ','3138807',31);
INSERT INTO cidade VALUES(3138906,'MACHACALIS','3138906',31);
INSERT INTO cidade VALUES(3139003,'MACHADO','3139003',31);
INSERT INTO cidade VALUES(3139102,'MADRE DE DEUS DE MINAS','3139102',31);
INSERT INTO cidade VALUES(3139201,'MALACACHETA','3139201',31);
INSERT INTO cidade VALUES(3139250,'MAMONAS','3139250',31);
INSERT INTO cidade VALUES(3139300,'MANGA','3139300',31);
INSERT INTO cidade VALUES(3139409,'MANHUACU','3139409',31);
INSERT INTO cidade VALUES(3139508,'MANHUMIRIM','3139508',31);
INSERT INTO cidade VALUES(3139607,'MANTENA','3139607',31);
INSERT INTO cidade VALUES(3139706,'MARAVILHAS','3139706',31);
INSERT INTO cidade VALUES(3139805,'MAR DE ESPANHA','3139805',31);
INSERT INTO cidade VALUES(3139904,'MARIA DA FE','3139904',31);
INSERT INTO cidade VALUES(3140001,'MARIANA','3140001',31);
INSERT INTO cidade VALUES(3140100,'MARILAC','3140100',31);
INSERT INTO cidade VALUES(3140159,'MARIO CAMPOS','3140159',31);
INSERT INTO cidade VALUES(3140209,'MARIPA DE MINAS','3140209',31);
INSERT INTO cidade VALUES(3140308,'MARLIERIA','3140308',31);
INSERT INTO cidade VALUES(3140407,'MARMELOPOLIS','3140407',31);
INSERT INTO cidade VALUES(3140506,'MARTINHO CAMPOS','3140506',31);
INSERT INTO cidade VALUES(3140530,'MARTINS SOARES','3140530',31);
INSERT INTO cidade VALUES(3140555,'MATA VERDE','3140555',31);
INSERT INTO cidade VALUES(3140605,'MATERLANDIA','3140605',31);
INSERT INTO cidade VALUES(3140704,'MATEUS LEME','3140704',31);
INSERT INTO cidade VALUES(3140803,'MATIAS BARBOSA','3140803',31);
INSERT INTO cidade VALUES(3140852,'MATIAS CARDOSO','3140852',31);
INSERT INTO cidade VALUES(3140902,'MATIPO','3140902',31);
INSERT INTO cidade VALUES(3141009,'MATO VERDE','3141009',31);
INSERT INTO cidade VALUES(3141108,'MATOZINHOS','3141108',31);
INSERT INTO cidade VALUES(3141207,'MATUTINA','3141207',31);
INSERT INTO cidade VALUES(3141306,'MEDEIROS','3141306',31);
INSERT INTO cidade VALUES(3141405,'MEDINA','3141405',31);
INSERT INTO cidade VALUES(3141504,'MENDES PIMENTEL','3141504',31);
INSERT INTO cidade VALUES(3141603,'MERCES','3141603',31);
INSERT INTO cidade VALUES(3141702,'MESQUITA','3141702',31);
INSERT INTO cidade VALUES(3141801,'MINAS NOVAS','3141801',31);
INSERT INTO cidade VALUES(3141900,'MINDURI','3141900',31);
INSERT INTO cidade VALUES(3142007,'MIRABELA','3142007',31);
INSERT INTO cidade VALUES(3142106,'MIRADOURO','3142106',31);
INSERT INTO cidade VALUES(3142205,'MIRAI','3142205',31);
INSERT INTO cidade VALUES(3142254,'MIRAVANIA','3142254',31);
INSERT INTO cidade VALUES(3142304,'MOEDA','3142304',31);
INSERT INTO cidade VALUES(3142403,'MOEMA','3142403',31);
INSERT INTO cidade VALUES(3142502,'MONJOLOS','3142502',31);
INSERT INTO cidade VALUES(3142601,'MONSENHOR PAULO','3142601',31);
INSERT INTO cidade VALUES(3142700,'MONTALVANIA','3142700',31);
INSERT INTO cidade VALUES(3142809,'MONTE ALEGRE DE MINAS','3142809',31);
INSERT INTO cidade VALUES(3142908,'MONTE AZUL','3142908',31);
INSERT INTO cidade VALUES(3143005,'MONTE BELO','3143005',31);
INSERT INTO cidade VALUES(3143104,'MONTE CARMELO','3143104',31);
INSERT INTO cidade VALUES(3143153,'MONTE FORMOSO','3143153',31);
INSERT INTO cidade VALUES(3143203,'MONTE SANTO DE MINAS','3143203',31);
INSERT INTO cidade VALUES(3143302,'MONTES CLAROS','3143302',31);
INSERT INTO cidade VALUES(3143401,'MONTE SIAO','3143401',31);
INSERT INTO cidade VALUES(3143450,'MONTEZUMA','3143450',31);
INSERT INTO cidade VALUES(3143500,'MORADA NOVA DE MINAS','3143500',31);
INSERT INTO cidade VALUES(3143609,'MORRO DA GARCA','3143609',31);
INSERT INTO cidade VALUES(3143708,'MORRO DO PILAR','3143708',31);
INSERT INTO cidade VALUES(3143807,'MUNHOZ','3143807',31);
INSERT INTO cidade VALUES(3143906,'MURIAE','3143906',31);
INSERT INTO cidade VALUES(3144003,'MUTUM','3144003',31);
INSERT INTO cidade VALUES(3144102,'MUZAMBINHO','3144102',31);
INSERT INTO cidade VALUES(3144201,'NACIP RAYDAN','3144201',31);
INSERT INTO cidade VALUES(3144300,'NANUQUE','3144300',31);
INSERT INTO cidade VALUES(3144359,'NAQUE','3144359',31);
INSERT INTO cidade VALUES(3144375,'NATALANDIA','3144375',31);
INSERT INTO cidade VALUES(3144409,'NATERCIA','3144409',31);
INSERT INTO cidade VALUES(3144508,'NAZARENO','3144508',31);
INSERT INTO cidade VALUES(3144607,'NEPOMUCENO','3144607',31);
INSERT INTO cidade VALUES(3144656,'NINHEIRA','3144656',31);
INSERT INTO cidade VALUES(3144672,'NOVA BELEM','3144672',31);
INSERT INTO cidade VALUES(3144706,'NOVA ERA','3144706',31);
INSERT INTO cidade VALUES(3144805,'NOVA LIMA','3144805',31);
INSERT INTO cidade VALUES(3144904,'NOVA MODICA','3144904',31);
INSERT INTO cidade VALUES(3145000,'NOVA PONTE','3145000',31);
INSERT INTO cidade VALUES(3145059,'NOVA PORTEIRINHA','3145059',31);
INSERT INTO cidade VALUES(3145109,'NOVA RESENDE','3145109',31);
INSERT INTO cidade VALUES(3145208,'NOVA SERRANA','3145208',31);
INSERT INTO cidade VALUES(3145307,'NOVO CRUZEIRO','3145307',31);
INSERT INTO cidade VALUES(3145356,'NOVO ORIENTE DE MINAS','3145356',31);
INSERT INTO cidade VALUES(3145372,'NOVORIZONTE','3145372',31);
INSERT INTO cidade VALUES(3145406,'OLARIA','3145406',31);
INSERT INTO cidade VALUES(3145455,'OLHOS-D''AGUA','3145455',31);
INSERT INTO cidade VALUES(3145505,'OLIMPIO NORONHA','3145505',31);
INSERT INTO cidade VALUES(3145604,'OLIVEIRA','3145604',31);
INSERT INTO cidade VALUES(3145703,'OLIVEIRA FORTES','3145703',31);
INSERT INTO cidade VALUES(3145802,'ONCA DE PITANGUI','3145802',31);
INSERT INTO cidade VALUES(3145851,'ORATORIOS','3145851',31);
INSERT INTO cidade VALUES(3145877,'ORIZANIA','3145877',31);
INSERT INTO cidade VALUES(3145901,'OURO BRANCO','3145901',31);
INSERT INTO cidade VALUES(3146008,'OURO FINO','3146008',31);
INSERT INTO cidade VALUES(3146107,'OURO PRETO','3146107',31);
INSERT INTO cidade VALUES(3146206,'OURO VERDE DE MINAS','3146206',31);
INSERT INTO cidade VALUES(3146255,'PADRE CARVALHO','3146255',31);
INSERT INTO cidade VALUES(3146305,'PADRE PARAISO','3146305',31);
INSERT INTO cidade VALUES(3146404,'PAINEIRAS','3146404',31);
INSERT INTO cidade VALUES(3146503,'PAINS','3146503',31);
INSERT INTO cidade VALUES(3146552,'PAI PEDRO','3146552',31);
INSERT INTO cidade VALUES(3146602,'PAIVA','3146602',31);
INSERT INTO cidade VALUES(3146701,'PALMA','3146701',31);
INSERT INTO cidade VALUES(3146750,'PALMOPOLIS','3146750',31);
INSERT INTO cidade VALUES(3146909,'PAPAGAIOS','3146909',31);
INSERT INTO cidade VALUES(3147006,'PARACATU','3147006',31);
INSERT INTO cidade VALUES(3147105,'PARA DE MINAS','3147105',31);
INSERT INTO cidade VALUES(3147204,'PARAGUACU','3147204',31);
INSERT INTO cidade VALUES(3147303,'PARAISOPOLIS','3147303',31);
INSERT INTO cidade VALUES(3147402,'PARAOPEBA','3147402',31);
INSERT INTO cidade VALUES(3147501,'PASSABEM','3147501',31);
INSERT INTO cidade VALUES(3147600,'PASSA QUATRO','3147600',31);
INSERT INTO cidade VALUES(3147709,'PASSA TEMPO','3147709',31);
INSERT INTO cidade VALUES(3147808,'PASSA-VINTE','3147808',31);
INSERT INTO cidade VALUES(3147907,'PASSOS','3147907',31);
INSERT INTO cidade VALUES(3147956,'PATIS','3147956',31);
INSERT INTO cidade VALUES(3148004,'PATOS DE MINAS','3148004',31);
INSERT INTO cidade VALUES(3148103,'PATROCINIO','3148103',31);
INSERT INTO cidade VALUES(3148202,'PATROCINIO DO MURIAE','3148202',31);
INSERT INTO cidade VALUES(3148301,'PAULA CANDIDO','3148301',31);
INSERT INTO cidade VALUES(3148400,'PAULISTAS','3148400',31);
INSERT INTO cidade VALUES(3148509,'PAVAO','3148509',31);
INSERT INTO cidade VALUES(3148608,'PECANHA','3148608',31);
INSERT INTO cidade VALUES(3148707,'PEDRA AZUL','3148707',31);
INSERT INTO cidade VALUES(3148756,'PEDRA BONITA','3148756',31);
INSERT INTO cidade VALUES(3148806,'PEDRA DO ANTA','3148806',31);
INSERT INTO cidade VALUES(3148905,'PEDRA DO INDAIA','3148905',31);
INSERT INTO cidade VALUES(3149002,'PEDRA DOURADA','3149002',31);
INSERT INTO cidade VALUES(3149101,'PEDRALVA','3149101',31);
INSERT INTO cidade VALUES(3149150,'PEDRAS DE MARIA DA CRUZ','3149150',31);
INSERT INTO cidade VALUES(3149200,'PEDRINOPOLIS','3149200',31);
INSERT INTO cidade VALUES(3149309,'PEDRO LEOPOLDO','3149309',31);
INSERT INTO cidade VALUES(3149408,'PEDRO TEIXEIRA','3149408',31);
INSERT INTO cidade VALUES(3149507,'PEQUERI','3149507',31);
INSERT INTO cidade VALUES(3149606,'PEQUI','3149606',31);
INSERT INTO cidade VALUES(3149705,'PERDIGAO','3149705',31);
INSERT INTO cidade VALUES(3149804,'PERDIZES','3149804',31);
INSERT INTO cidade VALUES(3149903,'PERDOES','3149903',31);
INSERT INTO cidade VALUES(3149952,'PERIQUITO','3149952',31);
INSERT INTO cidade VALUES(3150000,'PESCADOR','3150000',31);
INSERT INTO cidade VALUES(3150109,'PIAU','3150109',31);
INSERT INTO cidade VALUES(3150158,'PIEDADE DE CARATINGA','3150158',31);
INSERT INTO cidade VALUES(3150208,'PIEDADE DE PONTE NOVA','3150208',31);
INSERT INTO cidade VALUES(3150307,'PIEDADE DO RIO GRANDE','3150307',31);
INSERT INTO cidade VALUES(3150406,'PIEDADE DOS GERAIS','3150406',31);
INSERT INTO cidade VALUES(3150505,'PIMENTA','3150505',31);
INSERT INTO cidade VALUES(3150539,'PINGO-D''AGUA','3150539',31);
INSERT INTO cidade VALUES(3150570,'PINTOPOLIS','3150570',31);
INSERT INTO cidade VALUES(3150604,'PIRACEMA','3150604',31);
INSERT INTO cidade VALUES(3150703,'PIRAJUBA','3150703',31);
INSERT INTO cidade VALUES(3150802,'PIRANGA','3150802',31);
INSERT INTO cidade VALUES(3150901,'PIRANGUCU','3150901',31);
INSERT INTO cidade VALUES(3151008,'PIRANGUINHO','3151008',31);
INSERT INTO cidade VALUES(3151107,'PIRAPETINGA','3151107',31);
INSERT INTO cidade VALUES(3151206,'PIRAPORA','3151206',31);
INSERT INTO cidade VALUES(3151305,'PIRAUBA','3151305',31);
INSERT INTO cidade VALUES(3151404,'PITANGUI','3151404',31);
INSERT INTO cidade VALUES(3151503,'PIUMHI','3151503',31);
INSERT INTO cidade VALUES(3151602,'PLANURA','3151602',31);
INSERT INTO cidade VALUES(3151701,'POCO FUNDO','3151701',31);
INSERT INTO cidade VALUES(3151800,'POCOS DE CALDAS','3151800',31);
INSERT INTO cidade VALUES(3151909,'POCRANE','3151909',31);
INSERT INTO cidade VALUES(3152006,'POMPEU','3152006',31);
INSERT INTO cidade VALUES(3152105,'PONTE NOVA','3152105',31);
INSERT INTO cidade VALUES(3152131,'PONTO CHIQUE','3152131',31);
INSERT INTO cidade VALUES(3152170,'PONTO DOS VOLANTES','3152170',31);
INSERT INTO cidade VALUES(3152204,'PORTEIRINHA','3152204',31);
INSERT INTO cidade VALUES(3152303,'PORTO FIRME','3152303',31);
INSERT INTO cidade VALUES(3152402,'POTE','3152402',31);
INSERT INTO cidade VALUES(3152501,'POUSO ALEGRE','3152501',31);
INSERT INTO cidade VALUES(3152600,'POUSO ALTO','3152600',31);
INSERT INTO cidade VALUES(3152709,'PRADOS','3152709',31);
INSERT INTO cidade VALUES(3152808,'PRATA','3152808',31);
INSERT INTO cidade VALUES(3152907,'PRATAPOLIS','3152907',31);
INSERT INTO cidade VALUES(3153004,'PRATINHA','3153004',31);
INSERT INTO cidade VALUES(3153103,'PRESIDENTE BERNARDES','3153103',31);
INSERT INTO cidade VALUES(3153202,'PRESIDENTE JUSCELINO','3153202',31);
INSERT INTO cidade VALUES(3153301,'PRESIDENTE KUBITSCHEK','3153301',31);
INSERT INTO cidade VALUES(3153400,'PRESIDENTE OLEGARIO','3153400',31);
INSERT INTO cidade VALUES(3153509,'ALTO JEQUITIBA','3153509',31);
INSERT INTO cidade VALUES(3153608,'PRUDENTE DE MORAIS','3153608',31);
INSERT INTO cidade VALUES(3153707,'QUARTEL GERAL','3153707',31);
INSERT INTO cidade VALUES(3153806,'QUELUZITO','3153806',31);
INSERT INTO cidade VALUES(3153905,'RAPOSOS','3153905',31);
INSERT INTO cidade VALUES(3154002,'RAUL SOARES','3154002',31);
INSERT INTO cidade VALUES(3154101,'RECREIO','3154101',31);
INSERT INTO cidade VALUES(3154150,'REDUTO','3154150',31);
INSERT INTO cidade VALUES(3154200,'RESENDE COSTA','3154200',31);
INSERT INTO cidade VALUES(3154309,'RESPLENDOR','3154309',31);
INSERT INTO cidade VALUES(3154408,'RESSAQUINHA','3154408',31);
INSERT INTO cidade VALUES(3154457,'RIACHINHO','3154457',31);
INSERT INTO cidade VALUES(3154507,'RIACHO DOS MACHADOS','3154507',31);
INSERT INTO cidade VALUES(3154606,'RIBEIRAO DAS NEVES','3154606',31);
INSERT INTO cidade VALUES(3154705,'RIBEIRAO VERMELHO','3154705',31);
INSERT INTO cidade VALUES(3154804,'RIO ACIMA','3154804',31);
INSERT INTO cidade VALUES(3154903,'RIO CASCA','3154903',31);
INSERT INTO cidade VALUES(3155009,'RIO DOCE','3155009',31);
INSERT INTO cidade VALUES(3155108,'RIO DO PRADO','3155108',31);
INSERT INTO cidade VALUES(3155207,'RIO ESPERA','3155207',31);
INSERT INTO cidade VALUES(3155306,'RIO MANSO','3155306',31);
INSERT INTO cidade VALUES(3155405,'RIO NOVO','3155405',31);
INSERT INTO cidade VALUES(3155504,'RIO PARANAIBA','3155504',31);
INSERT INTO cidade VALUES(3155603,'RIO PARDO DE MINAS','3155603',31);
INSERT INTO cidade VALUES(3155702,'RIO PIRACICABA','3155702',31);
INSERT INTO cidade VALUES(3155801,'RIO POMBA','3155801',31);
INSERT INTO cidade VALUES(3155900,'RIO PRETO','3155900',31);
INSERT INTO cidade VALUES(3156007,'RIO VERMELHO','3156007',31);
INSERT INTO cidade VALUES(3156106,'RITAPOLIS','3156106',31);
INSERT INTO cidade VALUES(3156205,'ROCHEDO DE MINAS','3156205',31);
INSERT INTO cidade VALUES(3156304,'RODEIRO','3156304',31);
INSERT INTO cidade VALUES(3156403,'ROMARIA','3156403',31);
INSERT INTO cidade VALUES(3156452,'ROSARIO DA LIMEIRA','3156452',31);
INSERT INTO cidade VALUES(3156502,'RUBELITA','3156502',31);
INSERT INTO cidade VALUES(3156601,'RUBIM','3156601',31);
INSERT INTO cidade VALUES(3156700,'SABARA','3156700',31);
INSERT INTO cidade VALUES(3156809,'SABINOPOLIS','3156809',31);
INSERT INTO cidade VALUES(3156908,'SACRAMENTO','3156908',31);
INSERT INTO cidade VALUES(3157005,'SALINAS','3157005',31);
INSERT INTO cidade VALUES(3157104,'SALTO DA DIVISA','3157104',31);
INSERT INTO cidade VALUES(3157203,'SANTA BARBARA','3157203',31);
INSERT INTO cidade VALUES(3157252,'SANTA BARBARA DO LESTE','3157252',31);
INSERT INTO cidade VALUES(3157278,'SANTA BARBARA DO MONTE VERDE','3157278',31);
INSERT INTO cidade VALUES(3157302,'SANTA BARBARA DO TUGURIO','3157302',31);
INSERT INTO cidade VALUES(3157336,'SANTA CRUZ DE MINAS','3157336',31);
INSERT INTO cidade VALUES(3157377,'SANTA CRUZ DE SALINAS','3157377',31);
INSERT INTO cidade VALUES(3157401,'SANTA CRUZ DO ESCALVADO','3157401',31);
INSERT INTO cidade VALUES(3157500,'SANTA EFIGENIA DE MINAS','3157500',31);
INSERT INTO cidade VALUES(3157609,'SANTA FE DE MINAS','3157609',31);
INSERT INTO cidade VALUES(3157658,'SANTA HELENA DE MINAS','3157658',31);
INSERT INTO cidade VALUES(3157708,'SANTA JULIANA','3157708',31);
INSERT INTO cidade VALUES(3157807,'SANTA LUZIA','3157807',31);
INSERT INTO cidade VALUES(3157906,'SANTA MARGARIDA','3157906',31);
INSERT INTO cidade VALUES(3158003,'SANTA MARIA DE ITABIRA','3158003',31);
INSERT INTO cidade VALUES(3158102,'SANTA MARIA DO SALTO','3158102',31);
INSERT INTO cidade VALUES(3158201,'SANTA MARIA DO SUACUI','3158201',31);
INSERT INTO cidade VALUES(3158300,'SANTANA DA VARGEM','3158300',31);
INSERT INTO cidade VALUES(3158409,'SANTANA DE CATAGUASES','3158409',31);
INSERT INTO cidade VALUES(3158508,'SANTANA DE PIRAPAMA','3158508',31);
INSERT INTO cidade VALUES(3158607,'SANTANA DO DESERTO','3158607',31);
INSERT INTO cidade VALUES(3158706,'SANTANA DO GARAMBEU','3158706',31);
INSERT INTO cidade VALUES(3158805,'SANTANA DO JACARE','3158805',31);
INSERT INTO cidade VALUES(3158904,'SANTANA DO MANHUACU','3158904',31);
INSERT INTO cidade VALUES(3158953,'SANTANA DO PARAISO','3158953',31);
INSERT INTO cidade VALUES(3159001,'SANTANA DO RIACHO','3159001',31);
INSERT INTO cidade VALUES(3159100,'SANTANA DOS MONTES','3159100',31);
INSERT INTO cidade VALUES(3159209,'SANTA RITA DE CALDAS','3159209',31);
INSERT INTO cidade VALUES(3159308,'SANTA RITA DE JACUTINGA','3159308',31);
INSERT INTO cidade VALUES(3159357,'SANTA RITA DE MINAS','3159357',31);
INSERT INTO cidade VALUES(3159407,'SANTA RITA DE IBITIPOCA','3159407',31);
INSERT INTO cidade VALUES(3159506,'SANTA RITA DO ITUETO','3159506',31);
INSERT INTO cidade VALUES(3159605,'SANTA RITA DO SAPUCAI','3159605',31);
INSERT INTO cidade VALUES(3159704,'SANTA ROSA DA SERRA','3159704',31);
INSERT INTO cidade VALUES(3159803,'SANTA VITORIA','3159803',31);
INSERT INTO cidade VALUES(3159902,'SANTO ANTONIO DO AMPARO','3159902',31);
INSERT INTO cidade VALUES(3160009,'SANTO ANTONIO DO AVENTUREIRO','3160009',31);
INSERT INTO cidade VALUES(3160108,'SANTO ANTONIO DO GRAMA','3160108',31);
INSERT INTO cidade VALUES(3160207,'SANTO ANTONIO DO ITAMBE','3160207',31);
INSERT INTO cidade VALUES(3160306,'SANTO ANTONIO DO JACINTO','3160306',31);
INSERT INTO cidade VALUES(3160405,'SANTO ANTONIO DO MONTE','3160405',31);
INSERT INTO cidade VALUES(3160454,'SANTO ANTONIO DO RETIRO','3160454',31);
INSERT INTO cidade VALUES(3160504,'SANTO ANTONIO DO RIO ABAIXO','3160504',31);
INSERT INTO cidade VALUES(3160603,'SANTO HIPOLITO','3160603',31);
INSERT INTO cidade VALUES(3160702,'SANTOS DUMONT','3160702',31);
INSERT INTO cidade VALUES(3160801,'SAO BENTO ABADE','3160801',31);
INSERT INTO cidade VALUES(3160900,'SAO BRAS DO SUACUI','3160900',31);
INSERT INTO cidade VALUES(3160959,'SAO DOMINGOS DAS DORES','3160959',31);
INSERT INTO cidade VALUES(3161007,'SAO DOMINGOS DO PRATA','3161007',31);
INSERT INTO cidade VALUES(3161056,'SAO FELIX DE MINAS','3161056',31);
INSERT INTO cidade VALUES(3161106,'SAO FRANCISCO','3161106',31);
INSERT INTO cidade VALUES(3161205,'SAO FRANCISCO DE PAULA','3161205',31);
INSERT INTO cidade VALUES(3161304,'SAO FRANCISCO DE SALES','3161304',31);
INSERT INTO cidade VALUES(3161403,'SAO FRANCISCO DO GLORIA','3161403',31);
INSERT INTO cidade VALUES(3161502,'SAO GERALDO','3161502',31);
INSERT INTO cidade VALUES(3161601,'SAO GERALDO DA PIEDADE','3161601',31);
INSERT INTO cidade VALUES(3161650,'SAO GERALDO DO BAIXIO','3161650',31);
INSERT INTO cidade VALUES(3161700,'SAO GONCALO DO ABAETE','3161700',31);
INSERT INTO cidade VALUES(3161809,'SAO GONCALO DO PARA','3161809',31);
INSERT INTO cidade VALUES(3161908,'SAO GONCALO DO RIO ABAIXO','3161908',31);
INSERT INTO cidade VALUES(3162005,'SAO GONCALO DO SAPUCAI','3162005',31);
INSERT INTO cidade VALUES(3162104,'SAO GOTARDO','3162104',31);
INSERT INTO cidade VALUES(3162203,'SAO JOAO BATISTA DO GLORIA','3162203',31);
INSERT INTO cidade VALUES(3162252,'SAO JOAO DA LAGOA','3162252',31);
INSERT INTO cidade VALUES(3162302,'SAO JOAO DA MATA','3162302',31);
INSERT INTO cidade VALUES(3162401,'SAO JOAO DA PONTE','3162401',31);
INSERT INTO cidade VALUES(3162450,'SAO JOAO DAS MISSOES','3162450',31);
INSERT INTO cidade VALUES(3162500,'SAO JOAO DEL REI','3162500',31);
INSERT INTO cidade VALUES(3162559,'SAO JOAO DO MANHUACU','3162559',31);
INSERT INTO cidade VALUES(3162575,'SAO JOAO DO MANTENINHA','3162575',31);
INSERT INTO cidade VALUES(3162609,'SAO JOAO DO ORIENTE','3162609',31);
INSERT INTO cidade VALUES(3162658,'SAO JOAO DO PACUI','3162658',31);
INSERT INTO cidade VALUES(3162708,'SAO JOAO DO PARAISO','3162708',31);
INSERT INTO cidade VALUES(3162807,'SAO JOAO EVANGELISTA','3162807',31);
INSERT INTO cidade VALUES(3162906,'SAO JOAO NEPOMUCENO','3162906',31);
INSERT INTO cidade VALUES(3162922,'SAO JOAQUIM DE BICAS','3162922',31);
INSERT INTO cidade VALUES(3162948,'SAO JOSE DA BARRA','3162948',31);
INSERT INTO cidade VALUES(3162955,'SAO JOSE DA LAPA','3162955',31);
INSERT INTO cidade VALUES(3163003,'SAO JOSE DA SAFIRA','3163003',31);
INSERT INTO cidade VALUES(3163102,'SAO JOSE DA VARGINHA','3163102',31);
INSERT INTO cidade VALUES(3163201,'SAO JOSE DO ALEGRE','3163201',31);
INSERT INTO cidade VALUES(3163300,'SAO JOSE DO DIVINO','3163300',31);
INSERT INTO cidade VALUES(3163409,'SAO JOSE DO GOIABAL','3163409',31);
INSERT INTO cidade VALUES(3163508,'SAO JOSE DO JACURI','3163508',31);
INSERT INTO cidade VALUES(3163607,'SAO JOSE DO MANTIMENTO','3163607',31);
INSERT INTO cidade VALUES(3163706,'SAO LOURENCO','3163706',31);
INSERT INTO cidade VALUES(3163805,'SAO MIGUEL DO ANTA','3163805',31);
INSERT INTO cidade VALUES(3163904,'SAO PEDRO DA UNIAO','3163904',31);
INSERT INTO cidade VALUES(3164001,'SAO PEDRO DOS FERROS','3164001',31);
INSERT INTO cidade VALUES(3164100,'SAO PEDRO DO SUACUI','3164100',31);
INSERT INTO cidade VALUES(3164209,'SAO ROMAO','3164209',31);
INSERT INTO cidade VALUES(3164308,'SAO ROQUE DE MINAS','3164308',31);
INSERT INTO cidade VALUES(3164407,'SAO SEBASTIAO DA BELA VISTA','3164407',31);
INSERT INTO cidade VALUES(3164431,'SAO SEBASTIAO DA VARGEM ALEGRE','3164431',31);
INSERT INTO cidade VALUES(3164472,'SAO SEBASTIAO DO ANTA','3164472',31);
INSERT INTO cidade VALUES(3164506,'SAO SEBASTIAO DO MARANHAO','3164506',31);
INSERT INTO cidade VALUES(3164605,'SAO SEBASTIAO DO OESTE','3164605',31);
INSERT INTO cidade VALUES(3164704,'SAO SEBASTIAO DO PARAISO','3164704',31);
INSERT INTO cidade VALUES(3164803,'SAO SEBASTIAO DO RIO PRETO','3164803',31);
INSERT INTO cidade VALUES(3164902,'SAO SEBASTIAO DO RIO VERDE','3164902',31);
INSERT INTO cidade VALUES(3165008,'SAO TIAGO','3165008',31);
INSERT INTO cidade VALUES(3165107,'SAO TOMAS DE AQUINO','3165107',31);
INSERT INTO cidade VALUES(3165206,'SAO THOME DAS LETRAS','3165206',31);
INSERT INTO cidade VALUES(3165305,'SAO VICENTE DE MINAS','3165305',31);
INSERT INTO cidade VALUES(3165404,'SAPUCAI-MIRIM','3165404',31);
INSERT INTO cidade VALUES(3165503,'SARDOA','3165503',31);
INSERT INTO cidade VALUES(3165537,'SARZEDO','3165537',31);
INSERT INTO cidade VALUES(3165552,'SETUBINHA','3165552',31);
INSERT INTO cidade VALUES(3165560,'SEM-PEIXE','3165560',31);
INSERT INTO cidade VALUES(3165578,'SENADOR AMARAL','3165578',31);
INSERT INTO cidade VALUES(3165602,'SENADOR CORTES','3165602',31);
INSERT INTO cidade VALUES(3165701,'SENADOR FIRMINO','3165701',31);
INSERT INTO cidade VALUES(3165800,'SENADOR JOSE BENTO','3165800',31);
INSERT INTO cidade VALUES(3165909,'SENADOR MODESTINO GONCALVES','3165909',31);
INSERT INTO cidade VALUES(3166006,'SENHORA DE OLIVEIRA','3166006',31);
INSERT INTO cidade VALUES(3166105,'SENHORA DO PORTO','3166105',31);
INSERT INTO cidade VALUES(3166204,'SENHORA DOS REMEDIOS','3166204',31);
INSERT INTO cidade VALUES(3166303,'SERICITA','3166303',31);
INSERT INTO cidade VALUES(3166402,'SERITINGA','3166402',31);
INSERT INTO cidade VALUES(3166501,'SERRA AZUL DE MINAS','3166501',31);
INSERT INTO cidade VALUES(3166600,'SERRA DA SAUDADE','3166600',31);
INSERT INTO cidade VALUES(3166709,'SERRA DOS AIMORES','3166709',31);
INSERT INTO cidade VALUES(3166808,'SERRA DO SALITRE','3166808',31);
INSERT INTO cidade VALUES(3166907,'SERRANIA','3166907',31);
INSERT INTO cidade VALUES(3166956,'SERRANOPOLIS DE MINAS','3166956',31);
INSERT INTO cidade VALUES(3167004,'SERRANOS','3167004',31);
INSERT INTO cidade VALUES(3167103,'SERRO','3167103',31);
INSERT INTO cidade VALUES(3167202,'SETE LAGOAS','3167202',31);
INSERT INTO cidade VALUES(3167301,'SILVEIRANIA','3167301',31);
INSERT INTO cidade VALUES(3167400,'SILVIANOPOLIS','3167400',31);
INSERT INTO cidade VALUES(3167509,'SIMAO PEREIRA','3167509',31);
INSERT INTO cidade VALUES(3167608,'SIMONESIA','3167608',31);
INSERT INTO cidade VALUES(3167707,'SOBRALIA','3167707',31);
INSERT INTO cidade VALUES(3167806,'SOLEDADE DE MINAS','3167806',31);
INSERT INTO cidade VALUES(3167905,'TABULEIRO','3167905',31);
INSERT INTO cidade VALUES(3168002,'TAIOBEIRAS','3168002',31);
INSERT INTO cidade VALUES(3168051,'TAPARUBA','3168051',31);
INSERT INTO cidade VALUES(3168101,'TAPIRA','3168101',31);
INSERT INTO cidade VALUES(3168200,'TAPIRAI','3168200',31);
INSERT INTO cidade VALUES(3168309,'TAQUARACU DE MINAS','3168309',31);
INSERT INTO cidade VALUES(3168408,'TARUMIRIM','3168408',31);
INSERT INTO cidade VALUES(3168507,'TEIXEIRAS','3168507',31);
INSERT INTO cidade VALUES(3168606,'TEOFILO OTONI','3168606',31);
INSERT INTO cidade VALUES(3168705,'TIMOTEO','3168705',31);
INSERT INTO cidade VALUES(3168804,'TIRADENTES','3168804',31);
INSERT INTO cidade VALUES(3168903,'TIROS','3168903',31);
INSERT INTO cidade VALUES(3169000,'TOCANTINS','3169000',31);
INSERT INTO cidade VALUES(3169059,'TOCOS DO MOJI','3169059',31);
INSERT INTO cidade VALUES(3169109,'TOLEDO','3169109',31);
INSERT INTO cidade VALUES(3169208,'TOMBOS','3169208',31);
INSERT INTO cidade VALUES(3169307,'TRES CORACOES','3169307',31);
INSERT INTO cidade VALUES(3169356,'TRES MARIAS','3169356',31);
INSERT INTO cidade VALUES(3169406,'TRES PONTAS','3169406',31);
INSERT INTO cidade VALUES(3169505,'TUMIRITINGA','3169505',31);
INSERT INTO cidade VALUES(3169604,'TUPACIGUARA','3169604',31);
INSERT INTO cidade VALUES(3169703,'TURMALINA','3169703',31);
INSERT INTO cidade VALUES(3169802,'TURVOLANDIA','3169802',31);
INSERT INTO cidade VALUES(3169901,'UBA','3169901',31);
INSERT INTO cidade VALUES(3170008,'UBAI','3170008',31);
INSERT INTO cidade VALUES(3170057,'UBAPORANGA','3170057',31);
INSERT INTO cidade VALUES(3170107,'UBERABA','3170107',31);
INSERT INTO cidade VALUES(3170206,'UBERLANDIA','3170206',31);
INSERT INTO cidade VALUES(3170305,'UMBURATIBA','3170305',31);
INSERT INTO cidade VALUES(3170404,'UNAI','3170404',31);
INSERT INTO cidade VALUES(3170438,'UNIAO DE MINAS','3170438',31);
INSERT INTO cidade VALUES(3170479,'URUANA DE MINAS','3170479',31);
INSERT INTO cidade VALUES(3170503,'URUCANIA','3170503',31);
INSERT INTO cidade VALUES(3170529,'URUCUIA','3170529',31);
INSERT INTO cidade VALUES(3170578,'VARGEM ALEGRE','3170578',31);
INSERT INTO cidade VALUES(3170602,'VARGEM BONITA','3170602',31);
INSERT INTO cidade VALUES(3170651,'VARGEM GRANDE DO RIO PARDO','3170651',31);
INSERT INTO cidade VALUES(3170701,'VARGINHA','3170701',31);
INSERT INTO cidade VALUES(3170750,'VARJAO DE MINAS','3170750',31);
INSERT INTO cidade VALUES(3170800,'VARZEA DA PALMA','3170800',31);
INSERT INTO cidade VALUES(3170909,'VARZELANDIA','3170909',31);
INSERT INTO cidade VALUES(3171006,'VAZANTE','3171006',31);
INSERT INTO cidade VALUES(3171030,'VERDELANDIA','3171030',31);
INSERT INTO cidade VALUES(3171071,'VEREDINHA','3171071',31);
INSERT INTO cidade VALUES(3171105,'VERISSIMO','3171105',31);
INSERT INTO cidade VALUES(3171154,'VERMELHO NOVO','3171154',31);
INSERT INTO cidade VALUES(3171204,'VESPASIANO','3171204',31);
INSERT INTO cidade VALUES(3171303,'VICOSA','3171303',31);
INSERT INTO cidade VALUES(3171402,'VIEIRAS','3171402',31);
INSERT INTO cidade VALUES(3171501,'MATHIAS LOBATO','3171501',31);
INSERT INTO cidade VALUES(3171600,'VIRGEM DA LAPA','3171600',31);
INSERT INTO cidade VALUES(3171709,'VIRGINIA','3171709',31);
INSERT INTO cidade VALUES(3171808,'VIRGINOPOLIS','3171808',31);
INSERT INTO cidade VALUES(3171907,'VIRGOLANDIA','3171907',31);
INSERT INTO cidade VALUES(3172004,'VISCONDE DO RIO BRANCO','3172004',31);
INSERT INTO cidade VALUES(3172103,'VOLTA GRANDE','3172103',31);
INSERT INTO cidade VALUES(3172202,'WENCESLAU BRAZ','3172202',31);
INSERT INTO cidade VALUES(3200102,'AFONSO CLAUDIO','3200102',32);
INSERT INTO cidade VALUES(3200136,'AGUIA BRANCA','3200136',32);
INSERT INTO cidade VALUES(3200169,'AGUA DOCE DO NORTE','3200169',32);
INSERT INTO cidade VALUES(3200201,'ALEGRE','3200201',32);
INSERT INTO cidade VALUES(3200300,'ALFREDO CHAVES','3200300',32);
INSERT INTO cidade VALUES(3200359,'ALTO RIO NOVO','3200359',32);
INSERT INTO cidade VALUES(3200409,'ANCHIETA','3200409',32);
INSERT INTO cidade VALUES(3200508,'APIACA','3200508',32);
INSERT INTO cidade VALUES(3200607,'ARACRUZ','3200607',32);
INSERT INTO cidade VALUES(3200706,'ATILIO VIVACQUA','3200706',32);
INSERT INTO cidade VALUES(3200805,'BAIXO GUANDU','3200805',32);
INSERT INTO cidade VALUES(3200904,'BARRA DE SAO FRANCISCO','3200904',32);
INSERT INTO cidade VALUES(3201001,'BOA ESPERANCA','3201001',32);
INSERT INTO cidade VALUES(3201100,'BOM JESUS DO NORTE','3201100',32);
INSERT INTO cidade VALUES(3201159,'BREJETUBA','3201159',32);
INSERT INTO cidade VALUES(3201209,'CACHOEIRO DE ITAPEMIRIM','3201209',32);
INSERT INTO cidade VALUES(3201308,'CARIACICA','3201308',32);
INSERT INTO cidade VALUES(3201407,'CASTELO','3201407',32);
INSERT INTO cidade VALUES(3201506,'COLATINA','3201506',32);
INSERT INTO cidade VALUES(3201605,'CONCEICAO DA BARRA','3201605',32);
INSERT INTO cidade VALUES(3201704,'CONCEICAO DO CASTELO','3201704',32);
INSERT INTO cidade VALUES(3201803,'DIVINO DE SAO LOURENCO','3201803',32);
INSERT INTO cidade VALUES(3201902,'DOMINGOS MARTINS','3201902',32);
INSERT INTO cidade VALUES(3202009,'DORES DO RIO PRETO','3202009',32);
INSERT INTO cidade VALUES(3202108,'ECOPORANGA','3202108',32);
INSERT INTO cidade VALUES(3202207,'FUNDAO','3202207',32);
INSERT INTO cidade VALUES(3202256,'GOVERNADOR LINDENBERG','3202256',32);
INSERT INTO cidade VALUES(3202306,'GUACUI','3202306',32);
INSERT INTO cidade VALUES(3202405,'GUARAPARI','3202405',32);
INSERT INTO cidade VALUES(3202454,'IBATIBA','3202454',32);
INSERT INTO cidade VALUES(3202504,'IBIRACU','3202504',32);
INSERT INTO cidade VALUES(3202553,'IBITIRAMA','3202553',32);
INSERT INTO cidade VALUES(3202603,'ICONHA','3202603',32);
INSERT INTO cidade VALUES(3202652,'IRUPI','3202652',32);
INSERT INTO cidade VALUES(3202702,'ITAGUACU','3202702',32);
INSERT INTO cidade VALUES(3202801,'ITAPEMIRIM','3202801',32);
INSERT INTO cidade VALUES(3202900,'ITARANA','3202900',32);
INSERT INTO cidade VALUES(3203007,'IUNA','3203007',32);
INSERT INTO cidade VALUES(3203056,'JAGUARE','3203056',32);
INSERT INTO cidade VALUES(3203106,'JERONIMO MONTEIRO','3203106',32);
INSERT INTO cidade VALUES(3203130,'JOAO NEIVA','3203130',32);
INSERT INTO cidade VALUES(3203163,'LARANJA DA TERRA','3203163',32);
INSERT INTO cidade VALUES(3203205,'LINHARES','3203205',32);
INSERT INTO cidade VALUES(3203304,'MANTENOPOLIS','3203304',32);
INSERT INTO cidade VALUES(3203320,'MARATAIZES','3203320',32);
INSERT INTO cidade VALUES(3203346,'MARECHAL FLORIANO','3203346',32);
INSERT INTO cidade VALUES(3203353,'MARILANDIA','3203353',32);
INSERT INTO cidade VALUES(3203403,'MIMOSO DO SUL','3203403',32);
INSERT INTO cidade VALUES(3203502,'MONTANHA','3203502',32);
INSERT INTO cidade VALUES(3203601,'MUCURICI','3203601',32);
INSERT INTO cidade VALUES(3203700,'MUNIZ FREIRE','3203700',32);
INSERT INTO cidade VALUES(3203809,'MUQUI','3203809',32);
INSERT INTO cidade VALUES(3203908,'NOVA VENECIA','3203908',32);
INSERT INTO cidade VALUES(3204005,'PANCAS','3204005',32);
INSERT INTO cidade VALUES(3204054,'PEDRO CANARIO','3204054',32);
INSERT INTO cidade VALUES(3204104,'PINHEIROS','3204104',32);
INSERT INTO cidade VALUES(3204203,'PIUMA','3204203',32);
INSERT INTO cidade VALUES(3204252,'PONTO BELO','3204252',32);
INSERT INTO cidade VALUES(3204302,'PRESIDENTE KENNEDY','3204302',32);
INSERT INTO cidade VALUES(3204351,'RIO BANANAL','3204351',32);
INSERT INTO cidade VALUES(3204401,'RIO NOVO DO SUL','3204401',32);
INSERT INTO cidade VALUES(3204500,'SANTA LEOPOLDINA','3204500',32);
INSERT INTO cidade VALUES(3204559,'SANTA MARIA DE JETIBA','3204559',32);
INSERT INTO cidade VALUES(3204609,'SANTA TERESA','3204609',32);
INSERT INTO cidade VALUES(3204658,'SAO DOMINGOS DO NORTE','3204658',32);
INSERT INTO cidade VALUES(3204708,'SAO GABRIEL DA PALHA','3204708',32);
INSERT INTO cidade VALUES(3204807,'SAO JOSE DO CALCADO','3204807',32);
INSERT INTO cidade VALUES(3204906,'SAO MATEUS','3204906',32);
INSERT INTO cidade VALUES(3204955,'SAO ROQUE DO CANAA','3204955',32);
INSERT INTO cidade VALUES(3205002,'SERRA','3205002',32);
INSERT INTO cidade VALUES(3205010,'SOORETAMA','3205010',32);
INSERT INTO cidade VALUES(3205036,'VARGEM ALTA','3205036',32);
INSERT INTO cidade VALUES(3205069,'VENDA NOVA DO IMIGRANTE','3205069',32);
INSERT INTO cidade VALUES(3205101,'VIANA','3205101',32);
INSERT INTO cidade VALUES(3205150,'VILA PAVAO','3205150',32);
INSERT INTO cidade VALUES(3205176,'VILA VALERIO','3205176',32);
INSERT INTO cidade VALUES(3205200,'VILA VELHA','3205200',32);
INSERT INTO cidade VALUES(3205309,'VITORIA','3205309',32);
INSERT INTO cidade VALUES(3300100,'ANGRA DOS REIS','3300100',33);
INSERT INTO cidade VALUES(3300159,'APERIBE','3300159',33);
INSERT INTO cidade VALUES(3300209,'ARARUAMA','3300209',33);
INSERT INTO cidade VALUES(3300225,'AREAL','3300225',33);
INSERT INTO cidade VALUES(3300233,'ARMACAO DOS BUZIOS','3300233',33);
INSERT INTO cidade VALUES(3300258,'ARRAIAL DO CABO','3300258',33);
INSERT INTO cidade VALUES(3300308,'BARRA DO PIRAI','3300308',33);
INSERT INTO cidade VALUES(3300407,'BARRA MANSA','3300407',33);
INSERT INTO cidade VALUES(3300456,'BELFORD ROXO','3300456',33);
INSERT INTO cidade VALUES(3300506,'BOM JARDIM','3300506',33);
INSERT INTO cidade VALUES(3300605,'BOM JESUS DO ITABAPOANA','3300605',33);
INSERT INTO cidade VALUES(3300704,'CABO FRIO','3300704',33);
INSERT INTO cidade VALUES(3300803,'CACHOEIRAS DE MACACU','3300803',33);
INSERT INTO cidade VALUES(3300902,'CAMBUCI','3300902',33);
INSERT INTO cidade VALUES(3300936,'CARAPEBUS','3300936',33);
INSERT INTO cidade VALUES(3300951,'COMENDADOR LEVY GASPARIAN','3300951',33);
INSERT INTO cidade VALUES(3301009,'CAMPOS DOS GOYTACAZES','3301009',33);
INSERT INTO cidade VALUES(3301108,'CANTAGALO','3301108',33);
INSERT INTO cidade VALUES(3301157,'CARDOSO MOREIRA','3301157',33);
INSERT INTO cidade VALUES(3301207,'CARMO','3301207',33);
INSERT INTO cidade VALUES(3301306,'CASIMIRO DE ABREU','3301306',33);
INSERT INTO cidade VALUES(3301405,'CONCEICAO DE MACABU','3301405',33);
INSERT INTO cidade VALUES(3301504,'CORDEIRO','3301504',33);
INSERT INTO cidade VALUES(3301603,'DUAS BARRAS','3301603',33);
INSERT INTO cidade VALUES(3301702,'DUQUE DE CAXIAS','3301702',33);
INSERT INTO cidade VALUES(3301801,'ENGENHEIRO PAULO DE FRONTIN','3301801',33);
INSERT INTO cidade VALUES(3301850,'GUAPIMIRIM','3301850',33);
INSERT INTO cidade VALUES(3301876,'IGUABA GRANDE','3301876',33);
INSERT INTO cidade VALUES(3301900,'ITABORAI','3301900',33);
INSERT INTO cidade VALUES(3302007,'ITAGUAI','3302007',33);
INSERT INTO cidade VALUES(3302056,'ITALVA','3302056',33);
INSERT INTO cidade VALUES(3302106,'ITAOCARA','3302106',33);
INSERT INTO cidade VALUES(3302205,'ITAPERUNA','3302205',33);
INSERT INTO cidade VALUES(3302254,'ITATIAIA','3302254',33);
INSERT INTO cidade VALUES(3302270,'JAPERI','3302270',33);
INSERT INTO cidade VALUES(3302304,'LAJE DO MURIAE','3302304',33);
INSERT INTO cidade VALUES(3302403,'MACAE','3302403',33);
INSERT INTO cidade VALUES(3302452,'MACUCO','3302452',33);
INSERT INTO cidade VALUES(3302502,'MAGE','3302502',33);
INSERT INTO cidade VALUES(3302601,'MANGARATIBA','3302601',33);
INSERT INTO cidade VALUES(3302700,'MARICA','3302700',33);
INSERT INTO cidade VALUES(3302809,'MENDES','3302809',33);
INSERT INTO cidade VALUES(3302858,'MESQUITA','3302858',33);
INSERT INTO cidade VALUES(3302908,'MIGUEL PEREIRA','3302908',33);
INSERT INTO cidade VALUES(3303005,'MIRACEMA','3303005',33);
INSERT INTO cidade VALUES(3303104,'NATIVIDADE','3303104',33);
INSERT INTO cidade VALUES(3303203,'NILOPOLIS','3303203',33);
INSERT INTO cidade VALUES(3303302,'NITEROI','3303302',33);
INSERT INTO cidade VALUES(3303401,'NOVA FRIBURGO','3303401',33);
INSERT INTO cidade VALUES(3303500,'NOVA IGUACU','3303500',33);
INSERT INTO cidade VALUES(3303609,'PARACAMBI','3303609',33);
INSERT INTO cidade VALUES(3303708,'PARAIBA DO SUL','3303708',33);
INSERT INTO cidade VALUES(3303807,'PARATI','3303807',33);
INSERT INTO cidade VALUES(3303856,'PATY DO ALFERES','3303856',33);
INSERT INTO cidade VALUES(3303906,'PETROPOLIS','3303906',33);
INSERT INTO cidade VALUES(3303955,'PINHEIRAL','3303955',33);
INSERT INTO cidade VALUES(3304003,'PIRAI','3304003',33);
INSERT INTO cidade VALUES(3304102,'PORCIUNCULA','3304102',33);
INSERT INTO cidade VALUES(3304110,'PORTO REAL','3304110',33);
INSERT INTO cidade VALUES(3304128,'QUATIS','3304128',33);
INSERT INTO cidade VALUES(3304144,'QUEIMADOS','3304144',33);
INSERT INTO cidade VALUES(3304151,'QUISSAMA','3304151',33);
INSERT INTO cidade VALUES(3304201,'RESENDE','3304201',33);
INSERT INTO cidade VALUES(3304300,'RIO BONITO','3304300',33);
INSERT INTO cidade VALUES(3304409,'RIO CLARO','3304409',33);
INSERT INTO cidade VALUES(3304508,'RIO DAS FLORES','3304508',33);
INSERT INTO cidade VALUES(3304524,'RIO DAS OSTRAS','3304524',33);
INSERT INTO cidade VALUES(3304557,'RIO DE JANEIRO','3304557',33);
INSERT INTO cidade VALUES(3304607,'SANTA MARIA MADALENA','3304607',33);
INSERT INTO cidade VALUES(3304706,'SANTO ANTONIO DE PADUA','3304706',33);
INSERT INTO cidade VALUES(3304755,'SAO FRANCISCO DE ITABAPOANA','3304755',33);
INSERT INTO cidade VALUES(3304805,'SAO FIDELIS','3304805',33);
INSERT INTO cidade VALUES(3304904,'SAO GONCALO','3304904',33);
INSERT INTO cidade VALUES(3305000,'SAO JOAO DA BARRA','3305000',33);
INSERT INTO cidade VALUES(3305109,'SAO JOAO DE MERITI','3305109',33);
INSERT INTO cidade VALUES(3305133,'SAO JOSE DE UBA','3305133',33);
INSERT INTO cidade VALUES(3305158,'SAO JOSE DO VALE DO RIO PRETO','3305158',33);
INSERT INTO cidade VALUES(3305208,'SAO PEDRO DA ALDEIA','3305208',33);
INSERT INTO cidade VALUES(3305307,'SAO SEBASTIAO DO ALTO','3305307',33);
INSERT INTO cidade VALUES(3305406,'SAPUCAIA','3305406',33);
INSERT INTO cidade VALUES(3305505,'SAQUAREMA','3305505',33);
INSERT INTO cidade VALUES(3305554,'SEROPEDICA','3305554',33);
INSERT INTO cidade VALUES(3305604,'SILVA JARDIM','3305604',33);
INSERT INTO cidade VALUES(3305703,'SUMIDOURO','3305703',33);
INSERT INTO cidade VALUES(3305752,'TANGUA','3305752',33);
INSERT INTO cidade VALUES(3305802,'TERESOPOLIS','3305802',33);
INSERT INTO cidade VALUES(3305901,'TRAJANO DE MORAIS','3305901',33);
INSERT INTO cidade VALUES(3306008,'TRES RIOS','3306008',33);
INSERT INTO cidade VALUES(3306107,'VALENCA','3306107',33);
INSERT INTO cidade VALUES(3306156,'VARRE-SAI','3306156',33);
INSERT INTO cidade VALUES(3306206,'VASSOURAS','3306206',33);
INSERT INTO cidade VALUES(3306305,'VOLTA REDONDA','3306305',33);
INSERT INTO cidade VALUES(3500105,'ADAMANTINA','3500105',35);
INSERT INTO cidade VALUES(3500204,'ADOLFO','3500204',35);
INSERT INTO cidade VALUES(3500303,'AGUAI','3500303',35);
INSERT INTO cidade VALUES(3500402,'AGUAS DA PRATA','3500402',35);
INSERT INTO cidade VALUES(3500501,'AGUAS DE LINDOIA','3500501',35);
INSERT INTO cidade VALUES(3500550,'AGUAS DE SANTA BARBARA','3500550',35);
INSERT INTO cidade VALUES(3500600,'AGUAS DE SAO PEDRO','3500600',35);
INSERT INTO cidade VALUES(3500709,'AGUDOS','3500709',35);
INSERT INTO cidade VALUES(3500758,'ALAMBARI','3500758',35);
INSERT INTO cidade VALUES(3500808,'ALFREDO MARCONDES','3500808',35);
INSERT INTO cidade VALUES(3500907,'ALTAIR','3500907',35);
INSERT INTO cidade VALUES(3501004,'ALTINOPOLIS','3501004',35);
INSERT INTO cidade VALUES(3501103,'ALTO ALEGRE','3501103',35);
INSERT INTO cidade VALUES(3501152,'ALUMINIO','3501152',35);
INSERT INTO cidade VALUES(3501202,'ALVARES FLORENCE','3501202',35);
INSERT INTO cidade VALUES(3501301,'ALVARES MACHADO','3501301',35);
INSERT INTO cidade VALUES(3501400,'ALVARO DE CARVALHO','3501400',35);
INSERT INTO cidade VALUES(3501509,'ALVINLANDIA','3501509',35);
INSERT INTO cidade VALUES(3501608,'AMERICANA','3501608',35);
INSERT INTO cidade VALUES(3501707,'AMERICO BRASILIENSE','3501707',35);
INSERT INTO cidade VALUES(3501806,'AMERICO DE CAMPOS','3501806',35);
INSERT INTO cidade VALUES(3501905,'AMPARO','3501905',35);
INSERT INTO cidade VALUES(3502002,'ANALANDIA','3502002',35);
INSERT INTO cidade VALUES(3502101,'ANDRADINA','3502101',35);
INSERT INTO cidade VALUES(3502200,'ANGATUBA','3502200',35);
INSERT INTO cidade VALUES(3502309,'ANHEMBI','3502309',35);
INSERT INTO cidade VALUES(3502408,'ANHUMAS','3502408',35);
INSERT INTO cidade VALUES(3502507,'APARECIDA','3502507',35);
INSERT INTO cidade VALUES(3502606,'APARECIDA D''OESTE','3502606',35);
INSERT INTO cidade VALUES(3502705,'APIAI','3502705',35);
INSERT INTO cidade VALUES(3502754,'ARACARIGUAMA','3502754',35);
INSERT INTO cidade VALUES(3502804,'ARACATUBA','3502804',35);
INSERT INTO cidade VALUES(3502903,'ARACOIABA DA SERRA','3502903',35);
INSERT INTO cidade VALUES(3503000,'ARAMINA','3503000',35);
INSERT INTO cidade VALUES(3503109,'ARANDU','3503109',35);
INSERT INTO cidade VALUES(3503158,'ARAPEI','3503158',35);
INSERT INTO cidade VALUES(3503208,'ARARAQUARA','3503208',35);
INSERT INTO cidade VALUES(3503307,'ARARAS','3503307',35);
INSERT INTO cidade VALUES(3503356,'ARCO-IRIS','3503356',35);
INSERT INTO cidade VALUES(3503406,'AREALVA','3503406',35);
INSERT INTO cidade VALUES(3503505,'AREIAS','3503505',35);
INSERT INTO cidade VALUES(3503604,'AREIOPOLIS','3503604',35);
INSERT INTO cidade VALUES(3503703,'ARIRANHA','3503703',35);
INSERT INTO cidade VALUES(3503802,'ARTUR NOGUEIRA','3503802',35);
INSERT INTO cidade VALUES(3503901,'ARUJA','3503901',35);
INSERT INTO cidade VALUES(3503950,'ASPASIA','3503950',35);
INSERT INTO cidade VALUES(3504008,'ASSIS','3504008',35);
INSERT INTO cidade VALUES(3504107,'ATIBAIA','3504107',35);
INSERT INTO cidade VALUES(3504206,'AURIFLAMA','3504206',35);
INSERT INTO cidade VALUES(3504305,'AVAI','3504305',35);
INSERT INTO cidade VALUES(3504404,'AVANHANDAVA','3504404',35);
INSERT INTO cidade VALUES(3504503,'AVARE','3504503',35);
INSERT INTO cidade VALUES(3504602,'BADY BASSITT','3504602',35);
INSERT INTO cidade VALUES(3504701,'BALBINOS','3504701',35);
INSERT INTO cidade VALUES(3504800,'BALSAMO','3504800',35);
INSERT INTO cidade VALUES(3504909,'BANANAL','3504909',35);
INSERT INTO cidade VALUES(3505005,'BARAO DE ANTONINA','3505005',35);
INSERT INTO cidade VALUES(3505104,'BARBOSA','3505104',35);
INSERT INTO cidade VALUES(3505203,'BARIRI','3505203',35);
INSERT INTO cidade VALUES(3505302,'BARRA BONITA','3505302',35);
INSERT INTO cidade VALUES(3505351,'BARRA DO CHAPEU','3505351',35);
INSERT INTO cidade VALUES(3505401,'BARRA DO TURVO','3505401',35);
INSERT INTO cidade VALUES(3505500,'BARRETOS','3505500',35);
INSERT INTO cidade VALUES(3505609,'BARRINHA','3505609',35);
INSERT INTO cidade VALUES(3505708,'BARUERI','3505708',35);
INSERT INTO cidade VALUES(3505807,'BASTOS','3505807',35);
INSERT INTO cidade VALUES(3505906,'BATATAIS','3505906',35);
INSERT INTO cidade VALUES(3506003,'BAURU','3506003',35);
INSERT INTO cidade VALUES(3506102,'BEBEDOURO','3506102',35);
INSERT INTO cidade VALUES(3506201,'BENTO DE ABREU','3506201',35);
INSERT INTO cidade VALUES(3506300,'BERNARDINO DE CAMPOS','3506300',35);
INSERT INTO cidade VALUES(3506359,'BERTIOGA','3506359',35);
INSERT INTO cidade VALUES(3506409,'BILAC','3506409',35);
INSERT INTO cidade VALUES(3506508,'BIRIGUI','3506508',35);
INSERT INTO cidade VALUES(3506607,'BIRITIBA-MIRIM','3506607',35);
INSERT INTO cidade VALUES(3506706,'BOA ESPERANCA DO SUL','3506706',35);
INSERT INTO cidade VALUES(3506805,'BOCAINA','3506805',35);
INSERT INTO cidade VALUES(3506904,'BOFETE','3506904',35);
INSERT INTO cidade VALUES(3507001,'BOITUVA','3507001',35);
INSERT INTO cidade VALUES(3507100,'BOM JESUS DOS PERDOES','3507100',35);
INSERT INTO cidade VALUES(3507159,'BOM SUCESSO DE ITARARE','3507159',35);
INSERT INTO cidade VALUES(3507209,'BORA','3507209',35);
INSERT INTO cidade VALUES(3507308,'BORACEIA','3507308',35);
INSERT INTO cidade VALUES(3507407,'BORBOREMA','3507407',35);
INSERT INTO cidade VALUES(3507456,'BOREBI','3507456',35);
INSERT INTO cidade VALUES(3507506,'BOTUCATU','3507506',35);
INSERT INTO cidade VALUES(3507605,'BRAGANCA PAULISTA','3507605',35);
INSERT INTO cidade VALUES(3507704,'BRAUNA','3507704',35);
INSERT INTO cidade VALUES(3507753,'BREJO ALEGRE','3507753',35);
INSERT INTO cidade VALUES(3507803,'BRODOWSKI','3507803',35);
INSERT INTO cidade VALUES(3507902,'BROTAS','3507902',35);
INSERT INTO cidade VALUES(3508009,'BURI','3508009',35);
INSERT INTO cidade VALUES(3508108,'BURITAMA','3508108',35);
INSERT INTO cidade VALUES(3508207,'BURITIZAL','3508207',35);
INSERT INTO cidade VALUES(3508306,'CABRALIA PAULISTA','3508306',35);
INSERT INTO cidade VALUES(3508405,'CABREUVA','3508405',35);
INSERT INTO cidade VALUES(3508504,'CACAPAVA','3508504',35);
INSERT INTO cidade VALUES(3508603,'CACHOEIRA PAULISTA','3508603',35);
INSERT INTO cidade VALUES(3508702,'CACONDE','3508702',35);
INSERT INTO cidade VALUES(3508801,'CAFELANDIA','3508801',35);
INSERT INTO cidade VALUES(3508900,'CAIABU','3508900',35);
INSERT INTO cidade VALUES(3509007,'CAIEIRAS','3509007',35);
INSERT INTO cidade VALUES(3509106,'CAIUA','3509106',35);
INSERT INTO cidade VALUES(3509205,'CAJAMAR','3509205',35);
INSERT INTO cidade VALUES(3509254,'CAJATI','3509254',35);
INSERT INTO cidade VALUES(3509304,'CAJOBI','3509304',35);
INSERT INTO cidade VALUES(3509403,'CAJURU','3509403',35);
INSERT INTO cidade VALUES(3509452,'CAMPINA DO MONTE ALEGRE','3509452',35);
INSERT INTO cidade VALUES(3509502,'CAMPINAS','3509502',35);
INSERT INTO cidade VALUES(3509601,'CAMPO LIMPO PAULISTA','3509601',35);
INSERT INTO cidade VALUES(3509700,'CAMPOS DO JORDAO','3509700',35);
INSERT INTO cidade VALUES(3509809,'CAMPOS NOVOS PAULISTA','3509809',35);
INSERT INTO cidade VALUES(3509908,'CANANEIA','3509908',35);
INSERT INTO cidade VALUES(3509957,'CANAS','3509957',35);
INSERT INTO cidade VALUES(3510005,'CANDIDO MOTA','3510005',35);
INSERT INTO cidade VALUES(3510104,'CANDIDO RODRIGUES','3510104',35);
INSERT INTO cidade VALUES(3510153,'CANITAR','3510153',35);
INSERT INTO cidade VALUES(3510203,'CAPAO BONITO','3510203',35);
INSERT INTO cidade VALUES(3510302,'CAPELA DO ALTO','3510302',35);
INSERT INTO cidade VALUES(3510401,'CAPIVARI','3510401',35);
INSERT INTO cidade VALUES(3510500,'CARAGUATATUBA','3510500',35);
INSERT INTO cidade VALUES(3510609,'CARAPICUIBA','3510609',35);
INSERT INTO cidade VALUES(3510708,'CARDOSO','3510708',35);
INSERT INTO cidade VALUES(3510807,'CASA BRANCA','3510807',35);
INSERT INTO cidade VALUES(3510906,'CASSIA DOS COQUEIROS','3510906',35);
INSERT INTO cidade VALUES(3511003,'CASTILHO','3511003',35);
INSERT INTO cidade VALUES(3511102,'CATANDUVA','3511102',35);
INSERT INTO cidade VALUES(3511201,'CATIGUA','3511201',35);
INSERT INTO cidade VALUES(3511300,'CEDRAL','3511300',35);
INSERT INTO cidade VALUES(3511409,'CERQUEIRA CESAR','3511409',35);
INSERT INTO cidade VALUES(3511508,'CERQUILHO','3511508',35);
INSERT INTO cidade VALUES(3511607,'CESARIO LANGE','3511607',35);
INSERT INTO cidade VALUES(3511706,'CHARQUEADA','3511706',35);
INSERT INTO cidade VALUES(3511904,'CLEMENTINA','3511904',35);
INSERT INTO cidade VALUES(3512001,'COLINA','3512001',35);
INSERT INTO cidade VALUES(3512100,'COLOMBIA','3512100',35);
INSERT INTO cidade VALUES(3512209,'CONCHAL','3512209',35);
INSERT INTO cidade VALUES(3512308,'CONCHAS','3512308',35);
INSERT INTO cidade VALUES(3512407,'CORDEIROPOLIS','3512407',35);
INSERT INTO cidade VALUES(3512506,'COROADOS','3512506',35);
INSERT INTO cidade VALUES(3512605,'CORONEL MACEDO','3512605',35);
INSERT INTO cidade VALUES(3512704,'CORUMBATAI','3512704',35);
INSERT INTO cidade VALUES(3512803,'COSMOPOLIS','3512803',35);
INSERT INTO cidade VALUES(3512902,'COSMORAMA','3512902',35);
INSERT INTO cidade VALUES(3513009,'COTIA','3513009',35);
INSERT INTO cidade VALUES(3513108,'CRAVINHOS','3513108',35);
INSERT INTO cidade VALUES(3513207,'CRISTAIS PAULISTA','3513207',35);
INSERT INTO cidade VALUES(3513306,'CRUZALIA','3513306',35);
INSERT INTO cidade VALUES(3513405,'CRUZEIRO','3513405',35);
INSERT INTO cidade VALUES(3513504,'CUBATAO','3513504',35);
INSERT INTO cidade VALUES(3513603,'CUNHA','3513603',35);
INSERT INTO cidade VALUES(3513702,'DESCALVADO','3513702',35);
INSERT INTO cidade VALUES(3513801,'DIADEMA','3513801',35);
INSERT INTO cidade VALUES(3513850,'DIRCE REIS','3513850',35);
INSERT INTO cidade VALUES(3513900,'DIVINOLANDIA','3513900',35);
INSERT INTO cidade VALUES(3514007,'DOBRADA','3514007',35);
INSERT INTO cidade VALUES(3514106,'DOIS CORREGOS','3514106',35);
INSERT INTO cidade VALUES(3514205,'DOLCINOPOLIS','3514205',35);
INSERT INTO cidade VALUES(3514304,'DOURADO','3514304',35);
INSERT INTO cidade VALUES(3514403,'DRACENA','3514403',35);
INSERT INTO cidade VALUES(3514502,'DUARTINA','3514502',35);
INSERT INTO cidade VALUES(3514601,'DUMONT','3514601',35);
INSERT INTO cidade VALUES(3514700,'ECHAPORA','3514700',35);
INSERT INTO cidade VALUES(3514809,'ELDORADO','3514809',35);
INSERT INTO cidade VALUES(3514908,'ELIAS FAUSTO','3514908',35);
INSERT INTO cidade VALUES(3514924,'ELISIARIO','3514924',35);
INSERT INTO cidade VALUES(3514957,'EMBAUBA','3514957',35);
INSERT INTO cidade VALUES(3515004,'EMBU','3515004',35);
INSERT INTO cidade VALUES(3515103,'EMBU-GUACU','3515103',35);
INSERT INTO cidade VALUES(3515129,'EMILIANOPOLIS','3515129',35);
INSERT INTO cidade VALUES(3515152,'ENGENHEIRO COELHO','3515152',35);
INSERT INTO cidade VALUES(3515186,'ESPIRITO SANTO DO PINHAL','3515186',35);
INSERT INTO cidade VALUES(3515194,'ESPIRITO SANTO DO TURVO','3515194',35);
INSERT INTO cidade VALUES(3515202,'ESTRELA D''OESTE','3515202',35);
INSERT INTO cidade VALUES(3515301,'ESTRELA DO NORTE','3515301',35);
INSERT INTO cidade VALUES(3515350,'EUCLIDES DA CUNHA PAULISTA','3515350',35);
INSERT INTO cidade VALUES(3515400,'FARTURA','3515400',35);
INSERT INTO cidade VALUES(3515509,'FERNANDOPOLIS','3515509',35);
INSERT INTO cidade VALUES(3515608,'FERNANDO PRESTES','3515608',35);
INSERT INTO cidade VALUES(3515657,'FERNAO','3515657',35);
INSERT INTO cidade VALUES(3515707,'FERRAZ DE VASCONCELOS','3515707',35);
INSERT INTO cidade VALUES(3515806,'FLORA RICA','3515806',35);
INSERT INTO cidade VALUES(3515905,'FLOREAL','3515905',35);
INSERT INTO cidade VALUES(3516002,'FLORIDA PAULISTA','3516002',35);
INSERT INTO cidade VALUES(3516101,'FLORINIA','3516101',35);
INSERT INTO cidade VALUES(3516200,'FRANCA','3516200',35);
INSERT INTO cidade VALUES(3516309,'FRANCISCO MORATO','3516309',35);
INSERT INTO cidade VALUES(3516408,'FRANCO DA ROCHA','3516408',35);
INSERT INTO cidade VALUES(3516507,'GABRIEL MONTEIRO','3516507',35);
INSERT INTO cidade VALUES(3516606,'GALIA','3516606',35);
INSERT INTO cidade VALUES(3516705,'GARCA','3516705',35);
INSERT INTO cidade VALUES(3516804,'GASTAO VIDIGAL','3516804',35);
INSERT INTO cidade VALUES(3516853,'GAVIAO PEIXOTO','3516853',35);
INSERT INTO cidade VALUES(3516903,'GENERAL SALGADO','3516903',35);
INSERT INTO cidade VALUES(3517000,'GETULINA','3517000',35);
INSERT INTO cidade VALUES(3517109,'GLICERIO','3517109',35);
INSERT INTO cidade VALUES(3517208,'GUAICARA','3517208',35);
INSERT INTO cidade VALUES(3517307,'GUAIMBE','3517307',35);
INSERT INTO cidade VALUES(3517406,'GUAIRA','3517406',35);
INSERT INTO cidade VALUES(3517505,'GUAPIACU','3517505',35);
INSERT INTO cidade VALUES(3517604,'GUAPIARA','3517604',35);
INSERT INTO cidade VALUES(3517703,'GUARA','3517703',35);
INSERT INTO cidade VALUES(3517802,'GUARACAI','3517802',35);
INSERT INTO cidade VALUES(3517901,'GUARACI','3517901',35);
INSERT INTO cidade VALUES(3518008,'GUARANI D''OESTE','3518008',35);
INSERT INTO cidade VALUES(3518107,'GUARANTA','3518107',35);
INSERT INTO cidade VALUES(3518206,'GUARARAPES','3518206',35);
INSERT INTO cidade VALUES(3518305,'GUARAREMA','3518305',35);
INSERT INTO cidade VALUES(3518404,'GUARATINGUETA','3518404',35);
INSERT INTO cidade VALUES(3518503,'GUAREI','3518503',35);
INSERT INTO cidade VALUES(3518602,'GUARIBA','3518602',35);
INSERT INTO cidade VALUES(3518701,'GUARUJA','3518701',35);
INSERT INTO cidade VALUES(3518800,'GUARULHOS','3518800',35);
INSERT INTO cidade VALUES(3518859,'GUATAPARA','3518859',35);
INSERT INTO cidade VALUES(3518909,'GUZOLANDIA','3518909',35);
INSERT INTO cidade VALUES(3519006,'HERCULANDIA','3519006',35);
INSERT INTO cidade VALUES(3519055,'HOLAMBRA','3519055',35);
INSERT INTO cidade VALUES(3519071,'HORTOLANDIA','3519071',35);
INSERT INTO cidade VALUES(3519105,'IACANGA','3519105',35);
INSERT INTO cidade VALUES(3519204,'IACRI','3519204',35);
INSERT INTO cidade VALUES(3519253,'IARAS','3519253',35);
INSERT INTO cidade VALUES(3519303,'IBATE','3519303',35);
INSERT INTO cidade VALUES(3519402,'IBIRA','3519402',35);
INSERT INTO cidade VALUES(3519501,'IBIRAREMA','3519501',35);
INSERT INTO cidade VALUES(3519600,'IBITINGA','3519600',35);
INSERT INTO cidade VALUES(3519709,'IBIUNA','3519709',35);
INSERT INTO cidade VALUES(3519808,'ICEM','3519808',35);
INSERT INTO cidade VALUES(3519907,'IEPE','3519907',35);
INSERT INTO cidade VALUES(3520004,'IGARACU DO TIETE','3520004',35);
INSERT INTO cidade VALUES(3520103,'IGARAPAVA','3520103',35);
INSERT INTO cidade VALUES(3520202,'IGARATA','3520202',35);
INSERT INTO cidade VALUES(3520301,'IGUAPE','3520301',35);
INSERT INTO cidade VALUES(3520400,'ILHABELA','3520400',35);
INSERT INTO cidade VALUES(3520426,'ILHA COMPRIDA','3520426',35);
INSERT INTO cidade VALUES(3520442,'ILHA SOLTEIRA','3520442',35);
INSERT INTO cidade VALUES(3520509,'INDAIATUBA','3520509',35);
INSERT INTO cidade VALUES(3520608,'INDIANA','3520608',35);
INSERT INTO cidade VALUES(3520707,'INDIAPORA','3520707',35);
INSERT INTO cidade VALUES(3520806,'INUBIA PAULISTA','3520806',35);
INSERT INTO cidade VALUES(3520905,'IPAUSSU','3520905',35);
INSERT INTO cidade VALUES(3521002,'IPERO','3521002',35);
INSERT INTO cidade VALUES(3521101,'IPEUNA','3521101',35);
INSERT INTO cidade VALUES(3521150,'IPIGUA','3521150',35);
INSERT INTO cidade VALUES(3521200,'IPORANGA','3521200',35);
INSERT INTO cidade VALUES(3521309,'IPUA','3521309',35);
INSERT INTO cidade VALUES(3521408,'IRACEMAPOLIS','3521408',35);
INSERT INTO cidade VALUES(3521507,'IRAPUA','3521507',35);
INSERT INTO cidade VALUES(3521606,'IRAPURU','3521606',35);
INSERT INTO cidade VALUES(3521705,'ITABERA','3521705',35);
INSERT INTO cidade VALUES(3521804,'ITAI','3521804',35);
INSERT INTO cidade VALUES(3521903,'ITAJOBI','3521903',35);
INSERT INTO cidade VALUES(3522000,'ITAJU','3522000',35);
INSERT INTO cidade VALUES(3522109,'ITANHAEM','3522109',35);
INSERT INTO cidade VALUES(3522158,'ITAOCA','3522158',35);
INSERT INTO cidade VALUES(3522208,'ITAPECERICA DA SERRA','3522208',35);
INSERT INTO cidade VALUES(3522307,'ITAPETININGA','3522307',35);
INSERT INTO cidade VALUES(3522406,'ITAPEVA','3522406',35);
INSERT INTO cidade VALUES(3522505,'ITAPEVI','3522505',35);
INSERT INTO cidade VALUES(3522604,'ITAPIRA','3522604',35);
INSERT INTO cidade VALUES(3522653,'ITAPIRAPUA PAULISTA','3522653',35);
INSERT INTO cidade VALUES(3522703,'ITAPOLIS','3522703',35);
INSERT INTO cidade VALUES(3522802,'ITAPORANGA','3522802',35);
INSERT INTO cidade VALUES(3522901,'ITAPUI','3522901',35);
INSERT INTO cidade VALUES(3523008,'ITAPURA','3523008',35);
INSERT INTO cidade VALUES(3523107,'ITAQUAQUECETUBA','3523107',35);
INSERT INTO cidade VALUES(3523206,'ITARARE','3523206',35);
INSERT INTO cidade VALUES(3523305,'ITARIRI','3523305',35);
INSERT INTO cidade VALUES(3523404,'ITATIBA','3523404',35);
INSERT INTO cidade VALUES(3523503,'ITATINGA','3523503',35);
INSERT INTO cidade VALUES(3523602,'ITIRAPINA','3523602',35);
INSERT INTO cidade VALUES(3523701,'ITIRAPUA','3523701',35);
INSERT INTO cidade VALUES(3523800,'ITOBI','3523800',35);
INSERT INTO cidade VALUES(3523909,'ITU','3523909',35);
INSERT INTO cidade VALUES(3524006,'ITUPEVA','3524006',35);
INSERT INTO cidade VALUES(3524105,'ITUVERAVA','3524105',35);
INSERT INTO cidade VALUES(3524204,'JABORANDI','3524204',35);
INSERT INTO cidade VALUES(3524303,'JABOTICABAL','3524303',35);
INSERT INTO cidade VALUES(3524402,'JACAREI','3524402',35);
INSERT INTO cidade VALUES(3524501,'JACI','3524501',35);
INSERT INTO cidade VALUES(3524600,'JACUPIRANGA','3524600',35);
INSERT INTO cidade VALUES(3524709,'JAGUARIUNA','3524709',35);
INSERT INTO cidade VALUES(3524808,'JALES','3524808',35);
INSERT INTO cidade VALUES(3524907,'JAMBEIRO','3524907',35);
INSERT INTO cidade VALUES(3525003,'JANDIRA','3525003',35);
INSERT INTO cidade VALUES(3525102,'JARDINOPOLIS','3525102',35);
INSERT INTO cidade VALUES(3525201,'JARINU','3525201',35);
INSERT INTO cidade VALUES(3525300,'JAU','3525300',35);
INSERT INTO cidade VALUES(3525409,'JERIQUARA','3525409',35);
INSERT INTO cidade VALUES(3525508,'JOANOPOLIS','3525508',35);
INSERT INTO cidade VALUES(3525607,'JOAO RAMALHO','3525607',35);
INSERT INTO cidade VALUES(3525706,'JOSE BONIFACIO','3525706',35);
INSERT INTO cidade VALUES(3525805,'JULIO MESQUITA','3525805',35);
INSERT INTO cidade VALUES(3525854,'JUMIRIM','3525854',35);
INSERT INTO cidade VALUES(3525904,'JUNDIAI','3525904',35);
INSERT INTO cidade VALUES(3526001,'JUNQUEIROPOLIS','3526001',35);
INSERT INTO cidade VALUES(3526100,'JUQUIA','3526100',35);
INSERT INTO cidade VALUES(3526209,'JUQUITIBA','3526209',35);
INSERT INTO cidade VALUES(3526308,'LAGOINHA','3526308',35);
INSERT INTO cidade VALUES(3526407,'LARANJAL PAULISTA','3526407',35);
INSERT INTO cidade VALUES(3526506,'LAVINIA','3526506',35);
INSERT INTO cidade VALUES(3526605,'LAVRINHAS','3526605',35);
INSERT INTO cidade VALUES(3526704,'LEME','3526704',35);
INSERT INTO cidade VALUES(3526803,'LENCOIS PAULISTA','3526803',35);
INSERT INTO cidade VALUES(3526902,'LIMEIRA','3526902',35);
INSERT INTO cidade VALUES(3527009,'LINDOIA','3527009',35);
INSERT INTO cidade VALUES(3527108,'LINS','3527108',35);
INSERT INTO cidade VALUES(3527207,'LORENA','3527207',35);
INSERT INTO cidade VALUES(3527256,'LOURDES','3527256',35);
INSERT INTO cidade VALUES(3527306,'LOUVEIRA','3527306',35);
INSERT INTO cidade VALUES(3527405,'LUCELIA','3527405',35);
INSERT INTO cidade VALUES(3527504,'LUCIANOPOLIS','3527504',35);
INSERT INTO cidade VALUES(3527603,'LUIS ANTONIO','3527603',35);
INSERT INTO cidade VALUES(3527702,'LUIZIANIA','3527702',35);
INSERT INTO cidade VALUES(3527801,'LUPERCIO','3527801',35);
INSERT INTO cidade VALUES(3527900,'LUTECIA','3527900',35);
INSERT INTO cidade VALUES(3528007,'MACATUBA','3528007',35);
INSERT INTO cidade VALUES(3528106,'MACAUBAL','3528106',35);
INSERT INTO cidade VALUES(3528205,'MACEDONIA','3528205',35);
INSERT INTO cidade VALUES(3528304,'MAGDA','3528304',35);
INSERT INTO cidade VALUES(3528403,'MAIRINQUE','3528403',35);
INSERT INTO cidade VALUES(3528502,'MAIRIPORA','3528502',35);
INSERT INTO cidade VALUES(3528601,'MANDURI','3528601',35);
INSERT INTO cidade VALUES(3528700,'MARABA PAULISTA','3528700',35);
INSERT INTO cidade VALUES(3528809,'MARACAI','3528809',35);
INSERT INTO cidade VALUES(3528858,'MARAPOAMA','3528858',35);
INSERT INTO cidade VALUES(3528908,'MARIAPOLIS','3528908',35);
INSERT INTO cidade VALUES(3529005,'MARILIA','3529005',35);
INSERT INTO cidade VALUES(3529104,'MARINOPOLIS','3529104',35);
INSERT INTO cidade VALUES(3529203,'MARTINOPOLIS','3529203',35);
INSERT INTO cidade VALUES(3529302,'MATAO','3529302',35);
INSERT INTO cidade VALUES(3529401,'MAUA','3529401',35);
INSERT INTO cidade VALUES(3529500,'MENDONCA','3529500',35);
INSERT INTO cidade VALUES(3529609,'MERIDIANO','3529609',35);
INSERT INTO cidade VALUES(3529658,'MESOPOLIS','3529658',35);
INSERT INTO cidade VALUES(3529708,'MIGUELOPOLIS','3529708',35);
INSERT INTO cidade VALUES(3529807,'MINEIROS DO TIETE','3529807',35);
INSERT INTO cidade VALUES(3529906,'MIRACATU','3529906',35);
INSERT INTO cidade VALUES(3530003,'MIRA ESTRELA','3530003',35);
INSERT INTO cidade VALUES(3530102,'MIRANDOPOLIS','3530102',35);
INSERT INTO cidade VALUES(3530201,'MIRANTE DO PARANAPANEMA','3530201',35);
INSERT INTO cidade VALUES(3530300,'MIRASSOL','3530300',35);
INSERT INTO cidade VALUES(3530409,'MIRASSOLANDIA','3530409',35);
INSERT INTO cidade VALUES(3530508,'MOCOCA','3530508',35);
INSERT INTO cidade VALUES(3530607,'MOGI DAS CRUZES','3530607',35);
INSERT INTO cidade VALUES(3530706,'MOGI GUACU','3530706',35);
INSERT INTO cidade VALUES(3530805,'MOJI MIRIM','3530805',35);
INSERT INTO cidade VALUES(3530904,'MOMBUCA','3530904',35);
INSERT INTO cidade VALUES(3531001,'MONCOES','3531001',35);
INSERT INTO cidade VALUES(3531100,'MONGAGUA','3531100',35);
INSERT INTO cidade VALUES(3531209,'MONTE ALEGRE DO SUL','3531209',35);
INSERT INTO cidade VALUES(3531308,'MONTE ALTO','3531308',35);
INSERT INTO cidade VALUES(3531407,'MONTE APRAZIVEL','3531407',35);
INSERT INTO cidade VALUES(3531506,'MONTE AZUL PAULISTA','3531506',35);
INSERT INTO cidade VALUES(3531605,'MONTE CASTELO','3531605',35);
INSERT INTO cidade VALUES(3531704,'MONTEIRO LOBATO','3531704',35);
INSERT INTO cidade VALUES(3531803,'MONTE MOR','3531803',35);
INSERT INTO cidade VALUES(3531902,'MORRO AGUDO','3531902',35);
INSERT INTO cidade VALUES(3532009,'MORUNGABA','3532009',35);
INSERT INTO cidade VALUES(3532058,'MOTUCA','3532058',35);
INSERT INTO cidade VALUES(3532108,'MURUTINGA DO SUL','3532108',35);
INSERT INTO cidade VALUES(3532157,'NANTES','3532157',35);
INSERT INTO cidade VALUES(3532207,'NARANDIBA','3532207',35);
INSERT INTO cidade VALUES(3532306,'NATIVIDADE DA SERRA','3532306',35);
INSERT INTO cidade VALUES(3532405,'NAZARE PAULISTA','3532405',35);
INSERT INTO cidade VALUES(3532504,'NEVES PAULISTA','3532504',35);
INSERT INTO cidade VALUES(3532603,'NHANDEARA','3532603',35);
INSERT INTO cidade VALUES(3532702,'NIPOA','3532702',35);
INSERT INTO cidade VALUES(3532801,'NOVA ALIANCA','3532801',35);
INSERT INTO cidade VALUES(3532827,'NOVA CAMPINA','3532827',35);
INSERT INTO cidade VALUES(3532843,'NOVA CANAA PAULISTA','3532843',35);
INSERT INTO cidade VALUES(3532868,'NOVA CASTILHO','3532868',35);
INSERT INTO cidade VALUES(3532900,'NOVA EUROPA','3532900',35);
INSERT INTO cidade VALUES(3533007,'NOVA GRANADA','3533007',35);
INSERT INTO cidade VALUES(3533106,'NOVA GUATAPORANGA','3533106',35);
INSERT INTO cidade VALUES(3533205,'NOVA INDEPENDENCIA','3533205',35);
INSERT INTO cidade VALUES(3533254,'NOVAIS','3533254',35);
INSERT INTO cidade VALUES(3533304,'NOVA LUZITANIA','3533304',35);
INSERT INTO cidade VALUES(3533403,'NOVA ODESSA','3533403',35);
INSERT INTO cidade VALUES(3533502,'NOVO HORIZONTE','3533502',35);
INSERT INTO cidade VALUES(3533601,'NUPORANGA','3533601',35);
INSERT INTO cidade VALUES(3533700,'OCAUCU','3533700',35);
INSERT INTO cidade VALUES(3533809,'OLEO','3533809',35);
INSERT INTO cidade VALUES(3533908,'OLIMPIA','3533908',35);
INSERT INTO cidade VALUES(3534005,'ONDA VERDE','3534005',35);
INSERT INTO cidade VALUES(3534104,'ORIENTE','3534104',35);
INSERT INTO cidade VALUES(3534203,'ORINDIUVA','3534203',35);
INSERT INTO cidade VALUES(3534302,'ORLANDIA','3534302',35);
INSERT INTO cidade VALUES(3534401,'OSASCO','3534401',35);
INSERT INTO cidade VALUES(3534500,'OSCAR BRESSANE','3534500',35);
INSERT INTO cidade VALUES(3534609,'OSVALDO CRUZ','3534609',35);
INSERT INTO cidade VALUES(3534708,'OURINHOS','3534708',35);
INSERT INTO cidade VALUES(3534757,'OUROESTE','3534757',35);
INSERT INTO cidade VALUES(3534807,'OURO VERDE','3534807',35);
INSERT INTO cidade VALUES(3534906,'PACAEMBU','3534906',35);
INSERT INTO cidade VALUES(3535002,'PALESTINA','3535002',35);
INSERT INTO cidade VALUES(3535101,'PALMARES PAULISTA','3535101',35);
INSERT INTO cidade VALUES(3535200,'PALMEIRA D''OESTE','3535200',35);
INSERT INTO cidade VALUES(3535309,'PALMITAL','3535309',35);
INSERT INTO cidade VALUES(3535408,'PANORAMA','3535408',35);
INSERT INTO cidade VALUES(3535507,'PARAGUACU PAULISTA','3535507',35);
INSERT INTO cidade VALUES(3535606,'PARAIBUNA','3535606',35);
INSERT INTO cidade VALUES(3535705,'PARAISO','3535705',35);
INSERT INTO cidade VALUES(3535804,'PARANAPANEMA','3535804',35);
INSERT INTO cidade VALUES(3535903,'PARANAPUA','3535903',35);
INSERT INTO cidade VALUES(3536000,'PARAPUA','3536000',35);
INSERT INTO cidade VALUES(3536109,'PARDINHO','3536109',35);
INSERT INTO cidade VALUES(3536208,'PARIQUERA-ACU','3536208',35);
INSERT INTO cidade VALUES(3536257,'PARISI','3536257',35);
INSERT INTO cidade VALUES(3536307,'PATROCINIO PAULISTA','3536307',35);
INSERT INTO cidade VALUES(3536406,'PAULICEIA','3536406',35);
INSERT INTO cidade VALUES(3536505,'PAULINIA','3536505',35);
INSERT INTO cidade VALUES(3536570,'PAULISTANIA','3536570',35);
INSERT INTO cidade VALUES(3536604,'PAULO DE FARIA','3536604',35);
INSERT INTO cidade VALUES(3536703,'PEDERNEIRAS','3536703',35);
INSERT INTO cidade VALUES(3536802,'PEDRA BELA','3536802',35);
INSERT INTO cidade VALUES(3536901,'PEDRANOPOLIS','3536901',35);
INSERT INTO cidade VALUES(3537008,'PEDREGULHO','3537008',35);
INSERT INTO cidade VALUES(3537107,'PEDREIRA','3537107',35);
INSERT INTO cidade VALUES(3537156,'PEDRINHAS PAULISTA','3537156',35);
INSERT INTO cidade VALUES(3537206,'PEDRO DE TOLEDO','3537206',35);
INSERT INTO cidade VALUES(3537305,'PENAPOLIS','3537305',35);
INSERT INTO cidade VALUES(3537404,'PEREIRA BARRETO','3537404',35);
INSERT INTO cidade VALUES(3537503,'PEREIRAS','3537503',35);
INSERT INTO cidade VALUES(3537602,'PERUIBE','3537602',35);
INSERT INTO cidade VALUES(3537701,'PIACATU','3537701',35);
INSERT INTO cidade VALUES(3537800,'PIEDADE','3537800',35);
INSERT INTO cidade VALUES(3537909,'PILAR DO SUL','3537909',35);
INSERT INTO cidade VALUES(3538006,'PINDAMONHANGABA','3538006',35);
INSERT INTO cidade VALUES(3538105,'PINDORAMA','3538105',35);
INSERT INTO cidade VALUES(3538204,'PINHALZINHO','3538204',35);
INSERT INTO cidade VALUES(3538303,'PIQUEROBI','3538303',35);
INSERT INTO cidade VALUES(3538501,'PIQUETE','3538501',35);
INSERT INTO cidade VALUES(3538600,'PIRACAIA','3538600',35);
INSERT INTO cidade VALUES(3538709,'PIRACICABA','3538709',35);
INSERT INTO cidade VALUES(3538808,'PIRAJU','3538808',35);
INSERT INTO cidade VALUES(3538907,'PIRAJUI','3538907',35);
INSERT INTO cidade VALUES(3539004,'PIRANGI','3539004',35);
INSERT INTO cidade VALUES(3539103,'PIRAPORA DO BOM JESUS','3539103',35);
INSERT INTO cidade VALUES(3539202,'PIRAPOZINHO','3539202',35);
INSERT INTO cidade VALUES(3539301,'PIRASSUNUNGA','3539301',35);
INSERT INTO cidade VALUES(3539400,'PIRATININGA','3539400',35);
INSERT INTO cidade VALUES(3539509,'PITANGUEIRAS','3539509',35);
INSERT INTO cidade VALUES(3539608,'PLANALTO','3539608',35);
INSERT INTO cidade VALUES(3539707,'PLATINA','3539707',35);
INSERT INTO cidade VALUES(3539806,'POA','3539806',35);
INSERT INTO cidade VALUES(3539905,'POLONI','3539905',35);
INSERT INTO cidade VALUES(3540002,'POMPEIA','3540002',35);
INSERT INTO cidade VALUES(3540101,'PONGAI','3540101',35);
INSERT INTO cidade VALUES(3540200,'PONTAL','3540200',35);
INSERT INTO cidade VALUES(3540259,'PONTALINDA','3540259',35);
INSERT INTO cidade VALUES(3540309,'PONTES GESTAL','3540309',35);
INSERT INTO cidade VALUES(3540408,'POPULINA','3540408',35);
INSERT INTO cidade VALUES(3540507,'PORANGABA','3540507',35);
INSERT INTO cidade VALUES(3540606,'PORTO FELIZ','3540606',35);
INSERT INTO cidade VALUES(3540705,'PORTO FERREIRA','3540705',35);
INSERT INTO cidade VALUES(3540754,'POTIM','3540754',35);
INSERT INTO cidade VALUES(3540804,'POTIRENDABA','3540804',35);
INSERT INTO cidade VALUES(3540853,'PRACINHA','3540853',35);
INSERT INTO cidade VALUES(3540903,'PRADOPOLIS','3540903',35);
INSERT INTO cidade VALUES(3541000,'PRAIA GRANDE','3541000',35);
INSERT INTO cidade VALUES(3541059,'PRATANIA','3541059',35);
INSERT INTO cidade VALUES(3541109,'PRESIDENTE ALVES','3541109',35);
INSERT INTO cidade VALUES(3541208,'PRESIDENTE BERNARDES','3541208',35);
INSERT INTO cidade VALUES(3541307,'PRESIDENTE EPITACIO','3541307',35);
INSERT INTO cidade VALUES(3541406,'PRESIDENTE PRUDENTE','3541406',35);
INSERT INTO cidade VALUES(3541505,'PRESIDENTE VENCESLAU','3541505',35);
INSERT INTO cidade VALUES(3541604,'PROMISSAO','3541604',35);
INSERT INTO cidade VALUES(3541653,'QUADRA','3541653',35);
INSERT INTO cidade VALUES(3541703,'QUATA','3541703',35);
INSERT INTO cidade VALUES(3541802,'QUEIROZ','3541802',35);
INSERT INTO cidade VALUES(3541901,'QUELUZ','3541901',35);
INSERT INTO cidade VALUES(3542008,'QUINTANA','3542008',35);
INSERT INTO cidade VALUES(3542107,'RAFARD','3542107',35);
INSERT INTO cidade VALUES(3542206,'RANCHARIA','3542206',35);
INSERT INTO cidade VALUES(3542305,'REDENCAO DA SERRA','3542305',35);
INSERT INTO cidade VALUES(3542404,'REGENTE FEIJO','3542404',35);
INSERT INTO cidade VALUES(3542503,'REGINOPOLIS','3542503',35);
INSERT INTO cidade VALUES(3542602,'REGISTRO','3542602',35);
INSERT INTO cidade VALUES(3542701,'RESTINGA','3542701',35);
INSERT INTO cidade VALUES(3542800,'RIBEIRA','3542800',35);
INSERT INTO cidade VALUES(3542909,'RIBEIRAO BONITO','3542909',35);
INSERT INTO cidade VALUES(3543006,'RIBEIRAO BRANCO','3543006',35);
INSERT INTO cidade VALUES(3543105,'RIBEIRAO CORRENTE','3543105',35);
INSERT INTO cidade VALUES(3543204,'RIBEIRAO DO SUL','3543204',35);
INSERT INTO cidade VALUES(3543238,'RIBEIRAO DOS INDIOS','3543238',35);
INSERT INTO cidade VALUES(3543253,'RIBEIRAO GRANDE','3543253',35);
INSERT INTO cidade VALUES(3543303,'RIBEIRAO PIRES','3543303',35);
INSERT INTO cidade VALUES(3543402,'RIBEIRAO PRETO','3543402',35);
INSERT INTO cidade VALUES(3543501,'RIVERSUL','3543501',35);
INSERT INTO cidade VALUES(3543600,'RIFAINA','3543600',35);
INSERT INTO cidade VALUES(3543709,'RINCAO','3543709',35);
INSERT INTO cidade VALUES(3543808,'RINOPOLIS','3543808',35);
INSERT INTO cidade VALUES(3543907,'RIO CLARO','3543907',35);
INSERT INTO cidade VALUES(3544004,'RIO DAS PEDRAS','3544004',35);
INSERT INTO cidade VALUES(3544103,'RIO GRANDE DA SERRA','3544103',35);
INSERT INTO cidade VALUES(3544202,'RIOLANDIA','3544202',35);
INSERT INTO cidade VALUES(3544251,'ROSANA','3544251',35);
INSERT INTO cidade VALUES(3544301,'ROSEIRA','3544301',35);
INSERT INTO cidade VALUES(3544400,'RUBIACEA','3544400',35);
INSERT INTO cidade VALUES(3544509,'RUBINEIA','3544509',35);
INSERT INTO cidade VALUES(3544608,'SABINO','3544608',35);
INSERT INTO cidade VALUES(3544707,'SAGRES','3544707',35);
INSERT INTO cidade VALUES(3544806,'SALES','3544806',35);
INSERT INTO cidade VALUES(3544905,'SALES OLIVEIRA','3544905',35);
INSERT INTO cidade VALUES(3545001,'SALESOPOLIS','3545001',35);
INSERT INTO cidade VALUES(3545100,'SALMOURAO','3545100',35);
INSERT INTO cidade VALUES(3545159,'SALTINHO','3545159',35);
INSERT INTO cidade VALUES(3545209,'SALTO','3545209',35);
INSERT INTO cidade VALUES(3545308,'SALTO DE PIRAPORA','3545308',35);
INSERT INTO cidade VALUES(3545407,'SALTO GRANDE','3545407',35);
INSERT INTO cidade VALUES(3545506,'SANDOVALINA','3545506',35);
INSERT INTO cidade VALUES(3545605,'SANTA ADELIA','3545605',35);
INSERT INTO cidade VALUES(3545704,'SANTA ALBERTINA','3545704',35);
INSERT INTO cidade VALUES(3545803,'SANTA BARBARA D''OESTE','3545803',35);
INSERT INTO cidade VALUES(3546009,'SANTA BRANCA','3546009',35);
INSERT INTO cidade VALUES(3546108,'SANTA CLARA D''OESTE','3546108',35);
INSERT INTO cidade VALUES(3546207,'SANTA CRUZ DA CONCEICAO','3546207',35);
INSERT INTO cidade VALUES(3546256,'SANTA CRUZ DA ESPERANCA','3546256',35);
INSERT INTO cidade VALUES(3546306,'SANTA CRUZ DAS PALMEIRAS','3546306',35);
INSERT INTO cidade VALUES(3546405,'SANTA CRUZ DO RIO PARDO','3546405',35);
INSERT INTO cidade VALUES(3546504,'SANTA ERNESTINA','3546504',35);
INSERT INTO cidade VALUES(3546603,'SANTA FE DO SUL','3546603',35);
INSERT INTO cidade VALUES(3546702,'SANTA GERTRUDES','3546702',35);
INSERT INTO cidade VALUES(3546801,'SANTA ISABEL','3546801',35);
INSERT INTO cidade VALUES(3546900,'SANTA LUCIA','3546900',35);
INSERT INTO cidade VALUES(3547007,'SANTA MARIA DA SERRA','3547007',35);
INSERT INTO cidade VALUES(3547106,'SANTA MERCEDES','3547106',35);
INSERT INTO cidade VALUES(3547205,'SANTANA DA PONTE PENSA','3547205',35);
INSERT INTO cidade VALUES(3547304,'SANTANA DE PARNAIBA','3547304',35);
INSERT INTO cidade VALUES(3547403,'SANTA RITA D''OESTE','3547403',35);
INSERT INTO cidade VALUES(3547502,'SANTA RITA DO PASSA QUATRO','3547502',35);
INSERT INTO cidade VALUES(3547601,'SANTA ROSA DE VITERBO','3547601',35);
INSERT INTO cidade VALUES(3547650,'SANTA SALETE','3547650',35);
INSERT INTO cidade VALUES(3547700,'SANTO ANASTACIO','3547700',35);
INSERT INTO cidade VALUES(3547809,'SANTO ANDRE','3547809',35);
INSERT INTO cidade VALUES(3547908,'SANTO ANTONIO DA ALEGRIA','3547908',35);
INSERT INTO cidade VALUES(3548005,'SANTO ANTONIO DE POSSE','3548005',35);
INSERT INTO cidade VALUES(3548054,'SANTO ANTONIO DO ARACANGUA','3548054',35);
INSERT INTO cidade VALUES(3548104,'SANTO ANTONIO DO JARDIM','3548104',35);
INSERT INTO cidade VALUES(3548203,'SANTO ANTONIO DO PINHAL','3548203',35);
INSERT INTO cidade VALUES(3548302,'SANTO EXPEDITO','3548302',35);
INSERT INTO cidade VALUES(3548401,'SANTOPOLIS DO AGUAPEI','3548401',35);
INSERT INTO cidade VALUES(3548500,'SANTOS','3548500',35);
INSERT INTO cidade VALUES(3548609,'SAO BENTO DO SAPUCAI','3548609',35);
INSERT INTO cidade VALUES(3548708,'SAO BERNARDO DO CAMPO','3548708',35);
INSERT INTO cidade VALUES(3548807,'SAO CAETANO DO SUL','3548807',35);
INSERT INTO cidade VALUES(3548906,'SAO CARLOS','3548906',35);
INSERT INTO cidade VALUES(3549003,'SAO FRANCISCO','3549003',35);
INSERT INTO cidade VALUES(3549102,'SAO JOAO DA BOA VISTA','3549102',35);
INSERT INTO cidade VALUES(3549201,'SAO JOAO DAS DUAS PONTES','3549201',35);
INSERT INTO cidade VALUES(3549250,'SAO JOAO DE IRACEMA','3549250',35);
INSERT INTO cidade VALUES(3549300,'SAO JOAO DO PAU D''ALHO','3549300',35);
INSERT INTO cidade VALUES(3549409,'SAO JOAQUIM DA BARRA','3549409',35);
INSERT INTO cidade VALUES(3549508,'SAO JOSE DA BELA VISTA','3549508',35);
INSERT INTO cidade VALUES(3549607,'SAO JOSE DO BARREIRO','3549607',35);
INSERT INTO cidade VALUES(3549706,'SAO JOSE DO RIO PARDO','3549706',35);
INSERT INTO cidade VALUES(3549805,'SAO JOSE DO RIO PRETO','3549805',35);
INSERT INTO cidade VALUES(3549904,'SAO JOSE DOS CAMPOS','3549904',35);
INSERT INTO cidade VALUES(3549953,'SAO LOURENCO DA SERRA','3549953',35);
INSERT INTO cidade VALUES(3550001,'SAO LUIS DO PARAITINGA','3550001',35);
INSERT INTO cidade VALUES(3550100,'SAO MANUEL','3550100',35);
INSERT INTO cidade VALUES(3550209,'SAO MIGUEL ARCANJO','3550209',35);
INSERT INTO cidade VALUES(3550308,'SAO PAULO','3550308',35);
INSERT INTO cidade VALUES(3550407,'SAO PEDRO','3550407',35);
INSERT INTO cidade VALUES(3550506,'SAO PEDRO DO TURVO','3550506',35);
INSERT INTO cidade VALUES(3550605,'SAO ROQUE','3550605',35);
INSERT INTO cidade VALUES(3550704,'SAO SEBASTIAO','3550704',35);
INSERT INTO cidade VALUES(3550803,'SAO SEBASTIAO DA GRAMA','3550803',35);
INSERT INTO cidade VALUES(3550902,'SAO SIMAO','3550902',35);
INSERT INTO cidade VALUES(3551009,'SAO VICENTE','3551009',35);
INSERT INTO cidade VALUES(3551108,'SARAPUI','3551108',35);
INSERT INTO cidade VALUES(3551207,'SARUTAIA','3551207',35);
INSERT INTO cidade VALUES(3551306,'SEBASTIANOPOLIS DO SUL','3551306',35);
INSERT INTO cidade VALUES(3551405,'SERRA AZUL','3551405',35);
INSERT INTO cidade VALUES(3551504,'SERRANA','3551504',35);
INSERT INTO cidade VALUES(3551603,'SERRA NEGRA','3551603',35);
INSERT INTO cidade VALUES(3551702,'SERTAOZINHO','3551702',35);
INSERT INTO cidade VALUES(3551801,'SETE BARRAS','3551801',35);
INSERT INTO cidade VALUES(3551900,'SEVERINIA','3551900',35);
INSERT INTO cidade VALUES(3552007,'SILVEIRAS','3552007',35);
INSERT INTO cidade VALUES(3552106,'SOCORRO','3552106',35);
INSERT INTO cidade VALUES(3552205,'SOROCABA','3552205',35);
INSERT INTO cidade VALUES(3552304,'SUD MENNUCCI','3552304',35);
INSERT INTO cidade VALUES(3552403,'SUMARE','3552403',35);
INSERT INTO cidade VALUES(3552502,'SUZANO','3552502',35);
INSERT INTO cidade VALUES(3552551,'SUZANAPOLIS','3552551',35);
INSERT INTO cidade VALUES(3552601,'TABAPUA','3552601',35);
INSERT INTO cidade VALUES(3552700,'TABATINGA','3552700',35);
INSERT INTO cidade VALUES(3552809,'TABOAO DA SERRA','3552809',35);
INSERT INTO cidade VALUES(3552908,'TACIBA','3552908',35);
INSERT INTO cidade VALUES(3553005,'TAGUAI','3553005',35);
INSERT INTO cidade VALUES(3553104,'TAIACU','3553104',35);
INSERT INTO cidade VALUES(3553203,'TAIUVA','3553203',35);
INSERT INTO cidade VALUES(3553302,'TAMBAU','3553302',35);
INSERT INTO cidade VALUES(3553401,'TANABI','3553401',35);
INSERT INTO cidade VALUES(3553500,'TAPIRAI','3553500',35);
INSERT INTO cidade VALUES(3553609,'TAPIRATIBA','3553609',35);
INSERT INTO cidade VALUES(3553658,'TAQUARAL','3553658',35);
INSERT INTO cidade VALUES(3553708,'TAQUARITINGA','3553708',35);
INSERT INTO cidade VALUES(3553807,'TAQUARITUBA','3553807',35);
INSERT INTO cidade VALUES(3553856,'TAQUARIVAI','3553856',35);
INSERT INTO cidade VALUES(3553906,'TARABAI','3553906',35);
INSERT INTO cidade VALUES(3553955,'TARUMA','3553955',35);
INSERT INTO cidade VALUES(3554003,'TATUI','3554003',35);
INSERT INTO cidade VALUES(3554102,'TAUBATE','3554102',35);
INSERT INTO cidade VALUES(3554201,'TEJUPA','3554201',35);
INSERT INTO cidade VALUES(3554300,'TEODORO SAMPAIO','3554300',35);
INSERT INTO cidade VALUES(3554409,'TERRA ROXA','3554409',35);
INSERT INTO cidade VALUES(3554508,'TIETE','3554508',35);
INSERT INTO cidade VALUES(3554607,'TIMBURI','3554607',35);
INSERT INTO cidade VALUES(3554656,'TORRE DE PEDRA','3554656',35);
INSERT INTO cidade VALUES(3554706,'TORRINHA','3554706',35);
INSERT INTO cidade VALUES(3554755,'TRABIJU','3554755',35);
INSERT INTO cidade VALUES(3554805,'TREMEMBE','3554805',35);
INSERT INTO cidade VALUES(3554904,'TRES FRONTEIRAS','3554904',35);
INSERT INTO cidade VALUES(3554953,'TUIUTI','3554953',35);
INSERT INTO cidade VALUES(3555000,'TUPA','3555000',35);
INSERT INTO cidade VALUES(3555109,'TUPI PAULISTA','3555109',35);
INSERT INTO cidade VALUES(3555208,'TURIUBA','3555208',35);
INSERT INTO cidade VALUES(3555307,'TURMALINA','3555307',35);
INSERT INTO cidade VALUES(3555356,'UBARANA','3555356',35);
INSERT INTO cidade VALUES(3555406,'UBATUBA','3555406',35);
INSERT INTO cidade VALUES(3555505,'UBIRAJARA','3555505',35);
INSERT INTO cidade VALUES(3555604,'UCHOA','3555604',35);
INSERT INTO cidade VALUES(3555703,'UNIAO PAULISTA','3555703',35);
INSERT INTO cidade VALUES(3555802,'URANIA','3555802',35);
INSERT INTO cidade VALUES(3555901,'URU','3555901',35);
INSERT INTO cidade VALUES(3556008,'URUPES','3556008',35);
INSERT INTO cidade VALUES(3556107,'VALENTIM GENTIL','3556107',35);
INSERT INTO cidade VALUES(3556206,'VALINHOS','3556206',35);
INSERT INTO cidade VALUES(3556305,'VALPARAISO','3556305',35);
INSERT INTO cidade VALUES(3556354,'VARGEM','3556354',35);
INSERT INTO cidade VALUES(3556404,'VARGEM GRANDE DO SUL','3556404',35);
INSERT INTO cidade VALUES(3556453,'VARGEM GRANDE PAULISTA','3556453',35);
INSERT INTO cidade VALUES(3556503,'VARZEA PAULISTA','3556503',35);
INSERT INTO cidade VALUES(3556602,'VERA CRUZ','3556602',35);
INSERT INTO cidade VALUES(3556701,'VINHEDO','3556701',35);
INSERT INTO cidade VALUES(3556800,'VIRADOURO','3556800',35);
INSERT INTO cidade VALUES(3556909,'VISTA ALEGRE DO ALTO','3556909',35);
INSERT INTO cidade VALUES(3556958,'VITORIA BRASIL','3556958',35);
INSERT INTO cidade VALUES(3557006,'VOTORANTIM','3557006',35);
INSERT INTO cidade VALUES(3557105,'VOTUPORANGA','3557105',35);
INSERT INTO cidade VALUES(3557154,'ZACARIAS','3557154',35);
INSERT INTO cidade VALUES(3557204,'CHAVANTES','3557204',35);
INSERT INTO cidade VALUES(3557303,'ESTIVA GERBI','3557303',35);
INSERT INTO cidade VALUES(4100103,'ABATIA','4100103',41);
INSERT INTO cidade VALUES(4100202,'ADRIANOPOLIS','4100202',41);
INSERT INTO cidade VALUES(4100301,'AGUDOS DO SUL','4100301',41);
INSERT INTO cidade VALUES(4100400,'ALMIRANTE TAMANDARE','4100400',41);
INSERT INTO cidade VALUES(4100459,'ALTAMIRA DO PARANA','4100459',41);
INSERT INTO cidade VALUES(4100509,'ALTONIA','4100509',41);
INSERT INTO cidade VALUES(4100608,'ALTO PARANA','4100608',41);
INSERT INTO cidade VALUES(4100707,'ALTO PIQUIRI','4100707',41);
INSERT INTO cidade VALUES(4100806,'ALVORADA DO SUL','4100806',41);
INSERT INTO cidade VALUES(4100905,'AMAPORA','4100905',41);
INSERT INTO cidade VALUES(4101002,'AMPERE','4101002',41);
INSERT INTO cidade VALUES(4101051,'ANAHY','4101051',41);
INSERT INTO cidade VALUES(4101101,'ANDIRA','4101101',41);
INSERT INTO cidade VALUES(4101150,'ANGULO','4101150',41);
INSERT INTO cidade VALUES(4101200,'ANTONINA','4101200',41);
INSERT INTO cidade VALUES(4101309,'ANTONIO OLINTO','4101309',41);
INSERT INTO cidade VALUES(4101408,'APUCARANA','4101408',41);
INSERT INTO cidade VALUES(4101507,'ARAPONGAS','4101507',41);
INSERT INTO cidade VALUES(4101606,'ARAPOTI','4101606',41);
INSERT INTO cidade VALUES(4101655,'ARAPUA','4101655',41);
INSERT INTO cidade VALUES(4101705,'ARARUNA','4101705',41);
INSERT INTO cidade VALUES(4101804,'ARAUCARIA','4101804',41);
INSERT INTO cidade VALUES(4101853,'ARIRANHA DO IVAI','4101853',41);
INSERT INTO cidade VALUES(4101903,'ASSAI','4101903',41);
INSERT INTO cidade VALUES(4102000,'ASSIS CHATEAUBRIAND','4102000',41);
INSERT INTO cidade VALUES(4102109,'ASTORGA','4102109',41);
INSERT INTO cidade VALUES(4102208,'ATALAIA','4102208',41);
INSERT INTO cidade VALUES(4102307,'BALSA NOVA','4102307',41);
INSERT INTO cidade VALUES(4102406,'BANDEIRANTES','4102406',41);
INSERT INTO cidade VALUES(4102505,'BARBOSA FERRAZ','4102505',41);
INSERT INTO cidade VALUES(4102604,'BARRACAO','4102604',41);
INSERT INTO cidade VALUES(4102703,'BARRA DO JACARE','4102703',41);
INSERT INTO cidade VALUES(4102752,'BELA VISTA DA CAROBA','4102752',41);
INSERT INTO cidade VALUES(4102802,'BELA VISTA DO PARAISO','4102802',41);
INSERT INTO cidade VALUES(4102901,'BITURUNA','4102901',41);
INSERT INTO cidade VALUES(4103008,'BOA ESPERANCA','4103008',41);
INSERT INTO cidade VALUES(4103024,'BOA ESPERANCA DO IGUACU','4103024',41);
INSERT INTO cidade VALUES(4103040,'BOA VENTURA DE SAO ROQUE','4103040',41);
INSERT INTO cidade VALUES(4103057,'BOA VISTA DA APARECIDA','4103057',41);
INSERT INTO cidade VALUES(4103107,'BOCAIUVA DO SUL','4103107',41);
INSERT INTO cidade VALUES(4103156,'BOM JESUS DO SUL','4103156',41);
INSERT INTO cidade VALUES(4103206,'BOM SUCESSO','4103206',41);
INSERT INTO cidade VALUES(4103222,'BOM SUCESSO DO SUL','4103222',41);
INSERT INTO cidade VALUES(4103305,'BORRAZOPOLIS','4103305',41);
INSERT INTO cidade VALUES(4103354,'BRAGANEY','4103354',41);
INSERT INTO cidade VALUES(4103370,'BRASILANDIA DO SUL','4103370',41);
INSERT INTO cidade VALUES(4103404,'CAFEARA','4103404',41);
INSERT INTO cidade VALUES(4103453,'CAFELANDIA','4103453',41);
INSERT INTO cidade VALUES(4103479,'CAFEZAL DO SUL','4103479',41);
INSERT INTO cidade VALUES(4103503,'CALIFORNIA','4103503',41);
INSERT INTO cidade VALUES(4103602,'CAMBARA','4103602',41);
INSERT INTO cidade VALUES(4103701,'CAMBE','4103701',41);
INSERT INTO cidade VALUES(4103800,'CAMBIRA','4103800',41);
INSERT INTO cidade VALUES(4103909,'CAMPINA DA LAGOA','4103909',41);
INSERT INTO cidade VALUES(4103958,'CAMPINA DO SIMAO','4103958',41);
INSERT INTO cidade VALUES(4104006,'CAMPINA GRANDE DO SUL','4104006',41);
INSERT INTO cidade VALUES(4104055,'CAMPO BONITO','4104055',41);
INSERT INTO cidade VALUES(4104105,'CAMPO DO TENENTE','4104105',41);
INSERT INTO cidade VALUES(4104204,'CAMPO LARGO','4104204',41);
INSERT INTO cidade VALUES(4104253,'CAMPO MAGRO','4104253',41);
INSERT INTO cidade VALUES(4104303,'CAMPO MOURAO','4104303',41);
INSERT INTO cidade VALUES(4104402,'CANDIDO DE ABREU','4104402',41);
INSERT INTO cidade VALUES(4104428,'CANDOI','4104428',41);
INSERT INTO cidade VALUES(4104451,'CANTAGALO','4104451',41);
INSERT INTO cidade VALUES(4104501,'CAPANEMA','4104501',41);
INSERT INTO cidade VALUES(4104600,'CAPITAO LEONIDAS MARQUES','4104600',41);
INSERT INTO cidade VALUES(4104659,'CARAMBEI','4104659',41);
INSERT INTO cidade VALUES(4104709,'CARLOPOLIS','4104709',41);
INSERT INTO cidade VALUES(4104808,'CASCAVEL','4104808',41);
INSERT INTO cidade VALUES(4104907,'CASTRO','4104907',41);
INSERT INTO cidade VALUES(4105003,'CATANDUVAS','4105003',41);
INSERT INTO cidade VALUES(4105102,'CENTENARIO DO SUL','4105102',41);
INSERT INTO cidade VALUES(4105201,'CERRO AZUL','4105201',41);
INSERT INTO cidade VALUES(4105300,'CEU AZUL','4105300',41);
INSERT INTO cidade VALUES(4105409,'CHOPINZINHO','4105409',41);
INSERT INTO cidade VALUES(4105508,'CIANORTE','4105508',41);
INSERT INTO cidade VALUES(4105607,'CIDADE GAUCHA','4105607',41);
INSERT INTO cidade VALUES(4105706,'CLEVELANDIA','4105706',41);
INSERT INTO cidade VALUES(4105805,'COLOMBO','4105805',41);
INSERT INTO cidade VALUES(4105904,'COLORADO','4105904',41);
INSERT INTO cidade VALUES(4106001,'CONGONHINHAS','4106001',41);
INSERT INTO cidade VALUES(4106100,'CONSELHEIRO MAIRINCK','4106100',41);
INSERT INTO cidade VALUES(4106209,'CONTENDA','4106209',41);
INSERT INTO cidade VALUES(4106308,'CORBELIA','4106308',41);
INSERT INTO cidade VALUES(4106407,'CORNELIO PROCOPIO','4106407',41);
INSERT INTO cidade VALUES(4106456,'CORONEL DOMINGOS SOARES','4106456',41);
INSERT INTO cidade VALUES(4106506,'CORONEL VIVIDA','4106506',41);
INSERT INTO cidade VALUES(4106555,'CORUMBATAI DO SUL','4106555',41);
INSERT INTO cidade VALUES(4106571,'CRUZEIRO DO IGUACU','4106571',41);
INSERT INTO cidade VALUES(4106605,'CRUZEIRO DO OESTE','4106605',41);
INSERT INTO cidade VALUES(4106704,'CRUZEIRO DO SUL','4106704',41);
INSERT INTO cidade VALUES(4106803,'CRUZ MACHADO','4106803',41);
INSERT INTO cidade VALUES(4106852,'CRUZMALTINA','4106852',41);
INSERT INTO cidade VALUES(4106902,'CURITIBA','4106902',41);
INSERT INTO cidade VALUES(4107009,'CURIUVA','4107009',41);
INSERT INTO cidade VALUES(4107108,'DIAMANTE DO NORTE','4107108',41);
INSERT INTO cidade VALUES(4107124,'DIAMANTE DO SUL','4107124',41);
INSERT INTO cidade VALUES(4107157,'DIAMANTE D''OESTE','4107157',41);
INSERT INTO cidade VALUES(4107207,'DOIS VIZINHOS','4107207',41);
INSERT INTO cidade VALUES(4107256,'DOURADINA','4107256',41);
INSERT INTO cidade VALUES(4107306,'DOUTOR CAMARGO','4107306',41);
INSERT INTO cidade VALUES(4107405,'ENEAS MARQUES','4107405',41);
INSERT INTO cidade VALUES(4107504,'ENGENHEIRO BELTRAO','4107504',41);
INSERT INTO cidade VALUES(4107520,'ESPERANCA NOVA','4107520',41);
INSERT INTO cidade VALUES(4107538,'ENTRE RIOS DO OESTE','4107538',41);
INSERT INTO cidade VALUES(4107546,'ESPIGAO ALTO DO IGUACU','4107546',41);
INSERT INTO cidade VALUES(4107553,'FAROL','4107553',41);
INSERT INTO cidade VALUES(4107603,'FAXINAL','4107603',41);
INSERT INTO cidade VALUES(4107652,'FAZENDA RIO GRANDE','4107652',41);
INSERT INTO cidade VALUES(4107702,'FENIX','4107702',41);
INSERT INTO cidade VALUES(4107736,'FERNANDES PINHEIRO','4107736',41);
INSERT INTO cidade VALUES(4107751,'FIGUEIRA','4107751',41);
INSERT INTO cidade VALUES(4107801,'FLORAI','4107801',41);
INSERT INTO cidade VALUES(4107850,'FLOR DA SERRA DO SUL','4107850',41);
INSERT INTO cidade VALUES(4107900,'FLORESTA','4107900',41);
INSERT INTO cidade VALUES(4108007,'FLORESTOPOLIS','4108007',41);
INSERT INTO cidade VALUES(4108106,'FLORIDA','4108106',41);
INSERT INTO cidade VALUES(4108205,'FORMOSA DO OESTE','4108205',41);
INSERT INTO cidade VALUES(4108304,'FOZ DO IGUACU','4108304',41);
INSERT INTO cidade VALUES(4108320,'FRANCISCO ALVES','4108320',41);
INSERT INTO cidade VALUES(4108403,'FRANCISCO BELTRAO','4108403',41);
INSERT INTO cidade VALUES(4108452,'FOZ DO JORDAO','4108452',41);
INSERT INTO cidade VALUES(4108502,'GENERAL CARNEIRO','4108502',41);
INSERT INTO cidade VALUES(4108551,'GODOY MOREIRA','4108551',41);
INSERT INTO cidade VALUES(4108601,'GOIOERE','4108601',41);
INSERT INTO cidade VALUES(4108650,'GOIOXIM','4108650',41);
INSERT INTO cidade VALUES(4108700,'GRANDES RIOS','4108700',41);
INSERT INTO cidade VALUES(4108809,'GUAIRA','4108809',41);
INSERT INTO cidade VALUES(4108908,'GUAIRACA','4108908',41);
INSERT INTO cidade VALUES(4108957,'GUAMIRANGA','4108957',41);
INSERT INTO cidade VALUES(4109005,'GUAPIRAMA','4109005',41);
INSERT INTO cidade VALUES(4109104,'GUAPOREMA','4109104',41);
INSERT INTO cidade VALUES(4109203,'GUARACI','4109203',41);
INSERT INTO cidade VALUES(4109302,'GUARANIACU','4109302',41);
INSERT INTO cidade VALUES(4109401,'GUARAPUAVA','4109401',41);
INSERT INTO cidade VALUES(4109500,'GUARAQUECABA','4109500',41);
INSERT INTO cidade VALUES(4109609,'GUARATUBA','4109609',41);
INSERT INTO cidade VALUES(4109658,'HONORIO SERPA','4109658',41);
INSERT INTO cidade VALUES(4109708,'IBAITI','4109708',41);
INSERT INTO cidade VALUES(4109757,'IBEMA','4109757',41);
INSERT INTO cidade VALUES(4109807,'IBIPORA','4109807',41);
INSERT INTO cidade VALUES(4109906,'ICARAIMA','4109906',41);
INSERT INTO cidade VALUES(4110003,'IGUARACU','4110003',41);
INSERT INTO cidade VALUES(4110052,'IGUATU','4110052',41);
INSERT INTO cidade VALUES(4110078,'IMBAU','4110078',41);
INSERT INTO cidade VALUES(4110102,'IMBITUVA','4110102',41);
INSERT INTO cidade VALUES(4110201,'INACIO MARTINS','4110201',41);
INSERT INTO cidade VALUES(4110300,'INAJA','4110300',41);
INSERT INTO cidade VALUES(4110409,'INDIANOPOLIS','4110409',41);
INSERT INTO cidade VALUES(4110508,'IPIRANGA','4110508',41);
INSERT INTO cidade VALUES(4110607,'IPORA','4110607',41);
INSERT INTO cidade VALUES(4110656,'IRACEMA DO OESTE','4110656',41);
INSERT INTO cidade VALUES(4110706,'IRATI','4110706',41);
INSERT INTO cidade VALUES(4110805,'IRETAMA','4110805',41);
INSERT INTO cidade VALUES(4110904,'ITAGUAJE','4110904',41);
INSERT INTO cidade VALUES(4110953,'ITAIPULANDIA','4110953',41);
INSERT INTO cidade VALUES(4111001,'ITAMBARACA','4111001',41);
INSERT INTO cidade VALUES(4111100,'ITAMBE','4111100',41);
INSERT INTO cidade VALUES(4111209,'ITAPEJARA D''OESTE','4111209',41);
INSERT INTO cidade VALUES(4111258,'ITAPERUCU','4111258',41);
INSERT INTO cidade VALUES(4111308,'ITAUNA DO SUL','4111308',41);
INSERT INTO cidade VALUES(4111407,'IVAI','4111407',41);
INSERT INTO cidade VALUES(4111506,'IVAIPORA','4111506',41);
INSERT INTO cidade VALUES(4111555,'IVATE','4111555',41);
INSERT INTO cidade VALUES(4111605,'IVATUBA','4111605',41);
INSERT INTO cidade VALUES(4111704,'JABOTI','4111704',41);
INSERT INTO cidade VALUES(4111803,'JACAREZINHO','4111803',41);
INSERT INTO cidade VALUES(4111902,'JAGUAPITA','4111902',41);
INSERT INTO cidade VALUES(4112009,'JAGUARIAIVA','4112009',41);
INSERT INTO cidade VALUES(4112108,'JANDAIA DO SUL','4112108',41);
INSERT INTO cidade VALUES(4112207,'JANIOPOLIS','4112207',41);
INSERT INTO cidade VALUES(4112306,'JAPIRA','4112306',41);
INSERT INTO cidade VALUES(4112405,'JAPURA','4112405',41);
INSERT INTO cidade VALUES(4112504,'JARDIM ALEGRE','4112504',41);
INSERT INTO cidade VALUES(4112603,'JARDIM OLINDA','4112603',41);
INSERT INTO cidade VALUES(4112702,'JATAIZINHO','4112702',41);
INSERT INTO cidade VALUES(4112751,'JESUITAS','4112751',41);
INSERT INTO cidade VALUES(4112801,'JOAQUIM TAVORA','4112801',41);
INSERT INTO cidade VALUES(4112900,'JUNDIAI DO SUL','4112900',41);
INSERT INTO cidade VALUES(4112959,'JURANDA','4112959',41);
INSERT INTO cidade VALUES(4113007,'JUSSARA','4113007',41);
INSERT INTO cidade VALUES(4113106,'KALORE','4113106',41);
INSERT INTO cidade VALUES(4113205,'LAPA','4113205',41);
INSERT INTO cidade VALUES(4113254,'LARANJAL','4113254',41);
INSERT INTO cidade VALUES(4113304,'LARANJEIRAS DO SUL','4113304',41);
INSERT INTO cidade VALUES(4113403,'LEOPOLIS','4113403',41);
INSERT INTO cidade VALUES(4113429,'LIDIANOPOLIS','4113429',41);
INSERT INTO cidade VALUES(4113452,'LINDOESTE','4113452',41);
INSERT INTO cidade VALUES(4113502,'LOANDA','4113502',41);
INSERT INTO cidade VALUES(4113601,'LOBATO','4113601',41);
INSERT INTO cidade VALUES(4113700,'LONDRINA','4113700',41);
INSERT INTO cidade VALUES(4113734,'LUIZIANA','4113734',41);
INSERT INTO cidade VALUES(4113759,'LUNARDELLI','4113759',41);
INSERT INTO cidade VALUES(4113809,'LUPIONOPOLIS','4113809',41);
INSERT INTO cidade VALUES(4113908,'MALLET','4113908',41);
INSERT INTO cidade VALUES(4114005,'MAMBORE','4114005',41);
INSERT INTO cidade VALUES(4114104,'MANDAGUACU','4114104',41);
INSERT INTO cidade VALUES(4114203,'MANDAGUARI','4114203',41);
INSERT INTO cidade VALUES(4114302,'MANDIRITUBA','4114302',41);
INSERT INTO cidade VALUES(4114351,'MANFRINOPOLIS','4114351',41);
INSERT INTO cidade VALUES(4114401,'MANGUEIRINHA','4114401',41);
INSERT INTO cidade VALUES(4114500,'MANOEL RIBAS','4114500',41);
INSERT INTO cidade VALUES(4114609,'MARECHAL CANDIDO RONDON','4114609',41);
INSERT INTO cidade VALUES(4114708,'MARIA HELENA','4114708',41);
INSERT INTO cidade VALUES(4114807,'MARIALVA','4114807',41);
INSERT INTO cidade VALUES(4114906,'MARILANDIA DO SUL','4114906',41);
INSERT INTO cidade VALUES(4115002,'MARILENA','4115002',41);
INSERT INTO cidade VALUES(4115101,'MARILUZ','4115101',41);
INSERT INTO cidade VALUES(4115200,'MARINGA','4115200',41);
INSERT INTO cidade VALUES(4115309,'MARIOPOLIS','4115309',41);
INSERT INTO cidade VALUES(4115358,'MARIPA','4115358',41);
INSERT INTO cidade VALUES(4115408,'MARMELEIRO','4115408',41);
INSERT INTO cidade VALUES(4115457,'MARQUINHO','4115457',41);
INSERT INTO cidade VALUES(4115507,'MARUMBI','4115507',41);
INSERT INTO cidade VALUES(4115606,'MATELANDIA','4115606',41);
INSERT INTO cidade VALUES(4115705,'MATINHOS','4115705',41);
INSERT INTO cidade VALUES(4115739,'MATO RICO','4115739',41);
INSERT INTO cidade VALUES(4115754,'MAUA DA SERRA','4115754',41);
INSERT INTO cidade VALUES(4115804,'MEDIANEIRA','4115804',41);
INSERT INTO cidade VALUES(4115853,'MERCEDES','4115853',41);
INSERT INTO cidade VALUES(4115903,'MIRADOR','4115903',41);
INSERT INTO cidade VALUES(4116000,'MIRASELVA','4116000',41);
INSERT INTO cidade VALUES(4116059,'MISSAL','4116059',41);
INSERT INTO cidade VALUES(4116109,'MOREIRA SALES','4116109',41);
INSERT INTO cidade VALUES(4116208,'MORRETES','4116208',41);
INSERT INTO cidade VALUES(4116307,'MUNHOZ DE MELO','4116307',41);
INSERT INTO cidade VALUES(4116406,'NOSSA SENHORA DAS GRACAS','4116406',41);
INSERT INTO cidade VALUES(4116505,'NOVA ALIANCA DO IVAI','4116505',41);
INSERT INTO cidade VALUES(4116604,'NOVA AMERICA DA COLINA','4116604',41);
INSERT INTO cidade VALUES(4116703,'NOVA AURORA','4116703',41);
INSERT INTO cidade VALUES(4116802,'NOVA CANTU','4116802',41);
INSERT INTO cidade VALUES(4116901,'NOVA ESPERANCA','4116901',41);
INSERT INTO cidade VALUES(4116950,'NOVA ESPERANCA DO SUDOESTE','4116950',41);
INSERT INTO cidade VALUES(4117008,'NOVA FATIMA','4117008',41);
INSERT INTO cidade VALUES(4117057,'NOVA LARANJEIRAS','4117057',41);
INSERT INTO cidade VALUES(4117107,'NOVA LONDRINA','4117107',41);
INSERT INTO cidade VALUES(4117206,'NOVA OLIMPIA','4117206',41);
INSERT INTO cidade VALUES(4117214,'NOVA SANTA BARBARA','4117214',41);
INSERT INTO cidade VALUES(4117222,'NOVA SANTA ROSA','4117222',41);
INSERT INTO cidade VALUES(4117255,'NOVA PRATA DO IGUACU','4117255',41);
INSERT INTO cidade VALUES(4117271,'NOVA TEBAS','4117271',41);
INSERT INTO cidade VALUES(4117297,'NOVO ITACOLOMI','4117297',41);
INSERT INTO cidade VALUES(4117305,'ORTIGUEIRA','4117305',41);
INSERT INTO cidade VALUES(4117404,'OURIZONA','4117404',41);
INSERT INTO cidade VALUES(4117453,'OURO VERDE DO OESTE','4117453',41);
INSERT INTO cidade VALUES(4117503,'PAICANDU','4117503',41);
INSERT INTO cidade VALUES(4117602,'PALMAS','4117602',41);
INSERT INTO cidade VALUES(4117701,'PALMEIRA','4117701',41);
INSERT INTO cidade VALUES(4117800,'PALMITAL','4117800',41);
INSERT INTO cidade VALUES(4117909,'PALOTINA','4117909',41);
INSERT INTO cidade VALUES(4118006,'PARAISO DO NORTE','4118006',41);
INSERT INTO cidade VALUES(4118105,'PARANACITY','4118105',41);
INSERT INTO cidade VALUES(4118204,'PARANAGUA','4118204',41);
INSERT INTO cidade VALUES(4118303,'PARANAPOEMA','4118303',41);
INSERT INTO cidade VALUES(4118402,'PARANAVAI','4118402',41);
INSERT INTO cidade VALUES(4118451,'PATO BRAGADO','4118451',41);
INSERT INTO cidade VALUES(4118501,'PATO BRANCO','4118501',41);
INSERT INTO cidade VALUES(4118600,'PAULA FREITAS','4118600',41);
INSERT INTO cidade VALUES(4118709,'PAULO FRONTIN','4118709',41);
INSERT INTO cidade VALUES(4118808,'PEABIRU','4118808',41);
INSERT INTO cidade VALUES(4118857,'PEROBAL','4118857',41);
INSERT INTO cidade VALUES(4118907,'PEROLA','4118907',41);
INSERT INTO cidade VALUES(4119004,'PEROLA D''OESTE','4119004',41);
INSERT INTO cidade VALUES(4119103,'PIEN','4119103',41);
INSERT INTO cidade VALUES(4119152,'PINHAIS','4119152',41);
INSERT INTO cidade VALUES(4119202,'PINHALAO','4119202',41);
INSERT INTO cidade VALUES(4119251,'PINHAL DE SAO BENTO','4119251',41);
INSERT INTO cidade VALUES(4119301,'PINHAO','4119301',41);
INSERT INTO cidade VALUES(4119400,'PIRAI DO SUL','4119400',41);
INSERT INTO cidade VALUES(4119509,'PIRAQUARA','4119509',41);
INSERT INTO cidade VALUES(4119608,'PITANGA','4119608',41);
INSERT INTO cidade VALUES(4119657,'PITANGUEIRAS','4119657',41);
INSERT INTO cidade VALUES(4119707,'PLANALTINA DO PARANA','4119707',41);
INSERT INTO cidade VALUES(4119806,'PLANALTO','4119806',41);
INSERT INTO cidade VALUES(4119905,'PONTA GROSSA','4119905',41);
INSERT INTO cidade VALUES(4119954,'PONTAL DO PARANA','4119954',41);
INSERT INTO cidade VALUES(4120002,'PORECATU','4120002',41);
INSERT INTO cidade VALUES(4120101,'PORTO AMAZONAS','4120101',41);
INSERT INTO cidade VALUES(4120150,'PORTO BARREIRO','4120150',41);
INSERT INTO cidade VALUES(4120200,'PORTO RICO','4120200',41);
INSERT INTO cidade VALUES(4120309,'PORTO VITORIA','4120309',41);
INSERT INTO cidade VALUES(4120333,'PRADO FERREIRA','4120333',41);
INSERT INTO cidade VALUES(4120358,'PRANCHITA','4120358',41);
INSERT INTO cidade VALUES(4120408,'PRESIDENTE CASTELO BRANCO','4120408',41);
INSERT INTO cidade VALUES(4120507,'PRIMEIRO DE MAIO','4120507',41);
INSERT INTO cidade VALUES(4120606,'PRUDENTOPOLIS','4120606',41);
INSERT INTO cidade VALUES(4120655,'QUARTO CENTENARIO','4120655',41);
INSERT INTO cidade VALUES(4120705,'QUATIGUA','4120705',41);
INSERT INTO cidade VALUES(4120804,'QUATRO BARRAS','4120804',41);
INSERT INTO cidade VALUES(4120853,'QUATRO PONTES','4120853',41);
INSERT INTO cidade VALUES(4120903,'QUEDAS DO IGUACU','4120903',41);
INSERT INTO cidade VALUES(4121000,'QUERENCIA DO NORTE','4121000',41);
INSERT INTO cidade VALUES(4121109,'QUINTA DO SOL','4121109',41);
INSERT INTO cidade VALUES(4121208,'QUITANDINHA','4121208',41);
INSERT INTO cidade VALUES(4121257,'RAMILANDIA','4121257',41);
INSERT INTO cidade VALUES(4121307,'RANCHO ALEGRE','4121307',41);
INSERT INTO cidade VALUES(4121356,'RANCHO ALEGRE D''OESTE','4121356',41);
INSERT INTO cidade VALUES(4121406,'REALEZA','4121406',41);
INSERT INTO cidade VALUES(4121505,'REBOUCAS','4121505',41);
INSERT INTO cidade VALUES(4121604,'RENASCENCA','4121604',41);
INSERT INTO cidade VALUES(4121703,'RESERVA','4121703',41);
INSERT INTO cidade VALUES(4121752,'RESERVA DO IGUACU','4121752',41);
INSERT INTO cidade VALUES(4121802,'RIBEIRAO CLARO','4121802',41);
INSERT INTO cidade VALUES(4121901,'RIBEIRAO DO PINHAL','4121901',41);
INSERT INTO cidade VALUES(4122008,'RIO AZUL','4122008',41);
INSERT INTO cidade VALUES(4122107,'RIO BOM','4122107',41);
INSERT INTO cidade VALUES(4122156,'RIO BONITO DO IGUACU','4122156',41);
INSERT INTO cidade VALUES(4122172,'RIO BRANCO DO IVAI','4122172',41);
INSERT INTO cidade VALUES(4122206,'RIO BRANCO DO SUL','4122206',41);
INSERT INTO cidade VALUES(4122305,'RIO NEGRO','4122305',41);
INSERT INTO cidade VALUES(4122404,'ROLANDIA','4122404',41);
INSERT INTO cidade VALUES(4122503,'RONCADOR','4122503',41);
INSERT INTO cidade VALUES(4122602,'RONDON','4122602',41);
INSERT INTO cidade VALUES(4122651,'ROSARIO DO IVAI','4122651',41);
INSERT INTO cidade VALUES(4122701,'SABAUDIA','4122701',41);
INSERT INTO cidade VALUES(4122800,'SALGADO FILHO','4122800',41);
INSERT INTO cidade VALUES(4122909,'SALTO DO ITARARE','4122909',41);
INSERT INTO cidade VALUES(4123006,'SALTO DO LONTRA','4123006',41);
INSERT INTO cidade VALUES(4123105,'SANTA AMELIA','4123105',41);
INSERT INTO cidade VALUES(4123204,'SANTA CECILIA DO PAVAO','4123204',41);
INSERT INTO cidade VALUES(4123303,'SANTA CRUZ DE MONTE CASTELO','4123303',41);
INSERT INTO cidade VALUES(4123402,'SANTA FE','4123402',41);
INSERT INTO cidade VALUES(4123501,'SANTA HELENA','4123501',41);
INSERT INTO cidade VALUES(4123600,'SANTA INES','4123600',41);
INSERT INTO cidade VALUES(4123709,'SANTA ISABEL DO IVAI','4123709',41);
INSERT INTO cidade VALUES(4123808,'SANTA IZABEL DO OESTE','4123808',41);
INSERT INTO cidade VALUES(4123824,'SANTA LUCIA','4123824',41);
INSERT INTO cidade VALUES(4123857,'SANTA MARIA DO OESTE','4123857',41);
INSERT INTO cidade VALUES(4123907,'SANTA MARIANA','4123907',41);
INSERT INTO cidade VALUES(4123956,'SANTA MONICA','4123956',41);
INSERT INTO cidade VALUES(4124004,'SANTANA DO ITARARE','4124004',41);
INSERT INTO cidade VALUES(4124020,'SANTA TEREZA DO OESTE','4124020',41);
INSERT INTO cidade VALUES(4124053,'SANTA TEREZINHA DE ITAIPU','4124053',41);
INSERT INTO cidade VALUES(4124103,'SANTO ANTONIO DA PLATINA','4124103',41);
INSERT INTO cidade VALUES(4124202,'SANTO ANTONIO DO CAIUA','4124202',41);
INSERT INTO cidade VALUES(4124301,'SANTO ANTONIO DO PARAISO','4124301',41);
INSERT INTO cidade VALUES(4124400,'SANTO ANTONIO DO SUDOESTE','4124400',41);
INSERT INTO cidade VALUES(4124509,'SANTO INACIO','4124509',41);
INSERT INTO cidade VALUES(4124608,'SAO CARLOS DO IVAI','4124608',41);
INSERT INTO cidade VALUES(4124707,'SAO JERONIMO DA SERRA','4124707',41);
INSERT INTO cidade VALUES(4124806,'SAO JOAO','4124806',41);
INSERT INTO cidade VALUES(4124905,'SAO JOAO DO CAIUA','4124905',41);
INSERT INTO cidade VALUES(4125001,'SAO JOAO DO IVAI','4125001',41);
INSERT INTO cidade VALUES(4125100,'SAO JOAO DO TRIUNFO','4125100',41);
INSERT INTO cidade VALUES(4125209,'SAO JORGE D''OESTE','4125209',41);
INSERT INTO cidade VALUES(4125308,'SAO JORGE DO IVAI','4125308',41);
INSERT INTO cidade VALUES(4125357,'SAO JORGE DO PATROCINIO','4125357',41);
INSERT INTO cidade VALUES(4125407,'SAO JOSE DA BOA VISTA','4125407',41);
INSERT INTO cidade VALUES(4125456,'SAO JOSE DAS PALMEIRAS','4125456',41);
INSERT INTO cidade VALUES(4125506,'SAO JOSE DOS PINHAIS','4125506',41);
INSERT INTO cidade VALUES(4125555,'SAO MANOEL DO PARANA','4125555',41);
INSERT INTO cidade VALUES(4125605,'SAO MATEUS DO SUL','4125605',41);
INSERT INTO cidade VALUES(4125704,'SAO MIGUEL DO IGUACU','4125704',41);
INSERT INTO cidade VALUES(4125753,'SAO PEDRO DO IGUACU','4125753',41);
INSERT INTO cidade VALUES(4125803,'SAO PEDRO DO IVAI','4125803',41);
INSERT INTO cidade VALUES(4125902,'SAO PEDRO DO PARANA','4125902',41);
INSERT INTO cidade VALUES(4126009,'SAO SEBASTIAO DA AMOREIRA','4126009',41);
INSERT INTO cidade VALUES(4126108,'SAO TOME','4126108',41);
INSERT INTO cidade VALUES(4126207,'SAPOPEMA','4126207',41);
INSERT INTO cidade VALUES(4126256,'SARANDI','4126256',41);
INSERT INTO cidade VALUES(4126272,'SAUDADE DO IGUACU','4126272',41);
INSERT INTO cidade VALUES(4126306,'SENGES','4126306',41);
INSERT INTO cidade VALUES(4126355,'SERRANOPOLIS DO IGUACU','4126355',41);
INSERT INTO cidade VALUES(4126405,'SERTANEJA','4126405',41);
INSERT INTO cidade VALUES(4126504,'SERTANOPOLIS','4126504',41);
INSERT INTO cidade VALUES(4126603,'SIQUEIRA CAMPOS','4126603',41);
INSERT INTO cidade VALUES(4126652,'SULINA','4126652',41);
INSERT INTO cidade VALUES(4126678,'TAMARANA','4126678',41);
INSERT INTO cidade VALUES(4126702,'TAMBOARA','4126702',41);
INSERT INTO cidade VALUES(4126801,'TAPEJARA','4126801',41);
INSERT INTO cidade VALUES(4126900,'TAPIRA','4126900',41);
INSERT INTO cidade VALUES(4127007,'TEIXEIRA SOARES','4127007',41);
INSERT INTO cidade VALUES(4127106,'TELEMACO BORBA','4127106',41);
INSERT INTO cidade VALUES(4127205,'TERRA BOA','4127205',41);
INSERT INTO cidade VALUES(4127304,'TERRA RICA','4127304',41);
INSERT INTO cidade VALUES(4127403,'TERRA ROXA','4127403',41);
INSERT INTO cidade VALUES(4127502,'TIBAGI','4127502',41);
INSERT INTO cidade VALUES(4127601,'TIJUCAS DO SUL','4127601',41);
INSERT INTO cidade VALUES(4127700,'TOLEDO','4127700',41);
INSERT INTO cidade VALUES(4127809,'TOMAZINA','4127809',41);
INSERT INTO cidade VALUES(4127858,'TRES BARRAS DO PARANA','4127858',41);
INSERT INTO cidade VALUES(4127882,'TUNAS DO PARANA','4127882',41);
INSERT INTO cidade VALUES(4127908,'TUNEIRAS DO OESTE','4127908',41);
INSERT INTO cidade VALUES(4127957,'TUPASSI','4127957',41);
INSERT INTO cidade VALUES(4127965,'TURVO','4127965',41);
INSERT INTO cidade VALUES(4128005,'UBIRATA','4128005',41);
INSERT INTO cidade VALUES(4128104,'UMUARAMA','4128104',41);
INSERT INTO cidade VALUES(4128203,'UNIAO DA VITORIA','4128203',41);
INSERT INTO cidade VALUES(4128302,'UNIFLOR','4128302',41);
INSERT INTO cidade VALUES(4128401,'URAI','4128401',41);
INSERT INTO cidade VALUES(4128500,'WENCESLAU BRAZ','4128500',41);
INSERT INTO cidade VALUES(4128534,'VENTANIA','4128534',41);
INSERT INTO cidade VALUES(4128559,'VERA CRUZ DO OESTE','4128559',41);
INSERT INTO cidade VALUES(4128609,'VERE','4128609',41);
INSERT INTO cidade VALUES(4128625,'ALTO PARAISO','4128625',41);
INSERT INTO cidade VALUES(4128633,'DOUTOR ULYSSES','4128633',41);
INSERT INTO cidade VALUES(4128658,'VIRMOND','4128658',41);
INSERT INTO cidade VALUES(4128708,'VITORINO','4128708',41);
INSERT INTO cidade VALUES(4128807,'XAMBRE','4128807',41);
INSERT INTO cidade VALUES(4200051,'ABDON BATISTA','4200051',42);
INSERT INTO cidade VALUES(4200101,'ABELARDO LUZ','4200101',42);
INSERT INTO cidade VALUES(4200200,'AGROLANDIA','4200200',42);
INSERT INTO cidade VALUES(4200309,'AGRONOMICA','4200309',42);
INSERT INTO cidade VALUES(4200408,'AGUA DOCE','4200408',42);
INSERT INTO cidade VALUES(4200507,'AGUAS DE CHAPECO','4200507',42);
INSERT INTO cidade VALUES(4200556,'AGUAS FRIAS','4200556',42);
INSERT INTO cidade VALUES(4200606,'AGUAS MORNAS','4200606',42);
INSERT INTO cidade VALUES(4200705,'ALFREDO WAGNER','4200705',42);
INSERT INTO cidade VALUES(4200754,'ALTO BELA VISTA','4200754',42);
INSERT INTO cidade VALUES(4200804,'ANCHIETA','4200804',42);
INSERT INTO cidade VALUES(4200903,'ANGELINA','4200903',42);
INSERT INTO cidade VALUES(4201000,'ANITA GARIBALDI','4201000',42);
INSERT INTO cidade VALUES(4201109,'ANITAPOLIS','4201109',42);
INSERT INTO cidade VALUES(4201208,'ANTONIO CARLOS','4201208',42);
INSERT INTO cidade VALUES(4201257,'APIUNA','4201257',42);
INSERT INTO cidade VALUES(4201273,'ARABUTA','4201273',42);
INSERT INTO cidade VALUES(4201307,'ARAQUARI','4201307',42);
INSERT INTO cidade VALUES(4201406,'ARARANGUA','4201406',42);
INSERT INTO cidade VALUES(4201505,'ARMAZEM','4201505',42);
INSERT INTO cidade VALUES(4201604,'ARROIO TRINTA','4201604',42);
INSERT INTO cidade VALUES(4201653,'ARVOREDO','4201653',42);
INSERT INTO cidade VALUES(4201703,'ASCURRA','4201703',42);
INSERT INTO cidade VALUES(4201802,'ATALANTA','4201802',42);
INSERT INTO cidade VALUES(4201901,'AURORA','4201901',42);
INSERT INTO cidade VALUES(4201950,'BALNEARIO ARROIO DO SILVA','4201950',42);
INSERT INTO cidade VALUES(4202008,'BALNEARIO CAMBORIU','4202008',42);
INSERT INTO cidade VALUES(4202057,'BALNEARIO BARRA DO SUL','4202057',42);
INSERT INTO cidade VALUES(4202073,'BALNEARIO GAIVOTA','4202073',42);
INSERT INTO cidade VALUES(4202081,'BANDEIRANTE','4202081',42);
INSERT INTO cidade VALUES(4202099,'BARRA BONITA','4202099',42);
INSERT INTO cidade VALUES(4202107,'BARRA VELHA','4202107',42);
INSERT INTO cidade VALUES(4202131,'BELA VISTA DO TOLDO','4202131',42);
INSERT INTO cidade VALUES(4202156,'BELMONTE','4202156',42);
INSERT INTO cidade VALUES(4202206,'BENEDITO NOVO','4202206',42);
INSERT INTO cidade VALUES(4202305,'BIGUACU','4202305',42);
INSERT INTO cidade VALUES(4202404,'BLUMENAU','4202404',42);
INSERT INTO cidade VALUES(4202438,'BOCAINA DO SUL','4202438',42);
INSERT INTO cidade VALUES(4202453,'BOMBINHAS','4202453',42);
INSERT INTO cidade VALUES(4202503,'BOM JARDIM DA SERRA','4202503',42);
INSERT INTO cidade VALUES(4202537,'BOM JESUS','4202537',42);
INSERT INTO cidade VALUES(4202578,'BOM JESUS DO OESTE','4202578',42);
INSERT INTO cidade VALUES(4202602,'BOM RETIRO','4202602',42);
INSERT INTO cidade VALUES(4202701,'BOTUVERA','4202701',42);
INSERT INTO cidade VALUES(4202800,'BRACO DO NORTE','4202800',42);
INSERT INTO cidade VALUES(4202859,'BRACO DO TROMBUDO','4202859',42);
INSERT INTO cidade VALUES(4202875,'BRUNOPOLIS','4202875',42);
INSERT INTO cidade VALUES(4202909,'BRUSQUE','4202909',42);
INSERT INTO cidade VALUES(4203006,'CACADOR','4203006',42);
INSERT INTO cidade VALUES(4203105,'CAIBI','4203105',42);
INSERT INTO cidade VALUES(4203154,'CALMON','4203154',42);
INSERT INTO cidade VALUES(4203204,'CAMBORIU','4203204',42);
INSERT INTO cidade VALUES(4203253,'CAPAO ALTO','4203253',42);
INSERT INTO cidade VALUES(4203303,'CAMPO ALEGRE','4203303',42);
INSERT INTO cidade VALUES(4203402,'CAMPO BELO DO SUL','4203402',42);
INSERT INTO cidade VALUES(4203501,'CAMPO ERE','4203501',42);
INSERT INTO cidade VALUES(4203600,'CAMPOS NOVOS','4203600',42);
INSERT INTO cidade VALUES(4203709,'CANELINHA','4203709',42);
INSERT INTO cidade VALUES(4203808,'CANOINHAS','4203808',42);
INSERT INTO cidade VALUES(4203907,'CAPINZAL','4203907',42);
INSERT INTO cidade VALUES(4203956,'CAPIVARI DE BAIXO','4203956',42);
INSERT INTO cidade VALUES(4204004,'CATANDUVAS','4204004',42);
INSERT INTO cidade VALUES(4204103,'CAXAMBU DO SUL','4204103',42);
INSERT INTO cidade VALUES(4204152,'CELSO RAMOS','4204152',42);
INSERT INTO cidade VALUES(4204178,'CERRO NEGRO','4204178',42);
INSERT INTO cidade VALUES(4204194,'CHAPADAO DO LAGEADO','4204194',42);
INSERT INTO cidade VALUES(4204202,'CHAPECO','4204202',42);
INSERT INTO cidade VALUES(4204251,'COCAL DO SUL','4204251',42);
INSERT INTO cidade VALUES(4204301,'CONCORDIA','4204301',42);
INSERT INTO cidade VALUES(4204350,'CORDILHEIRA ALTA','4204350',42);
INSERT INTO cidade VALUES(4204400,'CORONEL FREITAS','4204400',42);
INSERT INTO cidade VALUES(4204459,'CORONEL MARTINS','4204459',42);
INSERT INTO cidade VALUES(4204509,'CORUPA','4204509',42);
INSERT INTO cidade VALUES(4204558,'CORREIA PINTO','4204558',42);
INSERT INTO cidade VALUES(4204608,'CRICIUMA','4204608',42);
INSERT INTO cidade VALUES(4204707,'CUNHA PORA','4204707',42);
INSERT INTO cidade VALUES(4204756,'CUNHATAI','4204756',42);
INSERT INTO cidade VALUES(4204806,'CURITIBANOS','4204806',42);
INSERT INTO cidade VALUES(4204905,'DESCANSO','4204905',42);
INSERT INTO cidade VALUES(4205001,'DIONISIO CERQUEIRA','4205001',42);
INSERT INTO cidade VALUES(4205100,'DONA EMMA','4205100',42);
INSERT INTO cidade VALUES(4205159,'DOUTOR PEDRINHO','4205159',42);
INSERT INTO cidade VALUES(4205175,'ENTRE RIOS','4205175',42);
INSERT INTO cidade VALUES(4205191,'ERMO','4205191',42);
INSERT INTO cidade VALUES(4205209,'ERVAL VELHO','4205209',42);
INSERT INTO cidade VALUES(4205308,'FAXINAL DOS GUEDES','4205308',42);
INSERT INTO cidade VALUES(4205357,'FLOR DO SERTAO','4205357',42);
INSERT INTO cidade VALUES(4205407,'FLORIANOPOLIS','4205407',42);
INSERT INTO cidade VALUES(4205431,'FORMOSA DO SUL','4205431',42);
INSERT INTO cidade VALUES(4205456,'FORQUILHINHA','4205456',42);
INSERT INTO cidade VALUES(4205506,'FRAIBURGO','4205506',42);
INSERT INTO cidade VALUES(4205555,'FREI ROGERIO','4205555',42);
INSERT INTO cidade VALUES(4205605,'GALVAO','4205605',42);
INSERT INTO cidade VALUES(4205704,'GAROPABA','4205704',42);
INSERT INTO cidade VALUES(4205803,'GARUVA','4205803',42);
INSERT INTO cidade VALUES(4205902,'GASPAR','4205902',42);
INSERT INTO cidade VALUES(4206009,'GOVERNADOR CELSO RAMOS','4206009',42);
INSERT INTO cidade VALUES(4206108,'GRAO PARA','4206108',42);
INSERT INTO cidade VALUES(4206207,'GRAVATAL','4206207',42);
INSERT INTO cidade VALUES(4206306,'GUABIRUBA','4206306',42);
INSERT INTO cidade VALUES(4206405,'GUARACIABA','4206405',42);
INSERT INTO cidade VALUES(4206504,'GUARAMIRIM','4206504',42);
INSERT INTO cidade VALUES(4206603,'GUARUJA DO SUL','4206603',42);
INSERT INTO cidade VALUES(4206652,'GUATAMBU','4206652',42);
INSERT INTO cidade VALUES(4206702,'HERVAL D''OESTE','4206702',42);
INSERT INTO cidade VALUES(4206751,'IBIAM','4206751',42);
INSERT INTO cidade VALUES(4206801,'IBICARE','4206801',42);
INSERT INTO cidade VALUES(4206900,'IBIRAMA','4206900',42);
INSERT INTO cidade VALUES(4207007,'ICARA','4207007',42);
INSERT INTO cidade VALUES(4207106,'ILHOTA','4207106',42);
INSERT INTO cidade VALUES(4207205,'IMARUI','4207205',42);
INSERT INTO cidade VALUES(4207304,'IMBITUBA','4207304',42);
INSERT INTO cidade VALUES(4207403,'IMBUIA','4207403',42);
INSERT INTO cidade VALUES(4207502,'INDAIAL','4207502',42);
INSERT INTO cidade VALUES(4207577,'IOMERE','4207577',42);
INSERT INTO cidade VALUES(4207601,'IPIRA','4207601',42);
INSERT INTO cidade VALUES(4207650,'IPORA DO OESTE','4207650',42);
INSERT INTO cidade VALUES(4207684,'IPUACU','4207684',42);
INSERT INTO cidade VALUES(4207700,'IPUMIRIM','4207700',42);
INSERT INTO cidade VALUES(4207759,'IRACEMINHA','4207759',42);
INSERT INTO cidade VALUES(4207809,'IRANI','4207809',42);
INSERT INTO cidade VALUES(4207858,'IRATI','4207858',42);
INSERT INTO cidade VALUES(4207908,'IRINEOPOLIS','4207908',42);
INSERT INTO cidade VALUES(4208005,'ITA','4208005',42);
INSERT INTO cidade VALUES(4208104,'ITAIOPOLIS','4208104',42);
INSERT INTO cidade VALUES(4208203,'ITAJAI','4208203',42);
INSERT INTO cidade VALUES(4208302,'ITAPEMA','4208302',42);
INSERT INTO cidade VALUES(4208401,'ITAPIRANGA','4208401',42);
INSERT INTO cidade VALUES(4208450,'ITAPOA','4208450',42);
INSERT INTO cidade VALUES(4208500,'ITUPORANGA','4208500',42);
INSERT INTO cidade VALUES(4208609,'JABORA','4208609',42);
INSERT INTO cidade VALUES(4208708,'JACINTO MACHADO','4208708',42);
INSERT INTO cidade VALUES(4208807,'JAGUARUNA','4208807',42);
INSERT INTO cidade VALUES(4208906,'JARAGUA DO SUL','4208906',42);
INSERT INTO cidade VALUES(4208955,'JARDINOPOLIS','4208955',42);
INSERT INTO cidade VALUES(4209003,'JOACABA','4209003',42);
INSERT INTO cidade VALUES(4209102,'JOINVILLE','4209102',42);
INSERT INTO cidade VALUES(4209151,'JOSE BOITEUX','4209151',42);
INSERT INTO cidade VALUES(4209177,'JUPIA','4209177',42);
INSERT INTO cidade VALUES(4209201,'LACERDOPOLIS','4209201',42);
INSERT INTO cidade VALUES(4209300,'LAGES','4209300',42);
INSERT INTO cidade VALUES(4209409,'LAGUNA','4209409',42);
INSERT INTO cidade VALUES(4209458,'LAJEADO GRANDE','4209458',42);
INSERT INTO cidade VALUES(4209508,'LAURENTINO','4209508',42);
INSERT INTO cidade VALUES(4209607,'LAURO MULLER','4209607',42);
INSERT INTO cidade VALUES(4209706,'LEBON REGIS','4209706',42);
INSERT INTO cidade VALUES(4209805,'LEOBERTO LEAL','4209805',42);
INSERT INTO cidade VALUES(4209854,'LINDOIA DO SUL','4209854',42);
INSERT INTO cidade VALUES(4209904,'LONTRAS','4209904',42);
INSERT INTO cidade VALUES(4210001,'LUIZ ALVES','4210001',42);
INSERT INTO cidade VALUES(4210035,'LUZERNA','4210035',42);
INSERT INTO cidade VALUES(4210050,'MACIEIRA','4210050',42);
INSERT INTO cidade VALUES(4210100,'MAFRA','4210100',42);
INSERT INTO cidade VALUES(4210209,'MAJOR GERCINO','4210209',42);
INSERT INTO cidade VALUES(4210308,'MAJOR VIEIRA','4210308',42);
INSERT INTO cidade VALUES(4210407,'MARACAJA','4210407',42);
INSERT INTO cidade VALUES(4210506,'MARAVILHA','4210506',42);
INSERT INTO cidade VALUES(4210555,'MAREMA','4210555',42);
INSERT INTO cidade VALUES(4210605,'MASSARANDUBA','4210605',42);
INSERT INTO cidade VALUES(4210704,'MATOS COSTA','4210704',42);
INSERT INTO cidade VALUES(4210803,'MELEIRO','4210803',42);
INSERT INTO cidade VALUES(4210852,'MIRIM DOCE','4210852',42);
INSERT INTO cidade VALUES(4210902,'MODELO','4210902',42);
INSERT INTO cidade VALUES(4211009,'MONDAI','4211009',42);
INSERT INTO cidade VALUES(4211058,'MONTE CARLO','4211058',42);
INSERT INTO cidade VALUES(4211108,'MONTE CASTELO','4211108',42);
INSERT INTO cidade VALUES(4211207,'MORRO DA FUMACA','4211207',42);
INSERT INTO cidade VALUES(4211256,'MORRO GRANDE','4211256',42);
INSERT INTO cidade VALUES(4211306,'NAVEGANTES','4211306',42);
INSERT INTO cidade VALUES(4211405,'NOVA ERECHIM','4211405',42);
INSERT INTO cidade VALUES(4211454,'NOVA ITABERABA','4211454',42);
INSERT INTO cidade VALUES(4211504,'NOVA TRENTO','4211504',42);
INSERT INTO cidade VALUES(4211603,'NOVA VENEZA','4211603',42);
INSERT INTO cidade VALUES(4211652,'NOVO HORIZONTE','4211652',42);
INSERT INTO cidade VALUES(4211702,'ORLEANS','4211702',42);
INSERT INTO cidade VALUES(4211751,'OTACILIO COSTA','4211751',42);
INSERT INTO cidade VALUES(4211801,'OURO','4211801',42);
INSERT INTO cidade VALUES(4211850,'OURO VERDE','4211850',42);
INSERT INTO cidade VALUES(4211876,'PAIAL','4211876',42);
INSERT INTO cidade VALUES(4211892,'PAINEL','4211892',42);
INSERT INTO cidade VALUES(4211900,'PALHOCA','4211900',42);
INSERT INTO cidade VALUES(4212007,'PALMA SOLA','4212007',42);
INSERT INTO cidade VALUES(4212056,'PALMEIRA','4212056',42);
INSERT INTO cidade VALUES(4212106,'PALMITOS','4212106',42);
INSERT INTO cidade VALUES(4212205,'PAPANDUVA','4212205',42);
INSERT INTO cidade VALUES(4212239,'PARAISO','4212239',42);
INSERT INTO cidade VALUES(4212254,'PASSO DE TORRES','4212254',42);
INSERT INTO cidade VALUES(4212270,'PASSOS MAIA','4212270',42);
INSERT INTO cidade VALUES(4212304,'PAULO LOPES','4212304',42);
INSERT INTO cidade VALUES(4212403,'PEDRAS GRANDES','4212403',42);
INSERT INTO cidade VALUES(4212502,'PENHA','4212502',42);
INSERT INTO cidade VALUES(4212601,'PERITIBA','4212601',42);
INSERT INTO cidade VALUES(4212700,'PETROLANDIA','4212700',42);
INSERT INTO cidade VALUES(4212809,'BALNEARIO PICARRAS','4212809',42);
INSERT INTO cidade VALUES(4212908,'PINHALZINHO','4212908',42);
INSERT INTO cidade VALUES(4213005,'PINHEIRO PRETO','4213005',42);
INSERT INTO cidade VALUES(4213104,'PIRATUBA','4213104',42);
INSERT INTO cidade VALUES(4213153,'PLANALTO ALEGRE','4213153',42);
INSERT INTO cidade VALUES(4213203,'POMERODE','4213203',42);
INSERT INTO cidade VALUES(4213302,'PONTE ALTA','4213302',42);
INSERT INTO cidade VALUES(4213351,'PONTE ALTA DO NORTE','4213351',42);
INSERT INTO cidade VALUES(4213401,'PONTE SERRADA','4213401',42);
INSERT INTO cidade VALUES(4213500,'PORTO BELO','4213500',42);
INSERT INTO cidade VALUES(4213609,'PORTO UNIAO','4213609',42);
INSERT INTO cidade VALUES(4213708,'POUSO REDONDO','4213708',42);
INSERT INTO cidade VALUES(4213807,'PRAIA GRANDE','4213807',42);
INSERT INTO cidade VALUES(4213906,'PRESIDENTE CASTELLO BRANCO','4213906',42);
INSERT INTO cidade VALUES(4214003,'PRESIDENTE GETULIO','4214003',42);
INSERT INTO cidade VALUES(4214102,'PRESIDENTE NEREU','4214102',42);
INSERT INTO cidade VALUES(4214151,'PRINCESA','4214151',42);
INSERT INTO cidade VALUES(4214201,'QUILOMBO','4214201',42);
INSERT INTO cidade VALUES(4214300,'RANCHO QUEIMADO','4214300',42);
INSERT INTO cidade VALUES(4214409,'RIO DAS ANTAS','4214409',42);
INSERT INTO cidade VALUES(4214508,'RIO DO CAMPO','4214508',42);
INSERT INTO cidade VALUES(4214607,'RIO DO OESTE','4214607',42);
INSERT INTO cidade VALUES(4214706,'RIO DOS CEDROS','4214706',42);
INSERT INTO cidade VALUES(4214805,'RIO DO SUL','4214805',42);
INSERT INTO cidade VALUES(4214904,'RIO FORTUNA','4214904',42);
INSERT INTO cidade VALUES(4215000,'RIO NEGRINHO','4215000',42);
INSERT INTO cidade VALUES(4215059,'RIO RUFINO','4215059',42);
INSERT INTO cidade VALUES(4215075,'RIQUEZA','4215075',42);
INSERT INTO cidade VALUES(4215109,'RODEIO','4215109',42);
INSERT INTO cidade VALUES(4215208,'ROMELANDIA','4215208',42);
INSERT INTO cidade VALUES(4215307,'SALETE','4215307',42);
INSERT INTO cidade VALUES(4215356,'SALTINHO','4215356',42);
INSERT INTO cidade VALUES(4215406,'SALTO VELOSO','4215406',42);
INSERT INTO cidade VALUES(4215455,'SANGAO','4215455',42);
INSERT INTO cidade VALUES(4215505,'SANTA CECILIA','4215505',42);
INSERT INTO cidade VALUES(4215554,'SANTA HELENA','4215554',42);
INSERT INTO cidade VALUES(4215604,'SANTA ROSA DE LIMA','4215604',42);
INSERT INTO cidade VALUES(4215653,'SANTA ROSA DO SUL','4215653',42);
INSERT INTO cidade VALUES(4215679,'SANTA TEREZINHA','4215679',42);
INSERT INTO cidade VALUES(4215687,'SANTA TEREZINHA DO PROGRESSO','4215687',42);
INSERT INTO cidade VALUES(4215695,'SANTIAGO DO SUL','4215695',42);
INSERT INTO cidade VALUES(4215703,'SANTO AMARO DA IMPERATRIZ','4215703',42);
INSERT INTO cidade VALUES(4215752,'SAO BERNARDINO','4215752',42);
INSERT INTO cidade VALUES(4215802,'SAO BENTO DO SUL','4215802',42);
INSERT INTO cidade VALUES(4215901,'SAO BONIFACIO','4215901',42);
INSERT INTO cidade VALUES(4216008,'SAO CARLOS','4216008',42);
INSERT INTO cidade VALUES(4216057,'SAO CRISTOVAO DO SUL','4216057',42);
INSERT INTO cidade VALUES(4216107,'SAO DOMINGOS','4216107',42);
INSERT INTO cidade VALUES(4216206,'SAO FRANCISCO DO SUL','4216206',42);
INSERT INTO cidade VALUES(4216255,'SAO JOAO DO OESTE','4216255',42);
INSERT INTO cidade VALUES(4216305,'SAO JOAO BATISTA','4216305',42);
INSERT INTO cidade VALUES(4216354,'SAO JOAO DO ITAPERIU','4216354',42);
INSERT INTO cidade VALUES(4216404,'SAO JOAO DO SUL','4216404',42);
INSERT INTO cidade VALUES(4216503,'SAO JOAQUIM','4216503',42);
INSERT INTO cidade VALUES(4216602,'SAO JOSE','4216602',42);
INSERT INTO cidade VALUES(4216701,'SAO JOSE DO CEDRO','4216701',42);
INSERT INTO cidade VALUES(4216800,'SAO JOSE DO CERRITO','4216800',42);
INSERT INTO cidade VALUES(4216909,'SAO LOURENCO DO OESTE','4216909',42);
INSERT INTO cidade VALUES(4217006,'SAO LUDGERO','4217006',42);
INSERT INTO cidade VALUES(4217105,'SAO MARTINHO','4217105',42);
INSERT INTO cidade VALUES(4217154,'SAO MIGUEL DA BOA VISTA','4217154',42);
INSERT INTO cidade VALUES(4217204,'SAO MIGUEL DO OESTE','4217204',42);
INSERT INTO cidade VALUES(4217253,'SAO PEDRO DE ALCANTARA','4217253',42);
INSERT INTO cidade VALUES(4217303,'SAUDADES','4217303',42);
INSERT INTO cidade VALUES(4217402,'SCHROEDER','4217402',42);
INSERT INTO cidade VALUES(4217501,'SEARA','4217501',42);
INSERT INTO cidade VALUES(4217550,'SERRA ALTA','4217550',42);
INSERT INTO cidade VALUES(4217600,'SIDEROPOLIS','4217600',42);
INSERT INTO cidade VALUES(4217709,'SOMBRIO','4217709',42);
INSERT INTO cidade VALUES(4217758,'SUL BRASIL','4217758',42);
INSERT INTO cidade VALUES(4217808,'TAIO','4217808',42);
INSERT INTO cidade VALUES(4217907,'TANGARA','4217907',42);
INSERT INTO cidade VALUES(4217956,'TIGRINHOS','4217956',42);
INSERT INTO cidade VALUES(4218004,'TIJUCAS','4218004',42);
INSERT INTO cidade VALUES(4218103,'TIMBE DO SUL','4218103',42);
INSERT INTO cidade VALUES(4218202,'TIMBO','4218202',42);
INSERT INTO cidade VALUES(4218251,'TIMBO GRANDE','4218251',42);
INSERT INTO cidade VALUES(4218301,'TRES BARRAS','4218301',42);
INSERT INTO cidade VALUES(4218350,'TREVISO','4218350',42);
INSERT INTO cidade VALUES(4218400,'TREZE DE MAIO','4218400',42);
INSERT INTO cidade VALUES(4218509,'TREZE TILIAS','4218509',42);
INSERT INTO cidade VALUES(4218608,'TROMBUDO CENTRAL','4218608',42);
INSERT INTO cidade VALUES(4218707,'TUBARAO','4218707',42);
INSERT INTO cidade VALUES(4218756,'TUNAPOLIS','4218756',42);
INSERT INTO cidade VALUES(4218806,'TURVO','4218806',42);
INSERT INTO cidade VALUES(4218855,'UNIAO DO OESTE','4218855',42);
INSERT INTO cidade VALUES(4218905,'URUBICI','4218905',42);
INSERT INTO cidade VALUES(4218954,'URUPEMA','4218954',42);
INSERT INTO cidade VALUES(4219002,'URUSSANGA','4219002',42);
INSERT INTO cidade VALUES(4219101,'VARGEAO','4219101',42);
INSERT INTO cidade VALUES(4219150,'VARGEM','4219150',42);
INSERT INTO cidade VALUES(4219176,'VARGEM BONITA','4219176',42);
INSERT INTO cidade VALUES(4219200,'VIDAL RAMOS','4219200',42);
INSERT INTO cidade VALUES(4219309,'VIDEIRA','4219309',42);
INSERT INTO cidade VALUES(4219358,'VITOR MEIRELES','4219358',42);
INSERT INTO cidade VALUES(4219408,'WITMARSUM','4219408',42);
INSERT INTO cidade VALUES(4219507,'XANXERE','4219507',42);
INSERT INTO cidade VALUES(4219606,'XAVANTINA','4219606',42);
INSERT INTO cidade VALUES(4219705,'XAXIM','4219705',42);
INSERT INTO cidade VALUES(4219853,'ZORTEA','4219853',42);
INSERT INTO cidade VALUES(4300034,'ACEGUA','4300034',43);
INSERT INTO cidade VALUES(4300059,'AGUA SANTA','4300059',43);
INSERT INTO cidade VALUES(4300109,'AGUDO','4300109',43);
INSERT INTO cidade VALUES(4300208,'AJURICABA','4300208',43);
INSERT INTO cidade VALUES(4300307,'ALECRIM','4300307',43);
INSERT INTO cidade VALUES(4300406,'ALEGRETE','4300406',43);
INSERT INTO cidade VALUES(4300455,'ALEGRIA','4300455',43);
INSERT INTO cidade VALUES(4300471,'ALMIRANTE TAMANDARE DO SUL','4300471',43);
INSERT INTO cidade VALUES(4300505,'ALPESTRE','4300505',43);
INSERT INTO cidade VALUES(4300554,'ALTO ALEGRE','4300554',43);
INSERT INTO cidade VALUES(4300570,'ALTO FELIZ','4300570',43);
INSERT INTO cidade VALUES(4300604,'ALVORADA','4300604',43);
INSERT INTO cidade VALUES(4300638,'AMARAL FERRADOR','4300638',43);
INSERT INTO cidade VALUES(4300646,'AMETISTA DO SUL','4300646',43);
INSERT INTO cidade VALUES(4300661,'ANDRE DA ROCHA','4300661',43);
INSERT INTO cidade VALUES(4300703,'ANTA GORDA','4300703',43);
INSERT INTO cidade VALUES(4300802,'ANTONIO PRADO','4300802',43);
INSERT INTO cidade VALUES(4300851,'ARAMBARE','4300851',43);
INSERT INTO cidade VALUES(4300877,'ARARICA','4300877',43);
INSERT INTO cidade VALUES(4300901,'ARATIBA','4300901',43);
INSERT INTO cidade VALUES(4301008,'ARROIO DO MEIO','4301008',43);
INSERT INTO cidade VALUES(4301057,'ARROIO DO SAL','4301057',43);
INSERT INTO cidade VALUES(4301073,'ARROIO DO PADRE','4301073',43);
INSERT INTO cidade VALUES(4301107,'ARROIO DOS RATOS','4301107',43);
INSERT INTO cidade VALUES(4301206,'ARROIO DO TIGRE','4301206',43);
INSERT INTO cidade VALUES(4301305,'ARROIO GRANDE','4301305',43);
INSERT INTO cidade VALUES(4301404,'ARVOREZINHA','4301404',43);
INSERT INTO cidade VALUES(4301503,'AUGUSTO PESTANA','4301503',43);
INSERT INTO cidade VALUES(4301552,'AUREA','4301552',43);
INSERT INTO cidade VALUES(4301602,'BAGE','4301602',43);
INSERT INTO cidade VALUES(4301636,'BALNEARIO PINHAL','4301636',43);
INSERT INTO cidade VALUES(4301651,'BARAO','4301651',43);
INSERT INTO cidade VALUES(4301701,'BARAO DE COTEGIPE','4301701',43);
INSERT INTO cidade VALUES(4301750,'BARAO DO TRIUNFO','4301750',43);
INSERT INTO cidade VALUES(4301800,'BARRACAO','4301800',43);
INSERT INTO cidade VALUES(4301859,'BARRA DO GUARITA','4301859',43);
INSERT INTO cidade VALUES(4301875,'BARRA DO QUARAI','4301875',43);
INSERT INTO cidade VALUES(4301909,'BARRA DO RIBEIRO','4301909',43);
INSERT INTO cidade VALUES(4301925,'BARRA DO RIO AZUL','4301925',43);
INSERT INTO cidade VALUES(4301958,'BARRA FUNDA','4301958',43);
INSERT INTO cidade VALUES(4302006,'BARROS CASSAL','4302006',43);
INSERT INTO cidade VALUES(4302055,'BENJAMIN CONSTANT DO SUL','4302055',43);
INSERT INTO cidade VALUES(4302105,'BENTO GONCALVES','4302105',43);
INSERT INTO cidade VALUES(4302154,'BOA VISTA DAS MISSOES','4302154',43);
INSERT INTO cidade VALUES(4302204,'BOA VISTA DO BURICA','4302204',43);
INSERT INTO cidade VALUES(4302220,'BOA VISTA DO CADEADO','4302220',43);
INSERT INTO cidade VALUES(4302238,'BOA VISTA DO INCRA','4302238',43);
INSERT INTO cidade VALUES(4302253,'BOA VISTA DO SUL','4302253',43);
INSERT INTO cidade VALUES(4302303,'BOM JESUS','4302303',43);
INSERT INTO cidade VALUES(4302352,'BOM PRINCIPIO','4302352',43);
INSERT INTO cidade VALUES(4302378,'BOM PROGRESSO','4302378',43);
INSERT INTO cidade VALUES(4302402,'BOM RETIRO DO SUL','4302402',43);
INSERT INTO cidade VALUES(4302451,'BOQUEIRAO DO LEAO','4302451',43);
INSERT INTO cidade VALUES(4302501,'BOSSOROCA','4302501',43);
INSERT INTO cidade VALUES(4302584,'BOZANO','4302584',43);
INSERT INTO cidade VALUES(4302600,'BRAGA','4302600',43);
INSERT INTO cidade VALUES(4302659,'BROCHIER','4302659',43);
INSERT INTO cidade VALUES(4302709,'BUTIA','4302709',43);
INSERT INTO cidade VALUES(4302808,'CACAPAVA DO SUL','4302808',43);
INSERT INTO cidade VALUES(4302907,'CACEQUI','4302907',43);
INSERT INTO cidade VALUES(4303004,'CACHOEIRA DO SUL','4303004',43);
INSERT INTO cidade VALUES(4303103,'CACHOEIRINHA','4303103',43);
INSERT INTO cidade VALUES(4303202,'CACIQUE DOBLE','4303202',43);
INSERT INTO cidade VALUES(4303301,'CAIBATE','4303301',43);
INSERT INTO cidade VALUES(4303400,'CAICARA','4303400',43);
INSERT INTO cidade VALUES(4303509,'CAMAQUA','4303509',43);
INSERT INTO cidade VALUES(4303558,'CAMARGO','4303558',43);
INSERT INTO cidade VALUES(4303608,'CAMBARA DO SUL','4303608',43);
INSERT INTO cidade VALUES(4303673,'CAMPESTRE DA SERRA','4303673',43);
INSERT INTO cidade VALUES(4303707,'CAMPINA DAS MISSOES','4303707',43);
INSERT INTO cidade VALUES(4303806,'CAMPINAS DO SUL','4303806',43);
INSERT INTO cidade VALUES(4303905,'CAMPO BOM','4303905',43);
INSERT INTO cidade VALUES(4304002,'CAMPO NOVO','4304002',43);
INSERT INTO cidade VALUES(4304101,'CAMPOS BORGES','4304101',43);
INSERT INTO cidade VALUES(4304200,'CANDELARIA','4304200',43);
INSERT INTO cidade VALUES(4304309,'CANDIDO GODOI','4304309',43);
INSERT INTO cidade VALUES(4304358,'CANDIOTA','4304358',43);
INSERT INTO cidade VALUES(4304408,'CANELA','4304408',43);
INSERT INTO cidade VALUES(4304507,'CANGUCU','4304507',43);
INSERT INTO cidade VALUES(4304606,'CANOAS','4304606',43);
INSERT INTO cidade VALUES(4304614,'CANUDOS DO VALE','4304614',43);
INSERT INTO cidade VALUES(4304622,'CAPAO BONITO DO SUL','4304622',43);
INSERT INTO cidade VALUES(4304630,'CAPAO DA CANOA','4304630',43);
INSERT INTO cidade VALUES(4304655,'CAPAO DO CIPO','4304655',43);
INSERT INTO cidade VALUES(4304663,'CAPAO DO LEAO','4304663',43);
INSERT INTO cidade VALUES(4304671,'CAPIVARI DO SUL','4304671',43);
INSERT INTO cidade VALUES(4304689,'CAPELA DE SANTANA','4304689',43);
INSERT INTO cidade VALUES(4304697,'CAPITAO','4304697',43);
INSERT INTO cidade VALUES(4304705,'CARAZINHO','4304705',43);
INSERT INTO cidade VALUES(4304713,'CARAA','4304713',43);
INSERT INTO cidade VALUES(4304804,'CARLOS BARBOSA','4304804',43);
INSERT INTO cidade VALUES(4304853,'CARLOS GOMES','4304853',43);
INSERT INTO cidade VALUES(4304903,'CASCA','4304903',43);
INSERT INTO cidade VALUES(4304952,'CASEIROS','4304952',43);
INSERT INTO cidade VALUES(4305009,'CATUIPE','4305009',43);
INSERT INTO cidade VALUES(4305108,'CAXIAS DO SUL','4305108',43);
INSERT INTO cidade VALUES(4305116,'CENTENARIO','4305116',43);
INSERT INTO cidade VALUES(4305124,'CERRITO','4305124',43);
INSERT INTO cidade VALUES(4305132,'CERRO BRANCO','4305132',43);
INSERT INTO cidade VALUES(4305157,'CERRO GRANDE','4305157',43);
INSERT INTO cidade VALUES(4305173,'CERRO GRANDE DO SUL','4305173',43);
INSERT INTO cidade VALUES(4305207,'CERRO LARGO','4305207',43);
INSERT INTO cidade VALUES(4305306,'CHAPADA','4305306',43);
INSERT INTO cidade VALUES(4305355,'CHARQUEADAS','4305355',43);
INSERT INTO cidade VALUES(4305371,'CHARRUA','4305371',43);
INSERT INTO cidade VALUES(4305405,'CHIAPETTA','4305405',43);
INSERT INTO cidade VALUES(4305439,'CHUI','4305439',43);
INSERT INTO cidade VALUES(4305447,'CHUVISCA','4305447',43);
INSERT INTO cidade VALUES(4305454,'CIDREIRA','4305454',43);
INSERT INTO cidade VALUES(4305504,'CIRIACO','4305504',43);
INSERT INTO cidade VALUES(4305587,'COLINAS','4305587',43);
INSERT INTO cidade VALUES(4305603,'COLORADO','4305603',43);
INSERT INTO cidade VALUES(4305702,'CONDOR','4305702',43);
INSERT INTO cidade VALUES(4305801,'CONSTANTINA','4305801',43);
INSERT INTO cidade VALUES(4305835,'COQUEIRO BAIXO','4305835',43);
INSERT INTO cidade VALUES(4305850,'COQUEIROS DO SUL','4305850',43);
INSERT INTO cidade VALUES(4305871,'CORONEL BARROS','4305871',43);
INSERT INTO cidade VALUES(4305900,'CORONEL BICACO','4305900',43);
INSERT INTO cidade VALUES(4305934,'CORONEL PILAR','4305934',43);
INSERT INTO cidade VALUES(4305959,'COTIPORA','4305959',43);
INSERT INTO cidade VALUES(4305975,'COXILHA','4305975',43);
INSERT INTO cidade VALUES(4306007,'CRISSIUMAL','4306007',43);
INSERT INTO cidade VALUES(4306056,'CRISTAL','4306056',43);
INSERT INTO cidade VALUES(4306072,'CRISTAL DO SUL','4306072',43);
INSERT INTO cidade VALUES(4306106,'CRUZ ALTA','4306106',43);
INSERT INTO cidade VALUES(4306130,'CRUZALTENSE','4306130',43);
INSERT INTO cidade VALUES(4306205,'CRUZEIRO DO SUL','4306205',43);
INSERT INTO cidade VALUES(4306304,'DAVID CANABARRO','4306304',43);
INSERT INTO cidade VALUES(4306320,'DERRUBADAS','4306320',43);
INSERT INTO cidade VALUES(4306353,'DEZESSEIS DE NOVEMBRO','4306353',43);
INSERT INTO cidade VALUES(4306379,'DILERMANDO DE AGUIAR','4306379',43);
INSERT INTO cidade VALUES(4306403,'DOIS IRMAOS','4306403',43);
INSERT INTO cidade VALUES(4306429,'DOIS IRMAOS DAS MISSOES','4306429',43);
INSERT INTO cidade VALUES(4306452,'DOIS LAJEADOS','4306452',43);
INSERT INTO cidade VALUES(4306502,'DOM FELICIANO','4306502',43);
INSERT INTO cidade VALUES(4306551,'DOM PEDRO DE ALCANTARA','4306551',43);
INSERT INTO cidade VALUES(4306601,'DOM PEDRITO','4306601',43);
INSERT INTO cidade VALUES(4306700,'DONA FRANCISCA','4306700',43);
INSERT INTO cidade VALUES(4306734,'DOUTOR MAURICIO CARDOSO','4306734',43);
INSERT INTO cidade VALUES(4306759,'DOUTOR RICARDO','4306759',43);
INSERT INTO cidade VALUES(4306767,'ELDORADO DO SUL','4306767',43);
INSERT INTO cidade VALUES(4306809,'ENCANTADO','4306809',43);
INSERT INTO cidade VALUES(4306908,'ENCRUZILHADA DO SUL','4306908',43);
INSERT INTO cidade VALUES(4306924,'ENGENHO VELHO','4306924',43);
INSERT INTO cidade VALUES(4306932,'ENTRE-IJUIS','4306932',43);
INSERT INTO cidade VALUES(4306957,'ENTRE RIOS DO SUL','4306957',43);
INSERT INTO cidade VALUES(4306973,'EREBANGO','4306973',43);
INSERT INTO cidade VALUES(4307005,'ERECHIM','4307005',43);
INSERT INTO cidade VALUES(4307054,'ERNESTINA','4307054',43);
INSERT INTO cidade VALUES(4307104,'HERVAL','4307104',43);
INSERT INTO cidade VALUES(4307203,'ERVAL GRANDE','4307203',43);
INSERT INTO cidade VALUES(4307302,'ERVAL SECO','4307302',43);
INSERT INTO cidade VALUES(4307401,'ESMERALDA','4307401',43);
INSERT INTO cidade VALUES(4307450,'ESPERANCA DO SUL','4307450',43);
INSERT INTO cidade VALUES(4307500,'ESPUMOSO','4307500',43);
INSERT INTO cidade VALUES(4307559,'ESTACAO','4307559',43);
INSERT INTO cidade VALUES(4307609,'ESTANCIA VELHA','4307609',43);
INSERT INTO cidade VALUES(4307708,'ESTEIO','4307708',43);
INSERT INTO cidade VALUES(4307807,'ESTRELA','4307807',43);
INSERT INTO cidade VALUES(4307815,'ESTRELA VELHA','4307815',43);
INSERT INTO cidade VALUES(4307831,'EUGENIO DE CASTRO','4307831',43);
INSERT INTO cidade VALUES(4307864,'FAGUNDES VARELA','4307864',43);
INSERT INTO cidade VALUES(4307906,'FARROUPILHA','4307906',43);
INSERT INTO cidade VALUES(4308003,'FAXINAL DO SOTURNO','4308003',43);
INSERT INTO cidade VALUES(4308052,'FAXINALZINHO','4308052',43);
INSERT INTO cidade VALUES(4308078,'FAZENDA VILANOVA','4308078',43);
INSERT INTO cidade VALUES(4308102,'FELIZ','4308102',43);
INSERT INTO cidade VALUES(4308201,'FLORES DA CUNHA','4308201',43);
INSERT INTO cidade VALUES(4308250,'FLORIANO PEIXOTO','4308250',43);
INSERT INTO cidade VALUES(4308300,'FONTOURA XAVIER','4308300',43);
INSERT INTO cidade VALUES(4308409,'FORMIGUEIRO','4308409',43);
INSERT INTO cidade VALUES(4308433,'FORQUETINHA','4308433',43);
INSERT INTO cidade VALUES(4308458,'FORTALEZA DOS VALOS','4308458',43);
INSERT INTO cidade VALUES(4308508,'FREDERICO WESTPHALEN','4308508',43);
INSERT INTO cidade VALUES(4308607,'GARIBALDI','4308607',43);
INSERT INTO cidade VALUES(4308656,'GARRUCHOS','4308656',43);
INSERT INTO cidade VALUES(4308706,'GAURAMA','4308706',43);
INSERT INTO cidade VALUES(4308805,'GENERAL CAMARA','4308805',43);
INSERT INTO cidade VALUES(4308854,'GENTIL','4308854',43);
INSERT INTO cidade VALUES(4308904,'GETULIO VARGAS','4308904',43);
INSERT INTO cidade VALUES(4309001,'GIRUA','4309001',43);
INSERT INTO cidade VALUES(4309050,'GLORINHA','4309050',43);
INSERT INTO cidade VALUES(4309100,'GRAMADO','4309100',43);
INSERT INTO cidade VALUES(4309126,'GRAMADO DOS LOUREIROS','4309126',43);
INSERT INTO cidade VALUES(4309159,'GRAMADO XAVIER','4309159',43);
INSERT INTO cidade VALUES(4309209,'GRAVATAI','4309209',43);
INSERT INTO cidade VALUES(4309258,'GUABIJU','4309258',43);
INSERT INTO cidade VALUES(4309308,'GUAIBA','4309308',43);
INSERT INTO cidade VALUES(4309407,'GUAPORE','4309407',43);
INSERT INTO cidade VALUES(4309506,'GUARANI DAS MISSOES','4309506',43);
INSERT INTO cidade VALUES(4309555,'HARMONIA','4309555',43);
INSERT INTO cidade VALUES(4309571,'HERVEIRAS','4309571',43);
INSERT INTO cidade VALUES(4309605,'HORIZONTINA','4309605',43);
INSERT INTO cidade VALUES(4309654,'HULHA NEGRA','4309654',43);
INSERT INTO cidade VALUES(4309704,'HUMAITA','4309704',43);
INSERT INTO cidade VALUES(4309753,'IBARAMA','4309753',43);
INSERT INTO cidade VALUES(4309803,'IBIACA','4309803',43);
INSERT INTO cidade VALUES(4309902,'IBIRAIARAS','4309902',43);
INSERT INTO cidade VALUES(4309951,'IBIRAPUITA','4309951',43);
INSERT INTO cidade VALUES(4310009,'IBIRUBA','4310009',43);
INSERT INTO cidade VALUES(4310108,'IGREJINHA','4310108',43);
INSERT INTO cidade VALUES(4310207,'IJUI','4310207',43);
INSERT INTO cidade VALUES(4310306,'ILOPOLIS','4310306',43);
INSERT INTO cidade VALUES(4310330,'IMBE','4310330',43);
INSERT INTO cidade VALUES(4310363,'IMIGRANTE','4310363',43);
INSERT INTO cidade VALUES(4310405,'INDEPENDENCIA','4310405',43);
INSERT INTO cidade VALUES(4310413,'INHACORA','4310413',43);
INSERT INTO cidade VALUES(4310439,'IPE','4310439',43);
INSERT INTO cidade VALUES(4310462,'IPIRANGA DO SUL','4310462',43);
INSERT INTO cidade VALUES(4310504,'IRAI','4310504',43);
INSERT INTO cidade VALUES(4310538,'ITAARA','4310538',43);
INSERT INTO cidade VALUES(4310553,'ITACURUBI','4310553',43);
INSERT INTO cidade VALUES(4310579,'ITAPUCA','4310579',43);
INSERT INTO cidade VALUES(4310603,'ITAQUI','4310603',43);
INSERT INTO cidade VALUES(4310652,'ITATI','4310652',43);
INSERT INTO cidade VALUES(4310702,'ITATIBA DO SUL','4310702',43);
INSERT INTO cidade VALUES(4310751,'IVORA','4310751',43);
INSERT INTO cidade VALUES(4310801,'IVOTI','4310801',43);
INSERT INTO cidade VALUES(4310850,'JABOTICABA','4310850',43);
INSERT INTO cidade VALUES(4310876,'JACUIZINHO','4310876',43);
INSERT INTO cidade VALUES(4310900,'JACUTINGA','4310900',43);
INSERT INTO cidade VALUES(4311007,'JAGUARAO','4311007',43);
INSERT INTO cidade VALUES(4311106,'JAGUARI','4311106',43);
INSERT INTO cidade VALUES(4311122,'JAQUIRANA','4311122',43);
INSERT INTO cidade VALUES(4311130,'JARI','4311130',43);
INSERT INTO cidade VALUES(4311155,'JOIA','4311155',43);
INSERT INTO cidade VALUES(4311205,'JULIO DE CASTILHOS','4311205',43);
INSERT INTO cidade VALUES(4311239,'LAGOA BONITA DO SUL','4311239',43);
INSERT INTO cidade VALUES(4311254,'LAGOAO','4311254',43);
INSERT INTO cidade VALUES(4311270,'LAGOA DOS TRES CANTOS','4311270',43);
INSERT INTO cidade VALUES(4311304,'LAGOA VERMELHA','4311304',43);
INSERT INTO cidade VALUES(4311403,'LAJEADO','4311403',43);
INSERT INTO cidade VALUES(4311429,'LAJEADO DO BUGRE','4311429',43);
INSERT INTO cidade VALUES(4311502,'LAVRAS DO SUL','4311502',43);
INSERT INTO cidade VALUES(4311601,'LIBERATO SALZANO','4311601',43);
INSERT INTO cidade VALUES(4311627,'LINDOLFO COLLOR','4311627',43);
INSERT INTO cidade VALUES(4311643,'LINHA NOVA','4311643',43);
INSERT INTO cidade VALUES(4311700,'MACHADINHO','4311700',43);
INSERT INTO cidade VALUES(4311718,'MACAMBARA','4311718',43);
INSERT INTO cidade VALUES(4311734,'MAMPITUBA','4311734',43);
INSERT INTO cidade VALUES(4311759,'MANOEL VIANA','4311759',43);
INSERT INTO cidade VALUES(4311775,'MAQUINE','4311775',43);
INSERT INTO cidade VALUES(4311791,'MARATA','4311791',43);
INSERT INTO cidade VALUES(4311809,'MARAU','4311809',43);
INSERT INTO cidade VALUES(4311908,'MARCELINO RAMOS','4311908',43);
INSERT INTO cidade VALUES(4311981,'MARIANA PIMENTEL','4311981',43);
INSERT INTO cidade VALUES(4312005,'MARIANO MORO','4312005',43);
INSERT INTO cidade VALUES(4312054,'MARQUES DE SOUZA','4312054',43);
INSERT INTO cidade VALUES(4312104,'MATA','4312104',43);
INSERT INTO cidade VALUES(4312138,'MATO CASTELHANO','4312138',43);
INSERT INTO cidade VALUES(4312153,'MATO LEITAO','4312153',43);
INSERT INTO cidade VALUES(4312179,'MATO QUEIMADO','4312179',43);
INSERT INTO cidade VALUES(4312203,'MAXIMILIANO DE ALMEIDA','4312203',43);
INSERT INTO cidade VALUES(4312252,'MINAS DO LEAO','4312252',43);
INSERT INTO cidade VALUES(4312302,'MIRAGUAI','4312302',43);
INSERT INTO cidade VALUES(4312351,'MONTAURI','4312351',43);
INSERT INTO cidade VALUES(4312377,'MONTE ALEGRE DOS CAMPOS','4312377',43);
INSERT INTO cidade VALUES(4312385,'MONTE BELO DO SUL','4312385',43);
INSERT INTO cidade VALUES(4312401,'MONTENEGRO','4312401',43);
INSERT INTO cidade VALUES(4312427,'MORMACO','4312427',43);
INSERT INTO cidade VALUES(4312443,'MORRINHOS DO SUL','4312443',43);
INSERT INTO cidade VALUES(4312450,'MORRO REDONDO','4312450',43);
INSERT INTO cidade VALUES(4312476,'MORRO REUTER','4312476',43);
INSERT INTO cidade VALUES(4312500,'MOSTARDAS','4312500',43);
INSERT INTO cidade VALUES(4312609,'MUCUM','4312609',43);
INSERT INTO cidade VALUES(4312617,'MUITOS CAPOES','4312617',43);
INSERT INTO cidade VALUES(4312625,'MULITERNO','4312625',43);
INSERT INTO cidade VALUES(4312658,'NAO-ME-TOQUE','4312658',43);
INSERT INTO cidade VALUES(4312674,'NICOLAU VERGUEIRO','4312674',43);
INSERT INTO cidade VALUES(4312708,'NONOAI','4312708',43);
INSERT INTO cidade VALUES(4312757,'NOVA ALVORADA','4312757',43);
INSERT INTO cidade VALUES(4312807,'NOVA ARACA','4312807',43);
INSERT INTO cidade VALUES(4312906,'NOVA BASSANO','4312906',43);
INSERT INTO cidade VALUES(4312955,'NOVA BOA VISTA','4312955',43);
INSERT INTO cidade VALUES(4313003,'NOVA BRESCIA','4313003',43);
INSERT INTO cidade VALUES(4313011,'NOVA CANDELARIA','4313011',43);
INSERT INTO cidade VALUES(4313037,'NOVA ESPERANCA DO SUL','4313037',43);
INSERT INTO cidade VALUES(4313060,'NOVA HARTZ','4313060',43);
INSERT INTO cidade VALUES(4313086,'NOVA PADUA','4313086',43);
INSERT INTO cidade VALUES(4313102,'NOVA PALMA','4313102',43);
INSERT INTO cidade VALUES(4313201,'NOVA PETROPOLIS','4313201',43);
INSERT INTO cidade VALUES(4313300,'NOVA PRATA','4313300',43);
INSERT INTO cidade VALUES(4313334,'NOVA RAMADA','4313334',43);
INSERT INTO cidade VALUES(4313359,'NOVA ROMA DO SUL','4313359',43);
INSERT INTO cidade VALUES(4313375,'NOVA SANTA RITA','4313375',43);
INSERT INTO cidade VALUES(4313391,'NOVO CABRAIS','4313391',43);
INSERT INTO cidade VALUES(4313409,'NOVO HAMBURGO','4313409',43);
INSERT INTO cidade VALUES(4313425,'NOVO MACHADO','4313425',43);
INSERT INTO cidade VALUES(4313441,'NOVO TIRADENTES','4313441',43);
INSERT INTO cidade VALUES(4313466,'NOVO XINGU','4313466',43);
INSERT INTO cidade VALUES(4313490,'NOVO BARREIRO','4313490',43);
INSERT INTO cidade VALUES(4313508,'OSORIO','4313508',43);
INSERT INTO cidade VALUES(4313607,'PAIM FILHO','4313607',43);
INSERT INTO cidade VALUES(4313656,'PALMARES DO SUL','4313656',43);
INSERT INTO cidade VALUES(4313706,'PALMEIRA DAS MISSOES','4313706',43);
INSERT INTO cidade VALUES(4313805,'PALMITINHO','4313805',43);
INSERT INTO cidade VALUES(4313904,'PANAMBI','4313904',43);
INSERT INTO cidade VALUES(4313953,'PANTANO GRANDE','4313953',43);
INSERT INTO cidade VALUES(4314001,'PARAI','4314001',43);
INSERT INTO cidade VALUES(4314027,'PARAISO DO SUL','4314027',43);
INSERT INTO cidade VALUES(4314035,'PARECI NOVO','4314035',43);
INSERT INTO cidade VALUES(4314050,'PAROBE','4314050',43);
INSERT INTO cidade VALUES(4314068,'PASSA SETE','4314068',43);
INSERT INTO cidade VALUES(4314076,'PASSO DO SOBRADO','4314076',43);
INSERT INTO cidade VALUES(4314100,'PASSO FUNDO','4314100',43);
INSERT INTO cidade VALUES(4314134,'PAULO BENTO','4314134',43);
INSERT INTO cidade VALUES(4314159,'PAVERAMA','4314159',43);
INSERT INTO cidade VALUES(4314175,'PEDRAS ALTAS','4314175',43);
INSERT INTO cidade VALUES(4314209,'PEDRO OSORIO','4314209',43);
INSERT INTO cidade VALUES(4314308,'PEJUCARA','4314308',43);
INSERT INTO cidade VALUES(4314407,'PELOTAS','4314407',43);
INSERT INTO cidade VALUES(4314423,'PICADA CAFE','4314423',43);
INSERT INTO cidade VALUES(4314456,'PINHAL','4314456',43);
INSERT INTO cidade VALUES(4314464,'PINHAL DA SERRA','4314464',43);
INSERT INTO cidade VALUES(4314472,'PINHAL GRANDE','4314472',43);
INSERT INTO cidade VALUES(4314498,'PINHEIRINHO DO VALE','4314498',43);
INSERT INTO cidade VALUES(4314506,'PINHEIRO MACHADO','4314506',43);
INSERT INTO cidade VALUES(4314555,'PIRAPO','4314555',43);
INSERT INTO cidade VALUES(4314605,'PIRATINI','4314605',43);
INSERT INTO cidade VALUES(4314704,'PLANALTO','4314704',43);
INSERT INTO cidade VALUES(4314753,'POCO DAS ANTAS','4314753',43);
INSERT INTO cidade VALUES(4314779,'PONTAO','4314779',43);
INSERT INTO cidade VALUES(4314787,'PONTE PRETA','4314787',43);
INSERT INTO cidade VALUES(4314803,'PORTAO','4314803',43);
INSERT INTO cidade VALUES(4314902,'PORTO ALEGRE','4314902',43);
INSERT INTO cidade VALUES(4315008,'PORTO LUCENA','4315008',43);
INSERT INTO cidade VALUES(4315057,'PORTO MAUA','4315057',43);
INSERT INTO cidade VALUES(4315073,'PORTO VERA CRUZ','4315073',43);
INSERT INTO cidade VALUES(4315107,'PORTO XAVIER','4315107',43);
INSERT INTO cidade VALUES(4315131,'POUSO NOVO','4315131',43);
INSERT INTO cidade VALUES(4315149,'PRESIDENTE LUCENA','4315149',43);
INSERT INTO cidade VALUES(4315156,'PROGRESSO','4315156',43);
INSERT INTO cidade VALUES(4315172,'PROTASIO ALVES','4315172',43);
INSERT INTO cidade VALUES(4315206,'PUTINGA','4315206',43);
INSERT INTO cidade VALUES(4315305,'QUARAI','4315305',43);
INSERT INTO cidade VALUES(4315313,'QUATRO IRMAOS','4315313',43);
INSERT INTO cidade VALUES(4315321,'QUEVEDOS','4315321',43);
INSERT INTO cidade VALUES(4315354,'QUINZE DE NOVEMBRO','4315354',43);
INSERT INTO cidade VALUES(4315404,'REDENTORA','4315404',43);
INSERT INTO cidade VALUES(4315453,'RELVADO','4315453',43);
INSERT INTO cidade VALUES(4315503,'RESTINGA SECA','4315503',43);
INSERT INTO cidade VALUES(4315552,'RIO DOS INDIOS','4315552',43);
INSERT INTO cidade VALUES(4315602,'RIO GRANDE','4315602',43);
INSERT INTO cidade VALUES(4315701,'RIO PARDO','4315701',43);
INSERT INTO cidade VALUES(4315750,'RIOZINHO','4315750',43);
INSERT INTO cidade VALUES(4315800,'ROCA SALES','4315800',43);
INSERT INTO cidade VALUES(4315909,'RODEIO BONITO','4315909',43);
INSERT INTO cidade VALUES(4315958,'ROLADOR','4315958',43);
INSERT INTO cidade VALUES(4316006,'ROLANTE','4316006',43);
INSERT INTO cidade VALUES(4316105,'RONDA ALTA','4316105',43);
INSERT INTO cidade VALUES(4316204,'RONDINHA','4316204',43);
INSERT INTO cidade VALUES(4316303,'ROQUE GONZALES','4316303',43);
INSERT INTO cidade VALUES(4316402,'ROSARIO DO SUL','4316402',43);
INSERT INTO cidade VALUES(4316428,'SAGRADA FAMILIA','4316428',43);
INSERT INTO cidade VALUES(4316436,'SALDANHA MARINHO','4316436',43);
INSERT INTO cidade VALUES(4316451,'SALTO DO JACUI','4316451',43);
INSERT INTO cidade VALUES(4316477,'SALVADOR DAS MISSOES','4316477',43);
INSERT INTO cidade VALUES(4316501,'SALVADOR DO SUL','4316501',43);
INSERT INTO cidade VALUES(4316600,'SANANDUVA','4316600',43);
INSERT INTO cidade VALUES(4316709,'SANTA BARBARA DO SUL','4316709',43);
INSERT INTO cidade VALUES(4316733,'SANTA CECILIA DO SUL','4316733',43);
INSERT INTO cidade VALUES(4316758,'SANTA CLARA DO SUL','4316758',43);
INSERT INTO cidade VALUES(4316808,'SANTA CRUZ DO SUL','4316808',43);
INSERT INTO cidade VALUES(4316907,'SANTA MARIA','4316907',43);
INSERT INTO cidade VALUES(4316956,'SANTA MARIA DO HERVAL','4316956',43);
INSERT INTO cidade VALUES(4316972,'SANTA MARGARIDA DO SUL','4316972',43);
INSERT INTO cidade VALUES(4317004,'SANTANA DA BOA VISTA','4317004',43);
INSERT INTO cidade VALUES(4317103,'SANTANA DO LIVRAMENTO','4317103',43);
INSERT INTO cidade VALUES(4317202,'SANTA ROSA','4317202',43);
INSERT INTO cidade VALUES(4317251,'SANTA TEREZA','4317251',43);
INSERT INTO cidade VALUES(4317301,'SANTA VITORIA DO PALMAR','4317301',43);
INSERT INTO cidade VALUES(4317400,'SANTIAGO','4317400',43);
INSERT INTO cidade VALUES(4317509,'SANTO ANGELO','4317509',43);
INSERT INTO cidade VALUES(4317558,'SANTO ANTONIO DO PALMA','4317558',43);
INSERT INTO cidade VALUES(4317608,'SANTO ANTONIO DA PATRULHA','4317608',43);
INSERT INTO cidade VALUES(4317707,'SANTO ANTONIO DAS MISSOES','4317707',43);
INSERT INTO cidade VALUES(4317756,'SANTO ANTONIO DO PLANALTO','4317756',43);
INSERT INTO cidade VALUES(4317806,'SANTO AUGUSTO','4317806',43);
INSERT INTO cidade VALUES(4317905,'SANTO CRISTO','4317905',43);
INSERT INTO cidade VALUES(4317954,'SANTO EXPEDITO DO SUL','4317954',43);
INSERT INTO cidade VALUES(4318002,'SAO BORJA','4318002',43);
INSERT INTO cidade VALUES(4318051,'SAO DOMINGOS DO SUL','4318051',43);
INSERT INTO cidade VALUES(4318101,'SAO FRANCISCO DE ASSIS','4318101',43);
INSERT INTO cidade VALUES(4318200,'SAO FRANCISCO DE PAULA','4318200',43);
INSERT INTO cidade VALUES(4318309,'SAO GABRIEL','4318309',43);
INSERT INTO cidade VALUES(4318408,'SAO JERONIMO','4318408',43);
INSERT INTO cidade VALUES(4318424,'SAO JOAO DA URTIGA','4318424',43);
INSERT INTO cidade VALUES(4318432,'SAO JOAO DO POLESINE','4318432',43);
INSERT INTO cidade VALUES(4318440,'SAO JORGE','4318440',43);
INSERT INTO cidade VALUES(4318457,'SAO JOSE DAS MISSOES','4318457',43);
INSERT INTO cidade VALUES(4318465,'SAO JOSE DO HERVAL','4318465',43);
INSERT INTO cidade VALUES(4318481,'SAO JOSE DO HORTENCIO','4318481',43);
INSERT INTO cidade VALUES(4318499,'SAO JOSE DO INHACORA','4318499',43);
INSERT INTO cidade VALUES(4318507,'SAO JOSE DO NORTE','4318507',43);
INSERT INTO cidade VALUES(4318606,'SAO JOSE DO OURO','4318606',43);
INSERT INTO cidade VALUES(4318614,'SAO JOSE DO SUL','4318614',43);
INSERT INTO cidade VALUES(4318622,'SAO JOSE DOS AUSENTES','4318622',43);
INSERT INTO cidade VALUES(4318705,'SAO LEOPOLDO','4318705',43);
INSERT INTO cidade VALUES(4318804,'SAO LOURENCO DO SUL','4318804',43);
INSERT INTO cidade VALUES(4318903,'SAO LUIZ GONZAGA','4318903',43);
INSERT INTO cidade VALUES(4319000,'SAO MARCOS','4319000',43);
INSERT INTO cidade VALUES(4319109,'SAO MARTINHO','4319109',43);
INSERT INTO cidade VALUES(4319125,'SAO MARTINHO DA SERRA','4319125',43);
INSERT INTO cidade VALUES(4319158,'SAO MIGUEL DAS MISSOES','4319158',43);
INSERT INTO cidade VALUES(4319208,'SAO NICOLAU','4319208',43);
INSERT INTO cidade VALUES(4319307,'SAO PAULO DAS MISSOES','4319307',43);
INSERT INTO cidade VALUES(4319356,'SAO PEDRO DA SERRA','4319356',43);
INSERT INTO cidade VALUES(4319364,'SAO PEDRO DAS MISSOES','4319364',43);
INSERT INTO cidade VALUES(4319372,'SAO PEDRO DO BUTIA','4319372',43);
INSERT INTO cidade VALUES(4319406,'SAO PEDRO DO SUL','4319406',43);
INSERT INTO cidade VALUES(4319505,'SAO SEBASTIAO DO CAI','4319505',43);
INSERT INTO cidade VALUES(4319604,'SAO SEPE','4319604',43);
INSERT INTO cidade VALUES(4319703,'SAO VALENTIM','4319703',43);
INSERT INTO cidade VALUES(4319711,'SAO VALENTIM DO SUL','4319711',43);
INSERT INTO cidade VALUES(4319737,'SAO VALERIO DO SUL','4319737',43);
INSERT INTO cidade VALUES(4319752,'SAO VENDELINO','4319752',43);
INSERT INTO cidade VALUES(4319802,'SAO VICENTE DO SUL','4319802',43);
INSERT INTO cidade VALUES(4319901,'SAPIRANGA','4319901',43);
INSERT INTO cidade VALUES(4320008,'SAPUCAIA DO SUL','4320008',43);
INSERT INTO cidade VALUES(4320107,'SARANDI','4320107',43);
INSERT INTO cidade VALUES(4320206,'SEBERI','4320206',43);
INSERT INTO cidade VALUES(4320230,'SEDE NOVA','4320230',43);
INSERT INTO cidade VALUES(4320263,'SEGREDO','4320263',43);
INSERT INTO cidade VALUES(4320305,'SELBACH','4320305',43);
INSERT INTO cidade VALUES(4320321,'SENADOR SALGADO FILHO','4320321',43);
INSERT INTO cidade VALUES(4320354,'SENTINELA DO SUL','4320354',43);
INSERT INTO cidade VALUES(4320404,'SERAFINA CORREA','4320404',43);
INSERT INTO cidade VALUES(4320453,'SERIO','4320453',43);
INSERT INTO cidade VALUES(4320503,'SERTAO','4320503',43);
INSERT INTO cidade VALUES(4320552,'SERTAO SANTANA','4320552',43);
INSERT INTO cidade VALUES(4320578,'SETE DE SETEMBRO','4320578',43);
INSERT INTO cidade VALUES(4320602,'SEVERIANO DE ALMEIDA','4320602',43);
INSERT INTO cidade VALUES(4320651,'SILVEIRA MARTINS','4320651',43);
INSERT INTO cidade VALUES(4320677,'SINIMBU','4320677',43);
INSERT INTO cidade VALUES(4320701,'SOBRADINHO','4320701',43);
INSERT INTO cidade VALUES(4320800,'SOLEDADE','4320800',43);
INSERT INTO cidade VALUES(4320859,'TABAI','4320859',43);
INSERT INTO cidade VALUES(4320909,'TAPEJARA','4320909',43);
INSERT INTO cidade VALUES(4321006,'TAPERA','4321006',43);
INSERT INTO cidade VALUES(4321105,'TAPES','4321105',43);
INSERT INTO cidade VALUES(4321204,'TAQUARA','4321204',43);
INSERT INTO cidade VALUES(4321303,'TAQUARI','4321303',43);
INSERT INTO cidade VALUES(4321329,'TAQUARUCU DO SUL','4321329',43);
INSERT INTO cidade VALUES(4321352,'TAVARES','4321352',43);
INSERT INTO cidade VALUES(4321402,'TENENTE PORTELA','4321402',43);
INSERT INTO cidade VALUES(4321436,'TERRA DE AREIA','4321436',43);
INSERT INTO cidade VALUES(4321451,'TEUTONIA','4321451',43);
INSERT INTO cidade VALUES(4321469,'TIO HUGO','4321469',43);
INSERT INTO cidade VALUES(4321477,'TIRADENTES DO SUL','4321477',43);
INSERT INTO cidade VALUES(4321493,'TOROPI','4321493',43);
INSERT INTO cidade VALUES(4321501,'TORRES','4321501',43);
INSERT INTO cidade VALUES(4321600,'TRAMANDAI','4321600',43);
INSERT INTO cidade VALUES(4321626,'TRAVESSEIRO','4321626',43);
INSERT INTO cidade VALUES(4321634,'TRES ARROIOS','4321634',43);
INSERT INTO cidade VALUES(4321667,'TRES CACHOEIRAS','4321667',43);
INSERT INTO cidade VALUES(4321709,'TRES COROAS','4321709',43);
INSERT INTO cidade VALUES(4321808,'TRES DE MAIO','4321808',43);
INSERT INTO cidade VALUES(4321832,'TRES FORQUILHAS','4321832',43);
INSERT INTO cidade VALUES(4321857,'TRES PALMEIRAS','4321857',43);
INSERT INTO cidade VALUES(4321907,'TRES PASSOS','4321907',43);
INSERT INTO cidade VALUES(4321956,'TRINDADE DO SUL','4321956',43);
INSERT INTO cidade VALUES(4322004,'TRIUNFO','4322004',43);
INSERT INTO cidade VALUES(4322103,'TUCUNDUVA','4322103',43);
INSERT INTO cidade VALUES(4322152,'TUNAS','4322152',43);
INSERT INTO cidade VALUES(4322186,'TUPANCI DO SUL','4322186',43);
INSERT INTO cidade VALUES(4322202,'TUPANCIRETA','4322202',43);
INSERT INTO cidade VALUES(4322251,'TUPANDI','4322251',43);
INSERT INTO cidade VALUES(4322301,'TUPARENDI','4322301',43);
INSERT INTO cidade VALUES(4322327,'TURUCU','4322327',43);
INSERT INTO cidade VALUES(4322343,'UBIRETAMA','4322343',43);
INSERT INTO cidade VALUES(4322350,'UNIAO DA SERRA','4322350',43);
INSERT INTO cidade VALUES(4322376,'UNISTALDA','4322376',43);
INSERT INTO cidade VALUES(4322400,'URUGUAIANA','4322400',43);
INSERT INTO cidade VALUES(4322509,'VACARIA','4322509',43);
INSERT INTO cidade VALUES(4322525,'VALE VERDE','4322525',43);
INSERT INTO cidade VALUES(4322533,'VALE DO SOL','4322533',43);
INSERT INTO cidade VALUES(4322541,'VALE REAL','4322541',43);
INSERT INTO cidade VALUES(4322558,'VANINI','4322558',43);
INSERT INTO cidade VALUES(4322608,'VENANCIO AIRES','4322608',43);
INSERT INTO cidade VALUES(4322707,'VERA CRUZ','4322707',43);
INSERT INTO cidade VALUES(4322806,'VERANOPOLIS','4322806',43);
INSERT INTO cidade VALUES(4322855,'VESPASIANO CORREA','4322855',43);
INSERT INTO cidade VALUES(4322905,'VIADUTOS','4322905',43);
INSERT INTO cidade VALUES(4323002,'VIAMAO','4323002',43);
INSERT INTO cidade VALUES(4323101,'VICENTE DUTRA','4323101',43);
INSERT INTO cidade VALUES(4323200,'VICTOR GRAEFF','4323200',43);
INSERT INTO cidade VALUES(4323309,'VILA FLORES','4323309',43);
INSERT INTO cidade VALUES(4323358,'VILA LANGARO','4323358',43);
INSERT INTO cidade VALUES(4323408,'VILA MARIA','4323408',43);
INSERT INTO cidade VALUES(4323457,'VILA NOVA DO SUL','4323457',43);
INSERT INTO cidade VALUES(4323507,'VISTA ALEGRE','4323507',43);
INSERT INTO cidade VALUES(4323606,'VISTA ALEGRE DO PRATA','4323606',43);
INSERT INTO cidade VALUES(4323705,'VISTA GAUCHA','4323705',43);
INSERT INTO cidade VALUES(4323754,'VITORIA DAS MISSOES','4323754',43);
INSERT INTO cidade VALUES(4323770,'WESTFALIA','4323770',43);
INSERT INTO cidade VALUES(4323804,'XANGRI-LA','4323804',43);
INSERT INTO cidade VALUES(5000203,'AGUA CLARA','5000203',50);
INSERT INTO cidade VALUES(5000252,'ALCINOPOLIS','5000252',50);
INSERT INTO cidade VALUES(5000609,'AMAMBAI','5000609',50);
INSERT INTO cidade VALUES(5000708,'ANASTACIO','5000708',50);
INSERT INTO cidade VALUES(5000807,'ANAURILANDIA','5000807',50);
INSERT INTO cidade VALUES(5000856,'ANGELICA','5000856',50);
INSERT INTO cidade VALUES(5000906,'ANTONIO JOAO','5000906',50);
INSERT INTO cidade VALUES(5001003,'APARECIDA DO TABOADO','5001003',50);
INSERT INTO cidade VALUES(5001102,'AQUIDAUANA','5001102',50);
INSERT INTO cidade VALUES(5001243,'ARAL MOREIRA','5001243',50);
INSERT INTO cidade VALUES(5001508,'BANDEIRANTES','5001508',50);
INSERT INTO cidade VALUES(5001904,'BATAGUASSU','5001904',50);
INSERT INTO cidade VALUES(5002001,'BATAYPORA','5002001',50);
INSERT INTO cidade VALUES(5002100,'BELA VISTA','5002100',50);
INSERT INTO cidade VALUES(5002159,'BODOQUENA','5002159',50);
INSERT INTO cidade VALUES(5002209,'BONITO','5002209',50);
INSERT INTO cidade VALUES(5002308,'BRASILANDIA','5002308',50);
INSERT INTO cidade VALUES(5002407,'CAARAPO','5002407',50);
INSERT INTO cidade VALUES(5002605,'CAMAPUA','5002605',50);
INSERT INTO cidade VALUES(5002704,'CAMPO GRANDE','5002704',50);
INSERT INTO cidade VALUES(5002803,'CARACOL','5002803',50);
INSERT INTO cidade VALUES(5002902,'CASSILANDIA','5002902',50);
INSERT INTO cidade VALUES(5002951,'CHAPADAO DO SUL','5002951',50);
INSERT INTO cidade VALUES(5003108,'CORGUINHO','5003108',50);
INSERT INTO cidade VALUES(5003157,'CORONEL SAPUCAIA','5003157',50);
INSERT INTO cidade VALUES(5003207,'CORUMBA','5003207',50);
INSERT INTO cidade VALUES(5003256,'COSTA RICA','5003256',50);
INSERT INTO cidade VALUES(5003306,'COXIM','5003306',50);
INSERT INTO cidade VALUES(5003454,'DEODAPOLIS','5003454',50);
INSERT INTO cidade VALUES(5003488,'DOIS IRMAOS DO BURITI','5003488',50);
INSERT INTO cidade VALUES(5003504,'DOURADINA','5003504',50);
INSERT INTO cidade VALUES(5003702,'DOURADOS','5003702',50);
INSERT INTO cidade VALUES(5003751,'ELDORADO','5003751',50);
INSERT INTO cidade VALUES(5003801,'FATIMA DO SUL','5003801',50);
INSERT INTO cidade VALUES(5003900,'FIGUEIRAO','5003900',50);
INSERT INTO cidade VALUES(5004007,'GLORIA DE DOURADOS','5004007',50);
INSERT INTO cidade VALUES(5004106,'GUIA LOPES DA LAGUNA','5004106',50);
INSERT INTO cidade VALUES(5004304,'IGUATEMI','5004304',50);
INSERT INTO cidade VALUES(5004403,'INOCENCIA','5004403',50);
INSERT INTO cidade VALUES(5004502,'ITAPORA','5004502',50);
INSERT INTO cidade VALUES(5004601,'ITAQUIRAI','5004601',50);
INSERT INTO cidade VALUES(5004700,'IVINHEMA','5004700',50);
INSERT INTO cidade VALUES(5004809,'JAPORA','5004809',50);
INSERT INTO cidade VALUES(5004908,'JARAGUARI','5004908',50);
INSERT INTO cidade VALUES(5005004,'JARDIM','5005004',50);
INSERT INTO cidade VALUES(5005103,'JATEI','5005103',50);
INSERT INTO cidade VALUES(5005152,'JUTI','5005152',50);
INSERT INTO cidade VALUES(5005202,'LADARIO','5005202',50);
INSERT INTO cidade VALUES(5005251,'LAGUNA CARAPA','5005251',50);
INSERT INTO cidade VALUES(5005400,'MARACAJU','5005400',50);
INSERT INTO cidade VALUES(5005608,'MIRANDA','5005608',50);
INSERT INTO cidade VALUES(5005681,'MUNDO NOVO','5005681',50);
INSERT INTO cidade VALUES(5005707,'NAVIRAI','5005707',50);
INSERT INTO cidade VALUES(5005806,'NIOAQUE','5005806',50);
INSERT INTO cidade VALUES(5006002,'NOVA ALVORADA DO SUL','5006002',50);
INSERT INTO cidade VALUES(5006200,'NOVA ANDRADINA','5006200',50);
INSERT INTO cidade VALUES(5006259,'NOVO HORIZONTE DO SUL','5006259',50);
INSERT INTO cidade VALUES(5006309,'PARANAIBA','5006309',50);
INSERT INTO cidade VALUES(5006358,'PARANHOS','5006358',50);
INSERT INTO cidade VALUES(5006408,'PEDRO GOMES','5006408',50);
INSERT INTO cidade VALUES(5006606,'PONTA PORA','5006606',50);
INSERT INTO cidade VALUES(5006903,'PORTO MURTINHO','5006903',50);
INSERT INTO cidade VALUES(5007109,'RIBAS DO RIO PARDO','5007109',50);
INSERT INTO cidade VALUES(5007208,'RIO BRILHANTE','5007208',50);
INSERT INTO cidade VALUES(5007307,'RIO NEGRO','5007307',50);
INSERT INTO cidade VALUES(5007406,'RIO VERDE DE MATO GROSSO','5007406',50);
INSERT INTO cidade VALUES(5007505,'ROCHEDO','5007505',50);
INSERT INTO cidade VALUES(5007554,'SANTA RITA DO PARDO','5007554',50);
INSERT INTO cidade VALUES(5007695,'SAO GABRIEL DO OESTE','5007695',50);
INSERT INTO cidade VALUES(5007703,'SETE QUEDAS','5007703',50);
INSERT INTO cidade VALUES(5007802,'SELVIRIA','5007802',50);
INSERT INTO cidade VALUES(5007901,'SIDROLANDIA','5007901',50);
INSERT INTO cidade VALUES(5007935,'SONORA','5007935',50);
INSERT INTO cidade VALUES(5007950,'TACURU','5007950',50);
INSERT INTO cidade VALUES(5007976,'TAQUARUSSU','5007976',50);
INSERT INTO cidade VALUES(5008008,'TERENOS','5008008',50);
INSERT INTO cidade VALUES(5008305,'TRES LAGOAS','5008305',50);
INSERT INTO cidade VALUES(5008404,'VICENTINA','5008404',50);
INSERT INTO cidade VALUES(5100102,'ACORIZAL','5100102',51);
INSERT INTO cidade VALUES(5100201,'AGUA BOA','5100201',51);
INSERT INTO cidade VALUES(5100250,'ALTA FLORESTA','5100250',51);
INSERT INTO cidade VALUES(5100300,'ALTO ARAGUAIA','5100300',51);
INSERT INTO cidade VALUES(5100359,'ALTO BOA VISTA','5100359',51);
INSERT INTO cidade VALUES(5100409,'ALTO GARCAS','5100409',51);
INSERT INTO cidade VALUES(5100508,'ALTO PARAGUAI','5100508',51);
INSERT INTO cidade VALUES(5100607,'ALTO TAQUARI','5100607',51);
INSERT INTO cidade VALUES(5100805,'APIACAS','5100805',51);
INSERT INTO cidade VALUES(5101001,'ARAGUAIANA','5101001',51);
INSERT INTO cidade VALUES(5101209,'ARAGUAINHA','5101209',51);
INSERT INTO cidade VALUES(5101258,'ARAPUTANGA','5101258',51);
INSERT INTO cidade VALUES(5101308,'ARENAPOLIS','5101308',51);
INSERT INTO cidade VALUES(5101407,'ARIPUANA','5101407',51);
INSERT INTO cidade VALUES(5101605,'BARAO DE MELGACO','5101605',51);
INSERT INTO cidade VALUES(5101704,'BARRA DO BUGRES','5101704',51);
INSERT INTO cidade VALUES(5101803,'BARRA DO GARCAS','5101803',51);
INSERT INTO cidade VALUES(5101852,'BOM JESUS DO ARAGUAIA','5101852',51);
INSERT INTO cidade VALUES(5101902,'BRASNORTE','5101902',51);
INSERT INTO cidade VALUES(5102504,'CACERES','5102504',51);
INSERT INTO cidade VALUES(5102603,'CAMPINAPOLIS','5102603',51);
INSERT INTO cidade VALUES(5102637,'CAMPO NOVO DO PARECIS','5102637',51);
INSERT INTO cidade VALUES(5102678,'CAMPO VERDE','5102678',51);
INSERT INTO cidade VALUES(5102686,'CAMPOS DE JULIO','5102686',51);
INSERT INTO cidade VALUES(5102694,'CANABRAVA DO NORTE','5102694',51);
INSERT INTO cidade VALUES(5102702,'CANARANA','5102702',51);
INSERT INTO cidade VALUES(5102793,'CARLINDA','5102793',51);
INSERT INTO cidade VALUES(5102850,'CASTANHEIRA','5102850',51);
INSERT INTO cidade VALUES(5103007,'CHAPADA DOS GUIMARAES','5103007',51);
INSERT INTO cidade VALUES(5103056,'CLAUDIA','5103056',51);
INSERT INTO cidade VALUES(5103106,'COCALINHO','5103106',51);
INSERT INTO cidade VALUES(5103205,'COLIDER','5103205',51);
INSERT INTO cidade VALUES(5103254,'COLNIZA','5103254',51);
INSERT INTO cidade VALUES(5103304,'COMODORO','5103304',51);
INSERT INTO cidade VALUES(5103353,'CONFRESA','5103353',51);
INSERT INTO cidade VALUES(5103361,'CONQUISTA D''OESTE','5103361',51);
INSERT INTO cidade VALUES(5103379,'COTRIGUACU','5103379',51);
INSERT INTO cidade VALUES(5103403,'CUIABA','5103403',51);
INSERT INTO cidade VALUES(5103437,'CURVELANDIA','5103437',51);
INSERT INTO cidade VALUES(5103452,'DENISE','5103452',51);
INSERT INTO cidade VALUES(5103502,'DIAMANTINO','5103502',51);
INSERT INTO cidade VALUES(5103601,'DOM AQUINO','5103601',51);
INSERT INTO cidade VALUES(5103700,'FELIZ NATAL','5103700',51);
INSERT INTO cidade VALUES(5103809,'FIGUEIROPOLIS D''OESTE','5103809',51);
INSERT INTO cidade VALUES(5103858,'GAUCHA DO NORTE','5103858',51);
INSERT INTO cidade VALUES(5103908,'GENERAL CARNEIRO','5103908',51);
INSERT INTO cidade VALUES(5103957,'GLORIA D''OESTE','5103957',51);
INSERT INTO cidade VALUES(5104104,'GUARANTA DO NORTE','5104104',51);
INSERT INTO cidade VALUES(5104203,'GUIRATINGA','5104203',51);
INSERT INTO cidade VALUES(5104500,'INDIAVAI','5104500',51);
INSERT INTO cidade VALUES(5104526,'IPIRANGA DO NORTE','5104526',51);
INSERT INTO cidade VALUES(5104542,'ITANHANGA','5104542',51);
INSERT INTO cidade VALUES(5104559,'ITAUBA','5104559',51);
INSERT INTO cidade VALUES(5104609,'ITIQUIRA','5104609',51);
INSERT INTO cidade VALUES(5104807,'JACIARA','5104807',51);
INSERT INTO cidade VALUES(5104906,'JANGADA','5104906',51);
INSERT INTO cidade VALUES(5105002,'JAURU','5105002',51);
INSERT INTO cidade VALUES(5105101,'JUARA','5105101',51);
INSERT INTO cidade VALUES(5105150,'JUINA','5105150',51);
INSERT INTO cidade VALUES(5105176,'JURUENA','5105176',51);
INSERT INTO cidade VALUES(5105200,'JUSCIMEIRA','5105200',51);
INSERT INTO cidade VALUES(5105234,'LAMBARI D''OESTE','5105234',51);
INSERT INTO cidade VALUES(5105259,'LUCAS DO RIO VERDE','5105259',51);
INSERT INTO cidade VALUES(5105309,'LUCIARA','5105309',51);
INSERT INTO cidade VALUES(5105507,'VILA BELA DA SANTISSIMA TRINDADE','5105507',51);
INSERT INTO cidade VALUES(5105580,'MARCELANDIA','5105580',51);
INSERT INTO cidade VALUES(5105606,'MATUPA','5105606',51);
INSERT INTO cidade VALUES(5105622,'MIRASSOL D''OESTE','5105622',51);
INSERT INTO cidade VALUES(5105903,'NOBRES','5105903',51);
INSERT INTO cidade VALUES(5106000,'NORTELANDIA','5106000',51);
INSERT INTO cidade VALUES(5106109,'NOSSA SENHORA DO LIVRAMENTO','5106109',51);
INSERT INTO cidade VALUES(5106158,'NOVA BANDEIRANTES','5106158',51);
INSERT INTO cidade VALUES(5106174,'NOVA NAZARE','5106174',51);
INSERT INTO cidade VALUES(5106182,'NOVA LACERDA','5106182',51);
INSERT INTO cidade VALUES(5106190,'NOVA SANTA HELENA','5106190',51);
INSERT INTO cidade VALUES(5106208,'NOVA BRASILANDIA','5106208',51);
INSERT INTO cidade VALUES(5106216,'NOVA CANAA DO NORTE','5106216',51);
INSERT INTO cidade VALUES(5106224,'NOVA MUTUM','5106224',51);
INSERT INTO cidade VALUES(5106232,'NOVA OLIMPIA','5106232',51);
INSERT INTO cidade VALUES(5106240,'NOVA UBIRATA','5106240',51);
INSERT INTO cidade VALUES(5106257,'NOVA XAVANTINA','5106257',51);
INSERT INTO cidade VALUES(5106265,'NOVO MUNDO','5106265',51);
INSERT INTO cidade VALUES(5106273,'NOVO HORIZONTE DO NORTE','5106273',51);
INSERT INTO cidade VALUES(5106281,'NOVO SAO JOAQUIM','5106281',51);
INSERT INTO cidade VALUES(5106299,'PARANAITA','5106299',51);
INSERT INTO cidade VALUES(5106307,'PARANATINGA','5106307',51);
INSERT INTO cidade VALUES(5106315,'NOVO SANTO ANTONIO','5106315',51);
INSERT INTO cidade VALUES(5106372,'PEDRA PRETA','5106372',51);
INSERT INTO cidade VALUES(5106422,'PEIXOTO DE AZEVEDO','5106422',51);
INSERT INTO cidade VALUES(5106455,'PLANALTO DA SERRA','5106455',51);
INSERT INTO cidade VALUES(5106505,'POCONE','5106505',51);
INSERT INTO cidade VALUES(5106653,'PONTAL DO ARAGUAIA','5106653',51);
INSERT INTO cidade VALUES(5106703,'PONTE BRANCA','5106703',51);
INSERT INTO cidade VALUES(5106752,'PONTES E LACERDA','5106752',51);
INSERT INTO cidade VALUES(5106778,'PORTO ALEGRE DO NORTE','5106778',51);
INSERT INTO cidade VALUES(5106802,'PORTO DOS GAUCHOS','5106802',51);
INSERT INTO cidade VALUES(5106828,'PORTO ESPERIDIAO','5106828',51);
INSERT INTO cidade VALUES(5106851,'PORTO ESTRELA','5106851',51);
INSERT INTO cidade VALUES(5107008,'POXOREO','5107008',51);
INSERT INTO cidade VALUES(5107040,'PRIMAVERA DO LESTE','5107040',51);
INSERT INTO cidade VALUES(5107065,'QUERENCIA','5107065',51);
INSERT INTO cidade VALUES(5107107,'SAO JOSE DOS QUATRO MARCOS','5107107',51);
INSERT INTO cidade VALUES(5107156,'RESERVA DO CABACAL','5107156',51);
INSERT INTO cidade VALUES(5107180,'RIBEIRAO CASCALHEIRA','5107180',51);
INSERT INTO cidade VALUES(5107198,'RIBEIRAOZINHO','5107198',51);
INSERT INTO cidade VALUES(5107206,'RIO BRANCO','5107206',51);
INSERT INTO cidade VALUES(5107248,'SANTA CARMEM','5107248',51);
INSERT INTO cidade VALUES(5107263,'SANTO AFONSO','5107263',51);
INSERT INTO cidade VALUES(5107297,'SAO JOSE DO POVO','5107297',51);
INSERT INTO cidade VALUES(5107305,'SAO JOSE DO RIO CLARO','5107305',51);
INSERT INTO cidade VALUES(5107354,'SAO JOSE DO XINGU','5107354',51);
INSERT INTO cidade VALUES(5107404,'SAO PEDRO DA CIPA','5107404',51);
INSERT INTO cidade VALUES(5107578,'RONDOLANDIA','5107578',51);
INSERT INTO cidade VALUES(5107602,'RONDONOPOLIS','5107602',51);
INSERT INTO cidade VALUES(5107701,'ROSARIO OESTE','5107701',51);
INSERT INTO cidade VALUES(5107743,'SANTA CRUZ DO XINGU','5107743',51);
INSERT INTO cidade VALUES(5107750,'SALTO DO CEU','5107750',51);
INSERT INTO cidade VALUES(5107768,'SANTA RITA DO TRIVELATO','5107768',51);
INSERT INTO cidade VALUES(5107776,'SANTA TEREZINHA','5107776',51);
INSERT INTO cidade VALUES(5107792,'SANTO ANTONIO DO LESTE','5107792',51);
INSERT INTO cidade VALUES(5107800,'SANTO ANTONIO DO LEVERGER','5107800',51);
INSERT INTO cidade VALUES(5107859,'SAO FELIX DO ARAGUAIA','5107859',51);
INSERT INTO cidade VALUES(5107875,'SAPEZAL','5107875',51);
INSERT INTO cidade VALUES(5107883,'SERRA NOVA DOURADA','5107883',51);
INSERT INTO cidade VALUES(5107909,'SINOP','5107909',51);
INSERT INTO cidade VALUES(5107925,'SORRISO','5107925',51);
INSERT INTO cidade VALUES(5107941,'TABAPORA','5107941',51);
INSERT INTO cidade VALUES(5107958,'TANGARA DA SERRA','5107958',51);
INSERT INTO cidade VALUES(5108006,'TAPURAH','5108006',51);
INSERT INTO cidade VALUES(5108055,'TERRA NOVA DO NORTE','5108055',51);
INSERT INTO cidade VALUES(5108105,'TESOURO','5108105',51);
INSERT INTO cidade VALUES(5108204,'TORIXOREU','5108204',51);
INSERT INTO cidade VALUES(5108303,'UNIAO DO SUL','5108303',51);
INSERT INTO cidade VALUES(5108352,'VALE DE SAO DOMINGOS','5108352',51);
INSERT INTO cidade VALUES(5108402,'VARZEA GRANDE','5108402',51);
INSERT INTO cidade VALUES(5108501,'VERA','5108501',51);
INSERT INTO cidade VALUES(5108600,'VILA RICA','5108600',51);
INSERT INTO cidade VALUES(5108808,'NOVA GUARITA','5108808',51);
INSERT INTO cidade VALUES(5108857,'NOVA MARILANDIA','5108857',51);
INSERT INTO cidade VALUES(5108907,'NOVA MARINGA','5108907',51);
INSERT INTO cidade VALUES(5108956,'NOVA MONTE VERDE','5108956',51);
INSERT INTO cidade VALUES(5200050,'FAR','5200050',52);
INSERT INTO cidade VALUES(5200100,'ABADIANIA','5200100',52);
INSERT INTO cidade VALUES(5200134,'ACREUNA','5200134',52);
INSERT INTO cidade VALUES(5200159,'ADELANDIA','5200159',52);
INSERT INTO cidade VALUES(5200175,'AGUA FRIA DE GOIAS','5200175',52);
INSERT INTO cidade VALUES(5200209,'AGUA LIMPA','5200209',52);
INSERT INTO cidade VALUES(5200258,'AGUAS LINDAS DE GOIAS','5200258',52);
INSERT INTO cidade VALUES(5200308,'ALEXANIA','5200308',52);
INSERT INTO cidade VALUES(5200506,'ALOANDIA','5200506',52);
INSERT INTO cidade VALUES(5200555,'ALTO HORIZONTE','5200555',52);
INSERT INTO cidade VALUES(5200605,'ALTO PARAISO DE GOIAS','5200605',52);
INSERT INTO cidade VALUES(5200803,'ALVORADA DO NORTE','5200803',52);
INSERT INTO cidade VALUES(5200829,'AMARALINA','5200829',52);
INSERT INTO cidade VALUES(5200852,'AMERICANO DO BRASIL','5200852',52);
INSERT INTO cidade VALUES(5200902,'AMORINOPOLIS','5200902',52);
INSERT INTO cidade VALUES(5201108,'ANAPOLIS','5201108',52);
INSERT INTO cidade VALUES(5201207,'ANHANGUERA','5201207',52);
INSERT INTO cidade VALUES(5201306,'ANICUNS','5201306',52);
INSERT INTO cidade VALUES(5201405,'APARECIDA DE GOIANIA','5201405',52);
INSERT INTO cidade VALUES(5201454,'APARECIDA DO RIO DOCE','5201454',52);
INSERT INTO cidade VALUES(5201504,'APORE','5201504',52);
INSERT INTO cidade VALUES(5201603,'ARACU','5201603',52);
INSERT INTO cidade VALUES(5201702,'ARAGARCAS','5201702',52);
INSERT INTO cidade VALUES(5201801,'ARAGOIANIA','5201801',52);
INSERT INTO cidade VALUES(5202155,'ARAGUAPAZ','5202155',52);
INSERT INTO cidade VALUES(5202353,'ARENOPOLIS','5202353',52);
INSERT INTO cidade VALUES(5202502,'ARUANA','5202502',52);
INSERT INTO cidade VALUES(5202601,'AURILANDIA','5202601',52);
INSERT INTO cidade VALUES(5202809,'AVELINOPOLIS','5202809',52);
INSERT INTO cidade VALUES(5203104,'BALIZA','5203104',52);
INSERT INTO cidade VALUES(5203203,'BARRO ALTO','5203203',52);
INSERT INTO cidade VALUES(5203302,'BELA VISTA DE GOIAS','5203302',52);
INSERT INTO cidade VALUES(5203401,'BOM JARDIM DE GOIAS','5203401',52);
INSERT INTO cidade VALUES(5203500,'BOM JESUS DE GOIAS','5203500',52);
INSERT INTO cidade VALUES(5203559,'BONFINOPOLIS','5203559',52);
INSERT INTO cidade VALUES(5203575,'BONOPOLIS','5203575',52);
INSERT INTO cidade VALUES(5203609,'BRAZABRANTES','5203609',52);
INSERT INTO cidade VALUES(5203807,'BRITANIA','5203807',52);
INSERT INTO cidade VALUES(5203906,'BURITI ALEGRE','5203906',52);
INSERT INTO cidade VALUES(5203939,'BURITI DE GOIAS','5203939',52);
INSERT INTO cidade VALUES(5203962,'BURITINOPOLIS','5203962',52);
INSERT INTO cidade VALUES(5204003,'CABECEIRAS','5204003',52);
INSERT INTO cidade VALUES(5204102,'CACHOEIRA ALTA','5204102',52);
INSERT INTO cidade VALUES(5204201,'CACHOEIRA DE GOIAS','5204201',52);
INSERT INTO cidade VALUES(5204250,'CACHOEIRA DOURADA','5204250',52);
INSERT INTO cidade VALUES(5204300,'CACU','5204300',52);
INSERT INTO cidade VALUES(5204409,'CAIAPONIA','5204409',52);
INSERT INTO cidade VALUES(5204508,'CALDAS NOVAS','5204508',52);
INSERT INTO cidade VALUES(5204557,'CALDAZINHA','5204557',52);
INSERT INTO cidade VALUES(5204607,'CAMPESTRE DE GOIAS','5204607',52);
INSERT INTO cidade VALUES(5204656,'CAMPINACU','5204656',52);
INSERT INTO cidade VALUES(5204706,'CAMPINORTE','5204706',52);
INSERT INTO cidade VALUES(5204805,'CAMPO ALEGRE DE GOIAS','5204805',52);
INSERT INTO cidade VALUES(5204854,'CAMPO LIMPO DE GOIAS','5204854',52);
INSERT INTO cidade VALUES(5204904,'CAMPOS BELOS','5204904',52);
INSERT INTO cidade VALUES(5204953,'CAMPOS VERDES','5204953',52);
INSERT INTO cidade VALUES(5205000,'CARMO DO RIO VERDE','5205000',52);
INSERT INTO cidade VALUES(5205059,'CASTELANDIA','5205059',52);
INSERT INTO cidade VALUES(5205109,'CATALAO','5205109',52);
INSERT INTO cidade VALUES(5205208,'CATURAI','5205208',52);
INSERT INTO cidade VALUES(5205307,'CAVALCANTE','5205307',52);
INSERT INTO cidade VALUES(5205406,'CERES','5205406',52);
INSERT INTO cidade VALUES(5205455,'CEZARINA','5205455',52);
INSERT INTO cidade VALUES(5205471,'CHAPADAO DO CEU','5205471',52);
INSERT INTO cidade VALUES(5205497,'CIDADE OCIDENTAL','5205497',52);
INSERT INTO cidade VALUES(5205513,'COCALZINHO DE GOIAS','5205513',52);
INSERT INTO cidade VALUES(5205521,'COLINAS DO SUL','5205521',52);
INSERT INTO cidade VALUES(5205703,'CORREGO DO OURO','5205703',52);
INSERT INTO cidade VALUES(5205802,'CORUMBA DE GOIAS','5205802',52);
INSERT INTO cidade VALUES(5205901,'CORUMBAIBA','5205901',52);
INSERT INTO cidade VALUES(5206206,'CRISTALINA','5206206',52);
INSERT INTO cidade VALUES(5206305,'CRISTIANOPOLIS','5206305',52);
INSERT INTO cidade VALUES(5206404,'CRIXAS','5206404',52);
INSERT INTO cidade VALUES(5206503,'CROMINIA','5206503',52);
INSERT INTO cidade VALUES(5206602,'CUMARI','5206602',52);
INSERT INTO cidade VALUES(5206701,'DAMIANOPOLIS','5206701',52);
INSERT INTO cidade VALUES(5206800,'DAMOLANDIA','5206800',52);
INSERT INTO cidade VALUES(5206909,'DAVINOPOLIS','5206909',52);
INSERT INTO cidade VALUES(5207105,'DIORAMA','5207105',52);
INSERT INTO cidade VALUES(5207253,'DOVERLANDIA','5207253',52);
INSERT INTO cidade VALUES(5207352,'EDEALINA','5207352',52);
INSERT INTO cidade VALUES(5207402,'EDEIA','5207402',52);
INSERT INTO cidade VALUES(5207501,'ESTRELA DO NORTE','5207501',52);
INSERT INTO cidade VALUES(5207535,'FAINA','5207535',52);
INSERT INTO cidade VALUES(5207600,'FAZENDA NOVA','5207600',52);
INSERT INTO cidade VALUES(5207808,'FIRMINOPOLIS','5207808',52);
INSERT INTO cidade VALUES(5207907,'FLORES DE GOIAS','5207907',52);
INSERT INTO cidade VALUES(5208004,'FORMOSA','5208004',52);
INSERT INTO cidade VALUES(5208103,'FORMOSO','5208103',52);
INSERT INTO cidade VALUES(5208152,'GAMELEIRA DE GOIAS','5208152',52);
INSERT INTO cidade VALUES(5208301,'DIVINOPOLIS DE GOIAS','5208301',52);
INSERT INTO cidade VALUES(5208400,'GOIANAPOLIS','5208400',52);
INSERT INTO cidade VALUES(5208509,'GOIANDIRA','5208509',52);
INSERT INTO cidade VALUES(5208608,'GOIANESIA','5208608',52);
INSERT INTO cidade VALUES(5208707,'GOIANIA','5208707',52);
INSERT INTO cidade VALUES(5208806,'GOIANIRA','5208806',52);
INSERT INTO cidade VALUES(5208905,'GOIAS','5208905',52);
INSERT INTO cidade VALUES(5209101,'GOIATUBA','5209101',52);
INSERT INTO cidade VALUES(5209150,'GOUVELANDIA','5209150',52);
INSERT INTO cidade VALUES(5209200,'GUAPO','5209200',52);
INSERT INTO cidade VALUES(5209291,'GUARAITA','5209291',52);
INSERT INTO cidade VALUES(5209408,'GUARANI DE GOIAS','5209408',52);
INSERT INTO cidade VALUES(5209457,'GUARINOS','5209457',52);
INSERT INTO cidade VALUES(5209606,'HEITORAI','5209606',52);
INSERT INTO cidade VALUES(5209705,'HIDROLANDIA','5209705',52);
INSERT INTO cidade VALUES(5209804,'HIDROLINA','5209804',52);
INSERT INTO cidade VALUES(5209903,'IACIARA','5209903',52);
INSERT INTO cidade VALUES(5209937,'INACIOLANDIA','5209937',52);
INSERT INTO cidade VALUES(5209952,'INDIARA','5209952',52);
INSERT INTO cidade VALUES(5210000,'INHUMAS','5210000',52);
INSERT INTO cidade VALUES(5210109,'IPAMERI','5210109',52);
INSERT INTO cidade VALUES(5210158,'IPIRANGA DE GOIAS','5210158',52);
INSERT INTO cidade VALUES(5210208,'IPORA','5210208',52);
INSERT INTO cidade VALUES(5210307,'ISRAELANDIA','5210307',52);
INSERT INTO cidade VALUES(5210406,'ITABERAI','5210406',52);
INSERT INTO cidade VALUES(5210562,'ITAGUARI','5210562',52);
INSERT INTO cidade VALUES(5210604,'ITAGUARU','5210604',52);
INSERT INTO cidade VALUES(5210802,'ITAJA','5210802',52);
INSERT INTO cidade VALUES(5210901,'ITAPACI','5210901',52);
INSERT INTO cidade VALUES(5211008,'ITAPIRAPUA','5211008',52);
INSERT INTO cidade VALUES(5211206,'ITAPURANGA','5211206',52);
INSERT INTO cidade VALUES(5211305,'ITARUMA','5211305',52);
INSERT INTO cidade VALUES(5211404,'ITAUCU','5211404',52);
INSERT INTO cidade VALUES(5211503,'ITUMBIARA','5211503',52);
INSERT INTO cidade VALUES(5211602,'IVOLANDIA','5211602',52);
INSERT INTO cidade VALUES(5211701,'JANDAIA','5211701',52);
INSERT INTO cidade VALUES(5211800,'JARAGUA','5211800',52);
INSERT INTO cidade VALUES(5211909,'JATAI','5211909',52);
INSERT INTO cidade VALUES(5212006,'JAUPACI','5212006',52);
INSERT INTO cidade VALUES(5212055,'JESUPOLIS','5212055',52);
INSERT INTO cidade VALUES(5212105,'JOVIANIA','5212105',52);
INSERT INTO cidade VALUES(5212204,'JUSSARA','5212204',52);
INSERT INTO cidade VALUES(5212253,'LAGOA SANTA','5212253',52);
INSERT INTO cidade VALUES(5212303,'LEOPOLDO DE BULHOES','5212303',52);
INSERT INTO cidade VALUES(5212501,'LUZIANIA','5212501',52);
INSERT INTO cidade VALUES(5212600,'MAIRIPOTABA','5212600',52);
INSERT INTO cidade VALUES(5212709,'MAMBAI','5212709',52);
INSERT INTO cidade VALUES(5212808,'MARA ROSA','5212808',52);
INSERT INTO cidade VALUES(5212907,'MARZAGAO','5212907',52);
INSERT INTO cidade VALUES(5212956,'MATRINCHA','5212956',52);
INSERT INTO cidade VALUES(5213004,'MAURILANDIA','5213004',52);
INSERT INTO cidade VALUES(5213053,'MIMOSO DE GOIAS','5213053',52);
INSERT INTO cidade VALUES(5213087,'MINACU','5213087',52);
INSERT INTO cidade VALUES(5213103,'MINEIROS','5213103',52);
INSERT INTO cidade VALUES(5213400,'MOIPORA','5213400',52);
INSERT INTO cidade VALUES(5213509,'MONTE ALEGRE DE GOIAS','5213509',52);
INSERT INTO cidade VALUES(5213707,'MONTES CLAROS DE GOIAS','5213707',52);
INSERT INTO cidade VALUES(5213756,'MONTIVIDIU','5213756',52);
INSERT INTO cidade VALUES(5213772,'MONTIVIDIU DO NORTE','5213772',52);
INSERT INTO cidade VALUES(5213806,'MORRINHOS','5213806',52);
INSERT INTO cidade VALUES(5213855,'MORRO AGUDO DE GOIAS','5213855',52);
INSERT INTO cidade VALUES(5213905,'MOSSAMEDES','5213905',52);
INSERT INTO cidade VALUES(5214002,'MOZARLANDIA','5214002',52);
INSERT INTO cidade VALUES(5214051,'MUNDO NOVO','5214051',52);
INSERT INTO cidade VALUES(5214101,'MUTUNOPOLIS','5214101',52);
INSERT INTO cidade VALUES(5214408,'NAZARIO','5214408',52);
INSERT INTO cidade VALUES(5214507,'NEROPOLIS','5214507',52);
INSERT INTO cidade VALUES(5214606,'NIQUELANDIA','5214606',52);
INSERT INTO cidade VALUES(5214705,'NOVA AMERICA','5214705',52);
INSERT INTO cidade VALUES(5214804,'NOVA AURORA','5214804',52);
INSERT INTO cidade VALUES(5214838,'NOVA CRIXAS','5214838',52);
INSERT INTO cidade VALUES(5214861,'NOVA GLORIA','5214861',52);
INSERT INTO cidade VALUES(5214879,'NOVA IGUACU DE GOIAS','5214879',52);
INSERT INTO cidade VALUES(5214903,'NOVA ROMA','5214903',52);
INSERT INTO cidade VALUES(5215009,'NOVA VENEZA','5215009',52);
INSERT INTO cidade VALUES(5215207,'NOVO BRASIL','5215207',52);
INSERT INTO cidade VALUES(5215231,'NOVO GAMA','5215231',52);
INSERT INTO cidade VALUES(5215256,'NOVO PLANALTO','5215256',52);
INSERT INTO cidade VALUES(5215306,'ORIZONA','5215306',52);
INSERT INTO cidade VALUES(5215405,'OURO VERDE DE GOIAS','5215405',52);
INSERT INTO cidade VALUES(5215504,'OUVIDOR','5215504',52);
INSERT INTO cidade VALUES(5215603,'PADRE BERNARDO','5215603',52);
INSERT INTO cidade VALUES(5215652,'PALESTINA DE GOIAS','5215652',52);
INSERT INTO cidade VALUES(5215702,'PALMEIRAS DE GOIAS','5215702',52);
INSERT INTO cidade VALUES(5215801,'PALMELO','5215801',52);
INSERT INTO cidade VALUES(5215900,'PALMINOPOLIS','5215900',52);
INSERT INTO cidade VALUES(5216007,'PANAMA','5216007',52);
INSERT INTO cidade VALUES(5216304,'PARANAIGUARA','5216304',52);
INSERT INTO cidade VALUES(5216403,'PARAUNA','5216403',52);
INSERT INTO cidade VALUES(5216452,'PEROLANDIA','5216452',52);
INSERT INTO cidade VALUES(5216809,'PETROLINA DE GOIAS','5216809',52);
INSERT INTO cidade VALUES(5216908,'PILAR DE GOIAS','5216908',52);
INSERT INTO cidade VALUES(5217104,'PIRACANJUBA','5217104',52);
INSERT INTO cidade VALUES(5217203,'PIRANHAS','5217203',52);
INSERT INTO cidade VALUES(5217302,'PIRENOPOLIS','5217302',52);
INSERT INTO cidade VALUES(5217401,'PIRES DO RIO','5217401',52);
INSERT INTO cidade VALUES(5217609,'PLANALTINA','5217609',52);
INSERT INTO cidade VALUES(5217708,'PONTALINA','5217708',52);
INSERT INTO cidade VALUES(5218003,'PORANGATU','5218003',52);
INSERT INTO cidade VALUES(5218052,'PORTEIRAO','5218052',52);
INSERT INTO cidade VALUES(5218102,'PORTELANDIA','5218102',52);
INSERT INTO cidade VALUES(5218300,'POSSE','5218300',52);
INSERT INTO cidade VALUES(5218391,'PROFESSOR JAMIL','5218391',52);
INSERT INTO cidade VALUES(5218508,'QUIRINOPOLIS','5218508',52);
INSERT INTO cidade VALUES(5218607,'RIALMA','5218607',52);
INSERT INTO cidade VALUES(5218706,'RIANAPOLIS','5218706',52);
INSERT INTO cidade VALUES(5218789,'RIO QUENTE','5218789',52);
INSERT INTO cidade VALUES(5218805,'RIO VERDE','5218805',52);
INSERT INTO cidade VALUES(5218904,'RUBIATABA','5218904',52);
INSERT INTO cidade VALUES(5219001,'SANCLERLANDIA','5219001',52);
INSERT INTO cidade VALUES(5219100,'SANTA BARBARA DE GOIAS','5219100',52);
INSERT INTO cidade VALUES(5219209,'SANTA CRUZ DE GOIAS','5219209',52);
INSERT INTO cidade VALUES(5219258,'SANTA FE DE GOIAS','5219258',52);
INSERT INTO cidade VALUES(5219308,'SANTA HELENA DE GOIAS','5219308',52);
INSERT INTO cidade VALUES(5219357,'SANTA ISABEL','5219357',52);
INSERT INTO cidade VALUES(5219407,'SANTA RITA DO ARAGUAIA','5219407',52);
INSERT INTO cidade VALUES(5219456,'SANTA RITA DO NOVO DESTINO','5219456',52);
INSERT INTO cidade VALUES(5219506,'SANTA ROSA DE GOIAS','5219506',52);
INSERT INTO cidade VALUES(5219605,'SANTA TEREZA DE GOIAS','5219605',52);
INSERT INTO cidade VALUES(5219704,'SANTA TEREZINHA DE GOIAS','5219704',52);
INSERT INTO cidade VALUES(5219712,'SANTO ANTONIO DA BARRA','5219712',52);
INSERT INTO cidade VALUES(5219738,'SANTO ANTONIO DE GOIAS','5219738',52);
INSERT INTO cidade VALUES(5219753,'SANTO ANTONIO DO DESCOBERTO','5219753',52);
INSERT INTO cidade VALUES(5219803,'SAO DOMINGOS','5219803',52);
INSERT INTO cidade VALUES(5219902,'SAO FRANCISCO DE GOIAS','5219902',52);
INSERT INTO cidade VALUES(5220009,'SAO JOAO D''ALIANCA','5220009',52);
INSERT INTO cidade VALUES(5220058,'SAO JOAO DA PARAUNA','5220058',52);
INSERT INTO cidade VALUES(5220108,'SAO LUIS DE MONTES BELOS','5220108',52);
INSERT INTO cidade VALUES(5220157,'SAO LUIZ DO NORTE','5220157',52);
INSERT INTO cidade VALUES(5220207,'SAO MIGUEL DO ARAGUAIA','5220207',52);
INSERT INTO cidade VALUES(5220264,'SAO MIGUEL DO PASSA QUATRO','5220264',52);
INSERT INTO cidade VALUES(5220280,'SAO PATRICIO','5220280',52);
INSERT INTO cidade VALUES(5220405,'SAO SIMAO','5220405',52);
INSERT INTO cidade VALUES(5220454,'SENADOR CANEDO','5220454',52);
INSERT INTO cidade VALUES(5220504,'SERRANOPOLIS','5220504',52);
INSERT INTO cidade VALUES(5220603,'SILVANIA','5220603',52);
INSERT INTO cidade VALUES(5220686,'SIMOLANDIA','5220686',52);
INSERT INTO cidade VALUES(5220702,'SITIO D''ABADIA','5220702',52);
INSERT INTO cidade VALUES(5221007,'TAQUARAL DE GOIAS','5221007',52);
INSERT INTO cidade VALUES(5221080,'TERESINA DE GOIAS','5221080',52);
INSERT INTO cidade VALUES(5221197,'TEREZOPOLIS DE GOIAS','5221197',52);
INSERT INTO cidade VALUES(5221304,'TRES RANCHOS','5221304',52);
INSERT INTO cidade VALUES(5221403,'TRINDADE','5221403',52);
INSERT INTO cidade VALUES(5221452,'TROMBAS','5221452',52);
INSERT INTO cidade VALUES(5221502,'TURVANIA','5221502',52);
INSERT INTO cidade VALUES(5221551,'TURVELANDIA','5221551',52);
INSERT INTO cidade VALUES(5221577,'UIRAPURU','5221577',52);
INSERT INTO cidade VALUES(5221601,'URUACU','5221601',52);
INSERT INTO cidade VALUES(5221700,'URUANA','5221700',52);
INSERT INTO cidade VALUES(5221809,'URUTAI','5221809',52);
INSERT INTO cidade VALUES(5221858,'VALPARAISO DE GOIAS','5221858',52);
INSERT INTO cidade VALUES(5221908,'VARJAO','5221908',52);
INSERT INTO cidade VALUES(5222005,'VIANOPOLIS','5222005',52);
INSERT INTO cidade VALUES(5222054,'VICENTINOPOLIS','5222054',52);
INSERT INTO cidade VALUES(5222203,'VILA BOA','5222203',52);
INSERT INTO cidade VALUES(5222302,'VILA PROPICIO','5222302',52);
INSERT INTO cidade VALUES(5300108,'BRASILIA','5300108',53);


CREATE TABLE projeto(
  id INTEGER PRIMARY KEY NOT NULL,
  nome TEXT
);
INSERT INTO projeto VALUES(1,'Software A');
INSERT INTO projeto VALUES(2,'Software B');


CREATE TABLE tipo_servico(
  id INTEGER PRIMARY KEY NOT NULL,
  nome VARCHAR(45)
);
INSERT INTO tipo_servico VALUES(1,'Consultoria');
INSERT INTO tipo_servico VALUES(2,'Licenciamento');


CREATE TABLE servico(
  id INTEGER PRIMARY KEY NOT NULL,
  nome TEXT,
  valor FLOAT,
  tipo_servico_id INTEGER NOT NULL,
  ativo CHAR(1),
  CONSTRAINT fk_servico_tipo_servico1
    FOREIGN KEY(tipo_servico_id)
    REFERENCES tipo_servico(id)
);
INSERT INTO servico VALUES(1,'CONSULTORIA PROGRAMAÇÃO',150.0,1,'Y');
INSERT INTO servico VALUES(2,'LICENCIAMENTO SOFTWARE A',500.0,2,'N');
INSERT INTO servico VALUES(3,'LICENCIAMENTO SOFTWARE B',800.0,2,'Y');


CREATE TABLE papel(
  id INTEGER PRIMARY KEY NOT NULL,
  nome TEXT
);
INSERT INTO papel VALUES(1,'Cliente');
INSERT INTO papel VALUES(2,'Colaborador');


CREATE TABLE tipo_contrato(
  id INTEGER PRIMARY KEY NOT NULL,
  nome TEXT
);
INSERT INTO tipo_contrato VALUES(1,'Licenciamento');
INSERT INTO tipo_contrato VALUES(2,'Consultoria');


CREATE TABLE grupo(
  id INTEGER PRIMARY KEY NOT NULL,
  nome TEXT
);
INSERT INTO grupo VALUES(1,'Indústria');
INSERT INTO grupo VALUES(2,'Comércio e serviço');
INSERT INTO grupo VALUES(3,'Público');
INSERT INTO grupo VALUES(4,'Ensino');


CREATE TABLE pessoa(
  id INTEGER PRIMARY KEY NOT NULL,
  nome TEXT,
  nome_fantasia TEXT,
  tipo CHAR(1),
  codigo_nacional TEXT,
  codigo_estadual TEXT,
  codigo_municipal TEXT,
  fone TEXT,
  email TEXT,
  observacao TEXT,
  cep TEXT,
  logradouro TEXT,
  numero TEXT,
  complemento TEXT,
  bairro TEXT,
  cidade_id INTEGER NOT NULL,
  created_at TIMESTAMP,
  updated_at TIMESTAMP,
  grupo_id INTEGER NOT NULL,
  CONSTRAINT fk_pessoa_cidade
    FOREIGN KEY(cidade_id)
    REFERENCES cidade(id),
  CONSTRAINT fk_pessoa_grupo1
    FOREIGN KEY(grupo_id)
    REFERENCES grupo(id)
);
INSERT INTO pessoa VALUES(1,'CARRO LIMPO SERVIÇOS DE LAVAGEM','CARRO LIMPO','J','71117400000120',NULL,NULL,'1212341234','teste@email.com',NULL,'79.904-158','Rua Castro Alves','1',NULL,'Bairro da Saudade',5006606,'2019-11-20 22:42:52',NULL,2);
INSERT INTO pessoa VALUES(2,'BOM DOCE CONFEITARIA','BOM DOCE','J','78616274000105',NULL,NULL,'1212341234','teste@email.com',NULL,'44.072-212','Rua Abelardo Luz','123',NULL,'Santo Antônio dos Prazeres',2910800,'2019-11-20 22:46:05',NULL,2);
INSERT INTO pessoa VALUES(3,'INTELLIGENCE FACULDADES INTEGRADAS','INTELLIGENCE','J','85752243000139',NULL,NULL,'1212341234','teste@email.com',NULL,'72.310-311','QN 502 Conjunto 11','1',NULL,'Samambaia Sul (Samambaia)',5300108,'2019-11-20 22:47:47',NULL,4);
INSERT INTO pessoa VALUES(4,'UNI TUDO UNIVERSIDADES INTEGRADAS','UNI TUDO','J','85955525000133',NULL,NULL,'1212341234','teste@email.com',NULL,'74.487-175','Rua SM 39','1',NULL,'Residencial São Marcos',5208707,'2019-11-20 22:51:56','2019-11-20 23:01:10',4);
INSERT INTO pessoa VALUES(5,'MDF MÓVEIS SOB MEDIDA','MDF MÓVEIS','J','47314833000190',NULL,NULL,'1212341234','teste@email.com',NULL,'35.302-439','Rua Pau Brasil','1',NULL,'Zacarias',3113404,'2019-11-20 22:54:06',NULL,1);
INSERT INTO pessoa VALUES(6,'GOOD MEDICINE INDÚSTRIA FARMACÉUTICA','GOOD MEDICINE','J','90952993000194',NULL,NULL,'1212341234','teste@email.com',NULL,'54.230-284','Rua Columbina','1','(Ur-11)','Zumbi do Pacheco',2607901,'2019-11-20 23:04:47',NULL,1);
INSERT INTO pessoa VALUES(7,'MUNICÍPIO TESTE 1','MUNICÍPIO TESTE 1','J','75310632000150',NULL,NULL,'1212341234','teste@email.com',NULL,'88.311-400','Avenida Nereu Ramos','1','até 498/499','Murta',4208203,'2019-11-20 23:06:14',NULL,3);
INSERT INTO pessoa VALUES(8,'MUNICÍPIO TESTE 2','MUNICÍPIO TESTE 2','J','48286657000193',NULL,NULL,'1212341234','teste@email.com',NULL,'13.453-212','Rua Ranieri Mazzili','1',NULL,'Conjunto Habitacional 31 de Março (COHAB)',3545803,'2019-11-20 23:07:20',NULL,3);
INSERT INTO pessoa VALUES(9,'TELE COM SERVICOS TELEFONICOS','TELE COM','J','56003749000147',NULL,NULL,'1212341234','teste@email.com',NULL,'49.020-490','Rua Urquiza Leal','1','até 693/694','Salgado Filho',2800308,'2019-11-20 23:12:48',NULL,2);
INSERT INTO pessoa VALUES(10,'TOUCH TECIDOS LTDA','TOUCH','J','66726056000136',NULL,NULL,'1212341234','teste@teste.com',NULL,'06.717-270','Rua Caiapó','1',NULL,'Recanto dos Victor''s',3513009,'2019-11-20 23:16:56',NULL,1);


CREATE TABLE pessoa_papel(
  id INTEGER,
  pessoa_id INTEGER NOT NULL,
  papel_id INTEGER NOT NULL,
  CONSTRAINT fk_pessoa_has_papel_pessoa1
    FOREIGN KEY(pessoa_id)
    REFERENCES pessoa(id),
  CONSTRAINT fk_pessoa_has_papel_papel1
    FOREIGN KEY(papel_id)
    REFERENCES papel(id)
);
INSERT INTO pessoa_papel VALUES(1,1,1);
INSERT INTO pessoa_papel VALUES(2,2,1);
INSERT INTO pessoa_papel VALUES(3,3,1);
INSERT INTO pessoa_papel VALUES(5,5,1);
INSERT INTO pessoa_papel VALUES(6,4,1);
INSERT INTO pessoa_papel VALUES(7,6,1);
INSERT INTO pessoa_papel VALUES(8,7,1);
INSERT INTO pessoa_papel VALUES(9,8,1);
INSERT INTO pessoa_papel VALUES(10,9,1);
INSERT INTO pessoa_papel VALUES(11,10,1);


CREATE TABLE contrato(
  id INTEGER PRIMARY KEY NOT NULL,
  cliente_id INTEGER NOT NULL,
  tipo_contrato_id INTEGER NOT NULL,
  ativo CHAR(1),
  dt_inicio DATE,
  dt_fim DATE,
  obs TEXT,
  CONSTRAINT fk_contrato_pessoa1
    FOREIGN KEY(cliente_id)
    REFERENCES pessoa(id),
  CONSTRAINT fk_contrato_tipo_contrato1
    FOREIGN KEY(tipo_contrato_id)
    REFERENCES tipo_contrato(id)
);
INSERT INTO contrato VALUES(1,2,2,'Y','2018-11-21','2025-11-21',NULL);
INSERT INTO contrato VALUES(2,1,1,'Y','2018-11-21','2025-11-21',NULL);
INSERT INTO contrato VALUES(3,6,2,'N','2018-11-21','2025-11-21',NULL);
INSERT INTO contrato VALUES(4,3,1,'Y','2018-11-21','2025-11-21',NULL);
INSERT INTO contrato VALUES(5,5,2,'Y','2018-11-21','2024-11-21',NULL);
INSERT INTO contrato VALUES(6,7,1,'Y','2018-11-21','2025-11-21',NULL);
INSERT INTO contrato VALUES(7,8,1,'N','2018-11-21','2025-11-21',NULL);
INSERT INTO contrato VALUES(8,9,2,'Y','2018-11-21','2025-11-21',NULL);
INSERT INTO contrato VALUES(9,10,1,'Y','2018-11-21','2025-11-21',NULL);
INSERT INTO contrato VALUES(10,4,1,'Y','2018-11-21','2025-11-21',NULL);


CREATE TABLE fase (
	id integer primary key not null, 
	nome text,
	ordem int,
	projeto_id int references projeto(id)
);
INSERT INTO fase VALUES(1,'Backlog',999,1);
INSERT INTO fase VALUES(2,'TODO',999,1);
INSERT INTO fase VALUES(3,'DOING',999,1);
INSERT INTO fase VALUES(4,'DONE',999,1);

CREATE TABLE atividade(
  id INTEGER PRIMARY KEY NOT NULL,
  nome TEXT,
  conteudo TEXT,
  cor TEXT,
  ordem TEXT,
  fase_id INTEGER NOT NULL,
  CONSTRAINT fk_atividade_fase1
    FOREIGN KEY(fase_id)
    REFERENCES fase(id)
);


INSERT INTO atividade VALUES(1,'Task 1','abc','#379a5c','1',1);
INSERT INTO atividade VALUES(2,'Task 2','<p>abc</p>','#9962aa','2',1);
INSERT INTO atividade VALUES(3,'Test 1','<p>abc</p>','#267e3c','999',2);


CREATE TABLE contrato_item(
  id INTEGER PRIMARY KEY NOT NULL,
  servico_id INTEGER NOT NULL,
  contrato_id INTEGER NOT NULL,
  valor FLOAT,
  quantidade FLOAT,
  total FLOAT,
  CONSTRAINT fk_table1_servico1
    FOREIGN KEY(servico_id)
    REFERENCES servico(id),
  CONSTRAINT fk_table1_contrato1
    FOREIGN KEY(contrato_id)
    REFERENCES contrato(id)
);
INSERT INTO contrato_item VALUES(2,3,2,800.0,1.0,800.0);
INSERT INTO contrato_item VALUES(3,1,1,150.0,1.0,150.0);
INSERT INTO contrato_item VALUES(4,1,3,150.0,1.0,150.0);
INSERT INTO contrato_item VALUES(5,3,4,800.0,1.0,800.0);
INSERT INTO contrato_item VALUES(6,1,5,150.0,1.0,150.0);
INSERT INTO contrato_item VALUES(7,3,6,800.0,1.0,800.0);
INSERT INTO contrato_item VALUES(8,3,7,800.0,1.0,800.0);
INSERT INTO contrato_item VALUES(9,1,8,150.0,1.0,150.0);
INSERT INTO contrato_item VALUES(10,3,9,800.0,1.0,800.0);
INSERT INTO contrato_item VALUES(11,3,10,800.0,1.0,800.0);


CREATE TABLE fatura(
  id INTEGER PRIMARY KEY NOT NULL,
  cliente_id INTEGER NOT NULL,
  dt_fatura DATE,
  total FLOAT,
  financeiro_gerado CHAR(1), mes char(2), ano char(4), ativo char(1),
  CONSTRAINT fk_fatura_pessoa1
    FOREIGN KEY(cliente_id)
    REFERENCES pessoa(id)
);
INSERT INTO fatura VALUES(1,2,'2019-01-20',150.0,'Y','01','2019','Y');
INSERT INTO fatura VALUES(2,1,'2019-01-20',800.0,'Y','01','2019','Y');
INSERT INTO fatura VALUES(3,3,'2019-01-20',800.0,'Y','01','2019','Y');
INSERT INTO fatura VALUES(4,5,'2019-01-20',150.0,'Y','01','2019','Y');
INSERT INTO fatura VALUES(5,7,'2019-01-20',800.0,'Y','01','2019','Y');
INSERT INTO fatura VALUES(6,9,'2019-01-20',150.0,'Y','01','2019','Y');
INSERT INTO fatura VALUES(7,10,'2019-01-20',800.0,'Y','01','2019','Y');
INSERT INTO fatura VALUES(8,4,'2019-01-20',800.0,'Y','01','2019','Y');
INSERT INTO fatura VALUES(9,10,'2019-01-20',800.0,'Y','01','2019','N');
INSERT INTO fatura VALUES(10,4,'2019-01-20',800.0,'Y','01','2019','N');
INSERT INTO fatura VALUES(11,2,'2019-02-20',150.0,'Y','02','2019','Y');
INSERT INTO fatura VALUES(12,1,'2019-02-20',800.0,'Y','02','2019','Y');
INSERT INTO fatura VALUES(13,3,'2019-02-20',800.0,'Y','02','2019','Y');
INSERT INTO fatura VALUES(14,5,'2019-02-20',150.0,'Y','02','2019','Y');
INSERT INTO fatura VALUES(15,7,'2019-02-20',800.0,'Y','02','2019','Y');
INSERT INTO fatura VALUES(16,9,'2019-02-20',150.0,'Y','02','2019','Y');
INSERT INTO fatura VALUES(17,10,'2019-02-20',800.0,'Y','02','2019','Y');
INSERT INTO fatura VALUES(18,4,'2019-02-20',800.0,'Y','02','2019','Y');
INSERT INTO fatura VALUES(19,2,'2019-03-20',150.0,'Y','03','2019','Y');
INSERT INTO fatura VALUES(20,1,'2019-03-20',800.0,'Y','03','2019','Y');
INSERT INTO fatura VALUES(21,3,'2019-03-20',800.0,'Y','03','2019','Y');
INSERT INTO fatura VALUES(22,5,'2019-03-20',150.0,'Y','03','2019','Y');
INSERT INTO fatura VALUES(23,7,'2019-03-20',800.0,'Y','03','2019','Y');
INSERT INTO fatura VALUES(24,9,'2019-03-20',150.0,'Y','03','2019','Y');
INSERT INTO fatura VALUES(25,10,'2019-03-20',800.0,'Y','03','2019','Y');
INSERT INTO fatura VALUES(26,4,'2019-03-20',800.0,'Y','03','2019','Y');
INSERT INTO fatura VALUES(27,2,'2019-04-20',150.0,'Y','04','2019','Y');
INSERT INTO fatura VALUES(28,1,'2019-04-20',800.0,'Y','04','2019','Y');
INSERT INTO fatura VALUES(29,3,'2019-04-20',800.0,'Y','04','2019','Y');
INSERT INTO fatura VALUES(30,5,'2019-04-20',150.0,'Y','04','2019','Y');
INSERT INTO fatura VALUES(31,7,'2019-04-20',800.0,'Y','04','2019','Y');
INSERT INTO fatura VALUES(32,9,'2019-04-20',150.0,'Y','04','2019','Y');
INSERT INTO fatura VALUES(33,10,'2019-04-20',800.0,'Y','04','2019','Y');
INSERT INTO fatura VALUES(34,4,'2019-04-20',800.0,'Y','04','2019','Y');
INSERT INTO fatura VALUES(35,2,'2019-05-20',150.0,'Y','05','2019','Y');
INSERT INTO fatura VALUES(36,1,'2019-05-20',800.0,'Y','05','2019','Y');
INSERT INTO fatura VALUES(37,3,'2019-05-20',800.0,'Y','05','2019','Y');
INSERT INTO fatura VALUES(38,5,'2019-05-20',150.0,'Y','05','2019','Y');
INSERT INTO fatura VALUES(39,7,'2019-05-20',800.0,'Y','05','2019','Y');
INSERT INTO fatura VALUES(40,9,'2019-05-20',150.0,'Y','05','2019','Y');
INSERT INTO fatura VALUES(41,10,'2019-05-20',800.0,'Y','05','2019','Y');
INSERT INTO fatura VALUES(42,4,'2019-05-20',800.0,'Y','05','2019','Y');
INSERT INTO fatura VALUES(43,2,'2019-06-20',150.0,'Y','06','2019','Y');
INSERT INTO fatura VALUES(44,1,'2019-06-20',800.0,'Y','06','2019','Y');
INSERT INTO fatura VALUES(45,3,'2019-06-20',800.0,'Y','06','2019','Y');
INSERT INTO fatura VALUES(46,5,'2019-06-20',150.0,'Y','06','2019','Y');
INSERT INTO fatura VALUES(47,7,'2019-06-20',800.0,'Y','06','2019','Y');
INSERT INTO fatura VALUES(48,9,'2019-06-20',150.0,'Y','06','2019','Y');
INSERT INTO fatura VALUES(49,10,'2019-06-20',800.0,'Y','06','2019','Y');
INSERT INTO fatura VALUES(50,4,'2019-06-20',800.0,'Y','06','2019','Y');
INSERT INTO fatura VALUES(51,2,'2019-07-20',150.0,'Y','07','2019','Y');
INSERT INTO fatura VALUES(52,1,'2019-07-20',800.0,'Y','07','2019','Y');
INSERT INTO fatura VALUES(53,3,'2019-07-20',800.0,'Y','07','2019','Y');
INSERT INTO fatura VALUES(54,5,'2019-07-20',150.0,'Y','07','2019','Y');
INSERT INTO fatura VALUES(55,7,'2019-07-20',800.0,'Y','07','2019','Y');
INSERT INTO fatura VALUES(56,9,'2019-07-20',150.0,'Y','07','2019','Y');
INSERT INTO fatura VALUES(57,10,'2019-07-20',800.0,'Y','07','2019','Y');
INSERT INTO fatura VALUES(58,4,'2019-07-20',800.0,'Y','07','2019','Y');
INSERT INTO fatura VALUES(59,2,'2019-08-20',150.0,'Y','08','2019','Y');
INSERT INTO fatura VALUES(60,1,'2019-08-20',800.0,'Y','08','2019','Y');
INSERT INTO fatura VALUES(61,3,'2019-08-20',800.0,'Y','08','2019','Y');
INSERT INTO fatura VALUES(62,5,'2019-08-20',150.0,'Y','08','2019','Y');
INSERT INTO fatura VALUES(63,7,'2019-08-20',800.0,'Y','08','2019','Y');
INSERT INTO fatura VALUES(64,9,'2019-08-20',150.0,'Y','08','2019','Y');
INSERT INTO fatura VALUES(65,10,'2019-08-20',800.0,'Y','08','2019','Y');
INSERT INTO fatura VALUES(66,4,'2019-08-20',800.0,'Y','08','2019','Y');
INSERT INTO fatura VALUES(67,2,'2019-09-20',150.0,'Y','09','2019','Y');
INSERT INTO fatura VALUES(68,1,'2019-09-20',800.0,'Y','09','2019','Y');
INSERT INTO fatura VALUES(69,3,'2019-09-20',800.0,'Y','09','2019','Y');
INSERT INTO fatura VALUES(70,5,'2019-09-20',150.0,'Y','09','2019','Y');
INSERT INTO fatura VALUES(71,7,'2019-09-20',800.0,'Y','09','2019','Y');
INSERT INTO fatura VALUES(72,9,'2019-09-20',150.0,'Y','09','2019','Y');
INSERT INTO fatura VALUES(73,10,'2019-09-20',800.0,'Y','09','2019','Y');
INSERT INTO fatura VALUES(74,4,'2019-09-20',800.0,'Y','09','2019','Y');
INSERT INTO fatura VALUES(75,2,'2019-10-20',150.0,'Y','10','2019','Y');
INSERT INTO fatura VALUES(76,1,'2019-10-20',800.0,'Y','10','2019','Y');
INSERT INTO fatura VALUES(77,3,'2019-10-20',800.0,'Y','10','2019','Y');
INSERT INTO fatura VALUES(78,5,'2019-10-20',150.0,'Y','10','2019','Y');
INSERT INTO fatura VALUES(79,7,'2019-10-20',800.0,'Y','10','2019','Y');
INSERT INTO fatura VALUES(80,9,'2019-10-20',150.0,'Y','10','2019','Y');
INSERT INTO fatura VALUES(81,10,'2019-10-20',800.0,'Y','10','2019','Y');
INSERT INTO fatura VALUES(82,4,'2019-10-20',800.0,'Y','10','2019','Y');
INSERT INTO fatura VALUES(83,2,'2019-11-20',150.0,'Y','11','2019','Y');
INSERT INTO fatura VALUES(84,1,'2019-11-20',800.0,'Y','11','2019','Y');
INSERT INTO fatura VALUES(85,3,'2019-11-20',800.0,'Y','11','2019','Y');
INSERT INTO fatura VALUES(86,5,'2019-11-20',150.0,'Y','11','2019','Y');
INSERT INTO fatura VALUES(87,7,'2019-11-20',800.0,'Y','11','2019','Y');
INSERT INTO fatura VALUES(88,9,'2019-11-20',150.0,'Y','11','2019','Y');
INSERT INTO fatura VALUES(89,10,'2019-11-20',800.0,'Y','11','2019','Y');
INSERT INTO fatura VALUES(90,4,'2019-11-20',800.0,'Y','11','2019','Y');
INSERT INTO fatura VALUES(91,2,'2019-12-20',150.0,'Y','12','2019','Y');
INSERT INTO fatura VALUES(92,1,'2019-12-20',800.0,'Y','12','2019','Y');
INSERT INTO fatura VALUES(93,3,'2019-12-20',800.0,'Y','12','2019','Y');
INSERT INTO fatura VALUES(94,5,'2019-12-20',150.0,'Y','12','2019','Y');
INSERT INTO fatura VALUES(95,7,'2019-12-20',800.0,'Y','12','2019','Y');
INSERT INTO fatura VALUES(96,9,'2019-12-20',150.0,'Y','12','2019','Y');
INSERT INTO fatura VALUES(97,10,'2019-12-20',800.0,'Y','12','2019','Y');
INSERT INTO fatura VALUES(98,4,'2019-12-20',800.0,'Y','12','2019','Y');
INSERT INTO fatura VALUES(99,7,'2019-11-21',200.0,'N','11','2019','Y');
INSERT INTO fatura VALUES(100,8,'2019-11-21',150.0,'N','11','2019','Y');


CREATE TABLE fatura_item(
  id INTEGER PRIMARY KEY NOT NULL,
  servico_id INTEGER NOT NULL,
  fatura_id INTEGER NOT NULL,
  valor FLOAT,
  quantidade FLOAT,
  total FLOAT,
  CONSTRAINT fk_fatura_item_servico1
    FOREIGN KEY(servico_id)
    REFERENCES servico(id),
  CONSTRAINT fk_fatura_item_fatura1
    FOREIGN KEY(fatura_id)
    REFERENCES fatura(id)
);
INSERT INTO fatura_item VALUES(1,1,1,150.0,1.0,150.0);
INSERT INTO fatura_item VALUES(2,3,2,800.0,1.0,800.0);
INSERT INTO fatura_item VALUES(3,3,3,800.0,1.0,800.0);
INSERT INTO fatura_item VALUES(4,1,4,150.0,1.0,150.0);
INSERT INTO fatura_item VALUES(5,3,5,800.0,1.0,800.0);
INSERT INTO fatura_item VALUES(6,1,6,150.0,1.0,150.0);
INSERT INTO fatura_item VALUES(7,3,7,800.0,1.0,800.0);
INSERT INTO fatura_item VALUES(8,3,8,800.0,1.0,800.0);
INSERT INTO fatura_item VALUES(9,3,9,800.0,1.0,800.0);
INSERT INTO fatura_item VALUES(10,3,10,800.0,1.0,800.0);
INSERT INTO fatura_item VALUES(11,1,11,150.0,1.0,150.0);
INSERT INTO fatura_item VALUES(12,3,12,800.0,1.0,800.0);
INSERT INTO fatura_item VALUES(13,3,13,800.0,1.0,800.0);
INSERT INTO fatura_item VALUES(14,1,14,150.0,1.0,150.0);
INSERT INTO fatura_item VALUES(15,3,15,800.0,1.0,800.0);
INSERT INTO fatura_item VALUES(16,1,16,150.0,1.0,150.0);
INSERT INTO fatura_item VALUES(17,3,17,800.0,1.0,800.0);
INSERT INTO fatura_item VALUES(18,3,18,800.0,1.0,800.0);
INSERT INTO fatura_item VALUES(19,1,19,150.0,1.0,150.0);
INSERT INTO fatura_item VALUES(20,3,20,800.0,1.0,800.0);
INSERT INTO fatura_item VALUES(21,3,21,800.0,1.0,800.0);
INSERT INTO fatura_item VALUES(22,1,22,150.0,1.0,150.0);
INSERT INTO fatura_item VALUES(23,3,23,800.0,1.0,800.0);
INSERT INTO fatura_item VALUES(24,1,24,150.0,1.0,150.0);
INSERT INTO fatura_item VALUES(25,3,25,800.0,1.0,800.0);
INSERT INTO fatura_item VALUES(26,3,26,800.0,1.0,800.0);
INSERT INTO fatura_item VALUES(27,1,27,150.0,1.0,150.0);
INSERT INTO fatura_item VALUES(28,3,28,800.0,1.0,800.0);
INSERT INTO fatura_item VALUES(29,3,29,800.0,1.0,800.0);
INSERT INTO fatura_item VALUES(30,1,30,150.0,1.0,150.0);
INSERT INTO fatura_item VALUES(31,3,31,800.0,1.0,800.0);
INSERT INTO fatura_item VALUES(32,1,32,150.0,1.0,150.0);
INSERT INTO fatura_item VALUES(33,3,33,800.0,1.0,800.0);
INSERT INTO fatura_item VALUES(34,3,34,800.0,1.0,800.0);
INSERT INTO fatura_item VALUES(35,1,35,150.0,1.0,150.0);
INSERT INTO fatura_item VALUES(36,3,36,800.0,1.0,800.0);
INSERT INTO fatura_item VALUES(37,3,37,800.0,1.0,800.0);
INSERT INTO fatura_item VALUES(38,1,38,150.0,1.0,150.0);
INSERT INTO fatura_item VALUES(39,3,39,800.0,1.0,800.0);
INSERT INTO fatura_item VALUES(40,1,40,150.0,1.0,150.0);
INSERT INTO fatura_item VALUES(41,3,41,800.0,1.0,800.0);
INSERT INTO fatura_item VALUES(42,3,42,800.0,1.0,800.0);
INSERT INTO fatura_item VALUES(43,1,43,150.0,1.0,150.0);
INSERT INTO fatura_item VALUES(44,3,44,800.0,1.0,800.0);
INSERT INTO fatura_item VALUES(45,3,45,800.0,1.0,800.0);
INSERT INTO fatura_item VALUES(46,1,46,150.0,1.0,150.0);
INSERT INTO fatura_item VALUES(47,3,47,800.0,1.0,800.0);
INSERT INTO fatura_item VALUES(48,1,48,150.0,1.0,150.0);
INSERT INTO fatura_item VALUES(49,3,49,800.0,1.0,800.0);
INSERT INTO fatura_item VALUES(50,3,50,800.0,1.0,800.0);
INSERT INTO fatura_item VALUES(51,1,51,150.0,1.0,150.0);
INSERT INTO fatura_item VALUES(52,3,52,800.0,1.0,800.0);
INSERT INTO fatura_item VALUES(53,3,53,800.0,1.0,800.0);
INSERT INTO fatura_item VALUES(54,1,54,150.0,1.0,150.0);
INSERT INTO fatura_item VALUES(55,3,55,800.0,1.0,800.0);
INSERT INTO fatura_item VALUES(56,1,56,150.0,1.0,150.0);
INSERT INTO fatura_item VALUES(57,3,57,800.0,1.0,800.0);
INSERT INTO fatura_item VALUES(58,3,58,800.0,1.0,800.0);
INSERT INTO fatura_item VALUES(59,1,59,150.0,1.0,150.0);
INSERT INTO fatura_item VALUES(60,3,60,800.0,1.0,800.0);
INSERT INTO fatura_item VALUES(61,3,61,800.0,1.0,800.0);
INSERT INTO fatura_item VALUES(62,1,62,150.0,1.0,150.0);
INSERT INTO fatura_item VALUES(63,3,63,800.0,1.0,800.0);
INSERT INTO fatura_item VALUES(64,1,64,150.0,1.0,150.0);
INSERT INTO fatura_item VALUES(65,3,65,800.0,1.0,800.0);
INSERT INTO fatura_item VALUES(66,3,66,800.0,1.0,800.0);
INSERT INTO fatura_item VALUES(67,1,67,150.0,1.0,150.0);
INSERT INTO fatura_item VALUES(68,3,68,800.0,1.0,800.0);
INSERT INTO fatura_item VALUES(69,3,69,800.0,1.0,800.0);
INSERT INTO fatura_item VALUES(70,1,70,150.0,1.0,150.0);
INSERT INTO fatura_item VALUES(71,3,71,800.0,1.0,800.0);
INSERT INTO fatura_item VALUES(72,1,72,150.0,1.0,150.0);
INSERT INTO fatura_item VALUES(73,3,73,800.0,1.0,800.0);
INSERT INTO fatura_item VALUES(74,3,74,800.0,1.0,800.0);
INSERT INTO fatura_item VALUES(75,1,75,150.0,1.0,150.0);
INSERT INTO fatura_item VALUES(76,3,76,800.0,1.0,800.0);
INSERT INTO fatura_item VALUES(77,3,77,800.0,1.0,800.0);
INSERT INTO fatura_item VALUES(78,1,78,150.0,1.0,150.0);
INSERT INTO fatura_item VALUES(79,3,79,800.0,1.0,800.0);
INSERT INTO fatura_item VALUES(80,1,80,150.0,1.0,150.0);
INSERT INTO fatura_item VALUES(81,3,81,800.0,1.0,800.0);
INSERT INTO fatura_item VALUES(82,3,82,800.0,1.0,800.0);
INSERT INTO fatura_item VALUES(83,1,83,150.0,1.0,150.0);
INSERT INTO fatura_item VALUES(84,3,84,800.0,1.0,800.0);
INSERT INTO fatura_item VALUES(85,3,85,800.0,1.0,800.0);
INSERT INTO fatura_item VALUES(86,1,86,150.0,1.0,150.0);
INSERT INTO fatura_item VALUES(87,3,87,800.0,1.0,800.0);
INSERT INTO fatura_item VALUES(88,1,88,150.0,1.0,150.0);
INSERT INTO fatura_item VALUES(89,3,89,800.0,1.0,800.0);
INSERT INTO fatura_item VALUES(90,3,90,800.0,1.0,800.0);
INSERT INTO fatura_item VALUES(91,1,91,150.0,1.0,150.0);
INSERT INTO fatura_item VALUES(92,3,92,800.0,1.0,800.0);
INSERT INTO fatura_item VALUES(93,3,93,800.0,1.0,800.0);
INSERT INTO fatura_item VALUES(94,1,94,150.0,1.0,150.0);
INSERT INTO fatura_item VALUES(95,3,95,800.0,1.0,800.0);
INSERT INTO fatura_item VALUES(96,1,96,150.0,1.0,150.0);
INSERT INTO fatura_item VALUES(97,3,97,800.0,1.0,800.0);
INSERT INTO fatura_item VALUES(98,3,98,800.0,1.0,800.0);
INSERT INTO fatura_item VALUES(101,1,99,200.0,1.0,200.0);
INSERT INTO fatura_item VALUES(102,1,100,150.0,1.0,150.0);


CREATE TABLE conta_receber(
  id INTEGER PRIMARY KEY NOT NULL,
  dt_emissao DATE,
  dt_vencimento DATE,
  dt_pagamento DATE,
  pessoa_id INTEGER NOT NULL,
  valor FLOAT,
  obs TEXT, mes char(2), ano char(4), ativo char(1),
  CONSTRAINT fk_conta_receber_pessoa1
    FOREIGN KEY(pessoa_id)
    REFERENCES pessoa(id)
);

INSERT INTO conta_receber VALUES(1,'2019-01-20','2019-02-28','2019-02-15',2,150.0,NULL,'01','2019','Y');
INSERT INTO conta_receber VALUES(2,'2019-01-20','2019-02-28','2019-02-15',1,800.0,NULL,'01','2019','Y');
INSERT INTO conta_receber VALUES(3,'2019-01-20','2019-02-28','2019-02-15',3,800.0,NULL,'01','2019','Y');
INSERT INTO conta_receber VALUES(4,'2019-01-20','2019-02-28','2019-02-15',5,150.0,NULL,'01','2019','Y');
INSERT INTO conta_receber VALUES(5,'2019-01-20','2019-02-28','2019-02-15',7,800.0,NULL,'01','2019','Y');
INSERT INTO conta_receber VALUES(6,'2019-01-20','2019-02-28','2019-02-15',9,150.0,NULL,'01','2019','Y');
INSERT INTO conta_receber VALUES(7,'2019-01-20','2019-02-28','2019-02-15',10,800.0,NULL,'01','2019','Y');
INSERT INTO conta_receber VALUES(8,'2019-01-20','2019-02-28','2019-02-15',4,800.0,NULL,'01','2019','Y');
INSERT INTO conta_receber VALUES(9,'2019-01-20','2019-02-28',NULL,10,800.0,NULL,'02','2019','N');
INSERT INTO conta_receber VALUES(10,'2019-01-20','2019-02-28',NULL,4,800.0,NULL,'02','2019','N');
INSERT INTO conta_receber VALUES(11,'2019-02-20','2019-03-31','2019-03-15',2,150.0,NULL,'02','2019','Y');
INSERT INTO conta_receber VALUES(12,'2019-02-20','2019-03-31','2019-03-15',1,800.0,NULL,'02','2019','Y');
INSERT INTO conta_receber VALUES(13,'2019-02-20','2019-03-31','2019-03-15',3,800.0,NULL,'02','2019','Y');
INSERT INTO conta_receber VALUES(14,'2019-02-20','2019-03-31','2019-03-15',5,150.0,NULL,'02','2019','Y');
INSERT INTO conta_receber VALUES(15,'2019-02-20','2019-03-31','2019-03-15',7,800.0,NULL,'02','2019','Y');
INSERT INTO conta_receber VALUES(16,'2019-02-20','2019-03-31','2019-03-15',9,150.0,NULL,'02','2019','Y');
INSERT INTO conta_receber VALUES(17,'2019-02-20','2019-03-31','2019-03-15',10,800.0,NULL,'02','2019','Y');
INSERT INTO conta_receber VALUES(18,'2019-02-20','2019-03-31','2019-03-15',4,800.0,NULL,'02','2019','Y');
INSERT INTO conta_receber VALUES(19,'2019-03-20','2019-04-30','2019-04-15',2,150.0,NULL,'03','2019','Y');
INSERT INTO conta_receber VALUES(20,'2019-03-20','2019-04-30','2019-04-15',1,800.0,NULL,'03','2019','Y');
INSERT INTO conta_receber VALUES(21,'2019-03-20','2019-04-30','2019-04-15',3,800.0,NULL,'03','2019','Y');
INSERT INTO conta_receber VALUES(22,'2019-03-20','2019-04-30','2019-04-15',5,150.0,NULL,'03','2019','Y');
INSERT INTO conta_receber VALUES(23,'2019-03-20','2019-04-30','2019-04-15',7,800.0,NULL,'03','2019','Y');
INSERT INTO conta_receber VALUES(24,'2019-03-20','2019-04-30','2019-04-15',9,150.0,NULL,'03','2019','Y');
INSERT INTO conta_receber VALUES(25,'2019-03-20','2019-04-30','2019-04-15',10,800.0,NULL,'03','2019','Y');
INSERT INTO conta_receber VALUES(26,'2019-03-20','2019-04-30','2019-04-15',4,800.0,NULL,'03','2019','Y');
INSERT INTO conta_receber VALUES(27,'2019-04-20','2019-05-31','2019-05-15',2,150.0,NULL,'04','2019','Y');
INSERT INTO conta_receber VALUES(28,'2019-04-20','2019-05-31','2019-05-15',1,800.0,NULL,'04','2019','Y');
INSERT INTO conta_receber VALUES(29,'2019-04-20','2019-05-31','2019-05-15',3,800.0,NULL,'04','2019','Y');
INSERT INTO conta_receber VALUES(30,'2019-04-20','2019-05-31','2019-05-15',5,150.0,NULL,'04','2019','Y');
INSERT INTO conta_receber VALUES(31,'2019-04-20','2019-05-31','2019-05-15',7,800.0,NULL,'04','2019','Y');
INSERT INTO conta_receber VALUES(32,'2019-04-20','2019-05-31','2019-05-15',9,150.0,NULL,'04','2019','Y');
INSERT INTO conta_receber VALUES(33,'2019-04-20','2019-05-31','2019-05-15',10,800.0,NULL,'04','2019','Y');
INSERT INTO conta_receber VALUES(34,'2019-04-20','2019-05-31','2019-05-15',4,800.0,NULL,'04','2019','Y');
INSERT INTO conta_receber VALUES(35,'2019-05-20','2019-06-30','2019-06-15',2,150.0,NULL,'05','2019','Y');
INSERT INTO conta_receber VALUES(36,'2019-05-20','2019-06-30','2019-06-15',1,800.0,NULL,'05','2019','Y');
INSERT INTO conta_receber VALUES(37,'2019-05-20','2019-06-30','2019-06-15',3,800.0,NULL,'05','2019','Y');
INSERT INTO conta_receber VALUES(38,'2019-05-20','2019-06-30','2019-06-15',5,150.0,NULL,'05','2019','Y');
INSERT INTO conta_receber VALUES(39,'2019-05-20','2019-06-30','2019-06-15',7,800.0,NULL,'05','2019','Y');
INSERT INTO conta_receber VALUES(40,'2019-05-20','2019-06-30','2019-06-15',9,150.0,NULL,'05','2019','Y');
INSERT INTO conta_receber VALUES(41,'2019-05-20','2019-06-30','2019-06-15',10,800.0,NULL,'05','2019','Y');
INSERT INTO conta_receber VALUES(42,'2019-05-20','2019-06-30','2019-06-15',4,800.0,NULL,'05','2019','Y');
INSERT INTO conta_receber VALUES(43,'2019-06-20','2019-07-31','2019-07-15',2,150.0,NULL,'06','2019','Y');
INSERT INTO conta_receber VALUES(44,'2019-06-20','2019-07-31','2019-07-15',1,800.0,NULL,'06','2019','Y');
INSERT INTO conta_receber VALUES(45,'2019-06-20','2019-07-31','2019-07-15',3,800.0,NULL,'06','2019','Y');
INSERT INTO conta_receber VALUES(46,'2019-06-20','2019-07-31','2019-07-15',5,150.0,NULL,'06','2019','Y');
INSERT INTO conta_receber VALUES(47,'2019-06-20','2019-07-31','2019-07-15',7,800.0,NULL,'06','2019','Y');
INSERT INTO conta_receber VALUES(48,'2019-06-20','2019-07-31','2019-07-15',9,150.0,NULL,'06','2019','Y');
INSERT INTO conta_receber VALUES(49,'2019-06-20','2019-07-31','2019-07-15',10,800.0,NULL,'06','2019','Y');
INSERT INTO conta_receber VALUES(50,'2019-06-20','2019-07-31','2019-07-15',4,800.0,NULL,'06','2019','Y');
INSERT INTO conta_receber VALUES(51,'2019-07-20','2019-08-31','2019-08-15',2,150.0,NULL,'07','2019','Y');
INSERT INTO conta_receber VALUES(52,'2019-07-20','2019-08-31','2019-08-15',1,800.0,NULL,'07','2019','Y');
INSERT INTO conta_receber VALUES(53,'2019-07-20','2019-08-31','2019-08-15',3,800.0,NULL,'07','2019','Y');
INSERT INTO conta_receber VALUES(54,'2019-07-20','2019-08-31','2019-08-15',5,150.0,NULL,'07','2019','Y');
INSERT INTO conta_receber VALUES(55,'2019-07-20','2019-08-31','2019-08-15',7,800.0,NULL,'07','2019','Y');
INSERT INTO conta_receber VALUES(56,'2019-07-20','2019-08-31','2019-08-15',9,150.0,NULL,'07','2019','Y');
INSERT INTO conta_receber VALUES(57,'2019-07-20','2019-08-31','2019-08-15',10,800.0,NULL,'07','2019','Y');
INSERT INTO conta_receber VALUES(58,'2019-07-20','2019-08-31','2019-08-15',4,800.0,NULL,'07','2019','Y');
INSERT INTO conta_receber VALUES(59,'2019-08-20','2019-09-30','2019-09-15',2,150.0,NULL,'08','2019','Y');
INSERT INTO conta_receber VALUES(60,'2019-08-20','2019-09-30','2019-09-15',1,800.0,NULL,'08','2019','Y');
INSERT INTO conta_receber VALUES(61,'2019-08-20','2019-09-30','2019-09-15',3,800.0,NULL,'08','2019','Y');
INSERT INTO conta_receber VALUES(62,'2019-08-20','2019-09-30','2019-09-15',5,150.0,NULL,'08','2019','Y');
INSERT INTO conta_receber VALUES(63,'2019-08-20','2019-09-30','2019-09-15',7,800.0,NULL,'08','2019','Y');
INSERT INTO conta_receber VALUES(64,'2019-08-20','2019-09-30','2019-09-15',9,150.0,NULL,'08','2019','Y');
INSERT INTO conta_receber VALUES(65,'2019-08-20','2019-09-30','2019-09-15',10,800.0,NULL,'08','2019','Y');
INSERT INTO conta_receber VALUES(66,'2019-08-20','2019-09-30','2019-09-15',4,800.0,NULL,'08','2019','Y');
INSERT INTO conta_receber VALUES(67,'2019-09-20','2019-10-31','2019-10-15',2,150.0,NULL,'09','2019','Y');
INSERT INTO conta_receber VALUES(68,'2019-09-20','2019-10-31','2019-10-15',1,800.0,NULL,'09','2019','Y');
INSERT INTO conta_receber VALUES(69,'2019-09-20','2019-10-31','2019-10-15',3,800.0,NULL,'09','2019','Y');
INSERT INTO conta_receber VALUES(70,'2019-09-20','2019-10-31','2019-10-15',5,150.0,NULL,'09','2019','Y');
INSERT INTO conta_receber VALUES(71,'2019-09-20','2019-10-31','2019-10-15',7,800.0,NULL,'09','2019','Y');
INSERT INTO conta_receber VALUES(72,'2019-09-20','2019-10-31','2019-10-15',9,150.0,NULL,'09','2019','Y');
INSERT INTO conta_receber VALUES(73,'2019-09-20','2019-10-31','2019-10-15',10,800.0,NULL,'09','2019','Y');
INSERT INTO conta_receber VALUES(74,'2019-09-20','2019-10-31','2019-10-15',4,800.0,NULL,'09','2019','Y');
INSERT INTO conta_receber VALUES(75,'2019-10-20','2019-11-30','2019-11-15',2,150.0,NULL,'10','2019','Y');
INSERT INTO conta_receber VALUES(76,'2019-10-20','2019-11-30','2019-11-15',1,800.0,NULL,'10','2019','Y');
INSERT INTO conta_receber VALUES(77,'2019-10-20','2019-11-30','2019-11-15',3,800.0,NULL,'10','2019','Y');
INSERT INTO conta_receber VALUES(78,'2019-10-20','2019-11-30','2019-11-15',5,150.0,NULL,'10','2019','Y');
INSERT INTO conta_receber VALUES(79,'2019-10-20','2019-11-30','2019-11-15',7,800.0,NULL,'10','2019','Y');
INSERT INTO conta_receber VALUES(80,'2019-10-20','2019-11-30','2019-11-15',9,150.0,NULL,'10','2019','Y');
INSERT INTO conta_receber VALUES(81,'2019-10-20','2019-11-30','2019-11-15',10,800.0,NULL,'10','2019','Y');
INSERT INTO conta_receber VALUES(82,'2019-10-20','2019-11-30','2019-11-15',4,800.0,NULL,'10','2019','Y');
INSERT INTO conta_receber VALUES(83,'2019-11-20','2019-12-31','2019-12-15',2,150.0,NULL,'11','2019','Y');
INSERT INTO conta_receber VALUES(84,'2019-11-20','2019-12-31','2019-12-15',1,800.0,NULL,'11','2019','Y');
INSERT INTO conta_receber VALUES(85,'2019-11-20','2019-12-31','2019-12-15',3,800.0,NULL,'11','2019','Y');
INSERT INTO conta_receber VALUES(86,'2019-11-20','2019-12-31','2019-12-15',5,150.0,NULL,'11','2019','Y');
INSERT INTO conta_receber VALUES(87,'2019-11-20','2019-12-31','2019-12-15',7,800.0,NULL,'11','2019','Y');
INSERT INTO conta_receber VALUES(88,'2019-11-20','2019-12-31','2019-12-15',9,150.0,NULL,'11','2019','Y');
INSERT INTO conta_receber VALUES(89,'2019-11-20','2019-12-31','2019-12-15',10,800.0,NULL,'11','2019','Y');
INSERT INTO conta_receber VALUES(90,'2019-11-20','2019-12-31','2019-12-15',4,800.0,NULL,'11','2019','Y');
INSERT INTO conta_receber VALUES(91,'2019-12-20','2020-01-31','2020-01-10',2,150.0,NULL,'12','2019','Y');
INSERT INTO conta_receber VALUES(92,'2019-12-20','2020-01-31','2020-01-10',1,800.0,NULL,'12','2019','Y');
INSERT INTO conta_receber VALUES(93,'2019-12-20','2020-01-31','2020-01-10',3,800.0,NULL,'12','2019','Y');
INSERT INTO conta_receber VALUES(94,'2019-12-20','2020-01-31','2020-01-10',5,150.0,NULL,'12','2019','Y');
INSERT INTO conta_receber VALUES(95,'2019-12-20','2020-01-31',NULL,7,800.0,NULL,'12','2019','Y');
INSERT INTO conta_receber VALUES(96,'2019-12-20','2020-01-31',NULL,9,150.0,NULL,'12','2019','Y');
INSERT INTO conta_receber VALUES(97,'2019-12-20','2020-01-31',NULL,10,800.0,NULL,'12','2019','Y');
INSERT INTO conta_receber VALUES(98,'2019-12-20','2020-01-31',NULL,4,800.0,NULL,'12','2019','Y');


CREATE TABLE fatura_conta_receber (
	id int primary key not null,
	fatura_id int references fatura(id),
	conta_receber_id int references conta_receber(id)
);
INSERT INTO fatura_conta_receber VALUES(1,1,1);
INSERT INTO fatura_conta_receber VALUES(2,2,2);
INSERT INTO fatura_conta_receber VALUES(3,3,3);
INSERT INTO fatura_conta_receber VALUES(4,4,4);
INSERT INTO fatura_conta_receber VALUES(5,5,5);
INSERT INTO fatura_conta_receber VALUES(6,6,6);
INSERT INTO fatura_conta_receber VALUES(7,7,7);
INSERT INTO fatura_conta_receber VALUES(8,8,8);
INSERT INTO fatura_conta_receber VALUES(9,9,9);
INSERT INTO fatura_conta_receber VALUES(10,10,10);
INSERT INTO fatura_conta_receber VALUES(11,11,11);
INSERT INTO fatura_conta_receber VALUES(12,12,12);
INSERT INTO fatura_conta_receber VALUES(13,13,13);
INSERT INTO fatura_conta_receber VALUES(14,14,14);
INSERT INTO fatura_conta_receber VALUES(15,15,15);
INSERT INTO fatura_conta_receber VALUES(16,16,16);
INSERT INTO fatura_conta_receber VALUES(17,17,17);
INSERT INTO fatura_conta_receber VALUES(18,18,18);
INSERT INTO fatura_conta_receber VALUES(19,19,19);
INSERT INTO fatura_conta_receber VALUES(20,20,20);
INSERT INTO fatura_conta_receber VALUES(21,21,21);
INSERT INTO fatura_conta_receber VALUES(22,22,22);
INSERT INTO fatura_conta_receber VALUES(23,23,23);
INSERT INTO fatura_conta_receber VALUES(24,24,24);
INSERT INTO fatura_conta_receber VALUES(25,25,25);
INSERT INTO fatura_conta_receber VALUES(26,26,26);
INSERT INTO fatura_conta_receber VALUES(27,27,27);
INSERT INTO fatura_conta_receber VALUES(28,28,28);
INSERT INTO fatura_conta_receber VALUES(29,29,29);
INSERT INTO fatura_conta_receber VALUES(30,30,30);
INSERT INTO fatura_conta_receber VALUES(31,31,31);
INSERT INTO fatura_conta_receber VALUES(32,32,32);
INSERT INTO fatura_conta_receber VALUES(33,33,33);
INSERT INTO fatura_conta_receber VALUES(34,34,34);
INSERT INTO fatura_conta_receber VALUES(35,35,35);
INSERT INTO fatura_conta_receber VALUES(36,36,36);
INSERT INTO fatura_conta_receber VALUES(37,37,37);
INSERT INTO fatura_conta_receber VALUES(38,38,38);
INSERT INTO fatura_conta_receber VALUES(39,39,39);
INSERT INTO fatura_conta_receber VALUES(40,40,40);
INSERT INTO fatura_conta_receber VALUES(41,41,41);
INSERT INTO fatura_conta_receber VALUES(42,42,42);
INSERT INTO fatura_conta_receber VALUES(43,43,43);
INSERT INTO fatura_conta_receber VALUES(44,44,44);
INSERT INTO fatura_conta_receber VALUES(45,45,45);
INSERT INTO fatura_conta_receber VALUES(46,46,46);
INSERT INTO fatura_conta_receber VALUES(47,47,47);
INSERT INTO fatura_conta_receber VALUES(48,48,48);
INSERT INTO fatura_conta_receber VALUES(49,49,49);
INSERT INTO fatura_conta_receber VALUES(50,50,50);
INSERT INTO fatura_conta_receber VALUES(51,51,51);
INSERT INTO fatura_conta_receber VALUES(52,52,52);
INSERT INTO fatura_conta_receber VALUES(53,53,53);
INSERT INTO fatura_conta_receber VALUES(54,54,54);
INSERT INTO fatura_conta_receber VALUES(55,55,55);
INSERT INTO fatura_conta_receber VALUES(56,56,56);
INSERT INTO fatura_conta_receber VALUES(57,57,57);
INSERT INTO fatura_conta_receber VALUES(58,58,58);
INSERT INTO fatura_conta_receber VALUES(59,59,59);
INSERT INTO fatura_conta_receber VALUES(60,60,60);
INSERT INTO fatura_conta_receber VALUES(61,61,61);
INSERT INTO fatura_conta_receber VALUES(62,62,62);
INSERT INTO fatura_conta_receber VALUES(63,63,63);
INSERT INTO fatura_conta_receber VALUES(64,64,64);
INSERT INTO fatura_conta_receber VALUES(65,65,65);
INSERT INTO fatura_conta_receber VALUES(66,66,66);
INSERT INTO fatura_conta_receber VALUES(67,67,67);
INSERT INTO fatura_conta_receber VALUES(68,68,68);
INSERT INTO fatura_conta_receber VALUES(69,69,69);
INSERT INTO fatura_conta_receber VALUES(70,70,70);
INSERT INTO fatura_conta_receber VALUES(71,71,71);
INSERT INTO fatura_conta_receber VALUES(72,72,72);
INSERT INTO fatura_conta_receber VALUES(73,73,73);
INSERT INTO fatura_conta_receber VALUES(74,74,74);
INSERT INTO fatura_conta_receber VALUES(75,75,75);
INSERT INTO fatura_conta_receber VALUES(76,76,76);
INSERT INTO fatura_conta_receber VALUES(77,77,77);
INSERT INTO fatura_conta_receber VALUES(78,78,78);
INSERT INTO fatura_conta_receber VALUES(79,79,79);
INSERT INTO fatura_conta_receber VALUES(80,80,80);
INSERT INTO fatura_conta_receber VALUES(81,81,81);
INSERT INTO fatura_conta_receber VALUES(82,82,82);
INSERT INTO fatura_conta_receber VALUES(83,83,83);
INSERT INTO fatura_conta_receber VALUES(84,84,84);
INSERT INTO fatura_conta_receber VALUES(85,85,85);
INSERT INTO fatura_conta_receber VALUES(86,86,86);
INSERT INTO fatura_conta_receber VALUES(87,87,87);
INSERT INTO fatura_conta_receber VALUES(88,88,88);
INSERT INTO fatura_conta_receber VALUES(89,89,89);
INSERT INTO fatura_conta_receber VALUES(90,90,90);
INSERT INTO fatura_conta_receber VALUES(91,91,91);
INSERT INTO fatura_conta_receber VALUES(92,92,92);
INSERT INTO fatura_conta_receber VALUES(93,93,93);
INSERT INTO fatura_conta_receber VALUES(94,94,94);
INSERT INTO fatura_conta_receber VALUES(95,95,95);
INSERT INTO fatura_conta_receber VALUES(96,96,96);
INSERT INTO fatura_conta_receber VALUES(97,97,97);
INSERT INTO fatura_conta_receber VALUES(98,98,98);

CREATE TABLE evento(
  id INTEGER PRIMARY KEY NOT NULL,
  inicio TIMESTAMP,
  fim TIMESTAMP,
  titulo TEXT,
  descricao TEXT,
  cor TEXT,
  system_user_id INTEGER NOT NULL
);

CREATE TABLE projeto_usuario (
	id integer primary key not null,
	projeto_id int references projeto(id),
	system_user_id int
);
INSERT INTO projeto_usuario VALUES(1,1,1);
INSERT INTO projeto_usuario VALUES(2,2,1);

CREATE INDEX fk_servico_tipo_servico1_idx ON servico (tipo_servico_id);
CREATE INDEX fk_pessoa_cidade_idx ON pessoa (cidade_id);
CREATE INDEX fk_pessoa_grupo1_idx ON pessoa (grupo_id);
CREATE INDEX fk_pessoa_has_papel_papel1_idx ON pessoa_papel (papel_id);
CREATE INDEX fk_pessoa_has_papel_pessoa1_idx ON pessoa_papel (pessoa_id);
CREATE INDEX fk_contrato_pessoa1_idx ON contrato (cliente_id);
CREATE INDEX fk_contrato_tipo_contrato1_idx ON contrato (tipo_contrato_id);
CREATE INDEX fk_atividade_fase1_idx ON atividade (fase_id);
CREATE INDEX fk_table1_servico1_idx ON contrato_item (servico_id);
CREATE INDEX fk_table1_contrato1_idx ON contrato_item (contrato_id);
CREATE INDEX fk_fatura_pessoa1_idx ON fatura (cliente_id);
CREATE INDEX fk_fatura_item_servico1_idx ON fatura_item (servico_id);
CREATE INDEX fk_fatura_item_fatura1_idx ON fatura_item (fatura_id);
CREATE INDEX fk_conta_receber_pessoa1_idx ON conta_receber (pessoa_id);

CREATE VIEW view_contratos AS
SELECT contrato.id as "contrato_id",
       contrato.cliente_id,
       contrato.tipo_contrato_id,
       contrato.dt_inicio,
       contrato.dt_fim,
       tipo_contrato.nome as "tipo_contrato",
       pessoa.nome as "nome_cliente",
       cidade.nome as "cidade",
       estado.uf as "uf",
       estado.nome as "nome_estado",
       grupo.nome as "nome_grupo",
       ativo as "ativo",
       (SELECT sum(total) FROM contrato_item where contrato_id = contrato.id) as "total"
  FROM contrato, tipo_contrato, pessoa, cidade, estado, grupo
 WHERE contrato.tipo_contrato_id = tipo_contrato.id
   AND contrato.cliente_id = pessoa.id
   AND pessoa.cidade_id = cidade.id
   AND cidade.estado_id = estado.id
   AND pessoa.grupo_id = grupo.id;
COMMIT;
